backend_id,scene_id,scene_type,frames,timestamp,query_keyframe,query_row,query_s_m,query_zone_type,query_headland_id,query_label_unavailable_reason,descriptor_prefilter,candidate_top_k,descriptor_database_size,ranking_observed_count,candidate_spread_coordinate_frame,backend_alignment_method,backend_alignment_p95_m,backend_alignment_max_m,entropy_mode,softmax_tau,k,topk_observed_count,requested_ranking_complete,physical_row_recall,wrong_row_fraction,wrong_row_fraction_known_rows,wrong_row_fraction_lower_bound,wrong_row_fraction_upper_bound,wrong_row_known_count,wrong_row_unknown_count,top1_wrong_row,same_row_candidate_count,longitudinal_observed_count,longitudinal_median_m,longitudinal_p95_m,pose_region_recall_1m,longitudinal_fraction_gt_1m,xy_region_recall_1m,pose_region_recall_2m,longitudinal_fraction_gt_2m,xy_region_recall_2m,pose_region_recall_5m,longitudinal_fraction_gt_5m,xy_region_recall_5m,headland_region_recall,row_entropy,effective_row_count,entropy_known_weight_fraction,spatial_xy_observed_count,centroid_x,centroid_y,mean_radius_m,p95_radius_m,max_pairwise_distance_m,s_spread_m,within_row_s_spread_max_m,known_candidate_row_count,score_margin_m12,bbs_basin_hit,bbs_observed_count,bbs_censored_count,bbs_attempted_count,bbs_observed_hit_fraction,gicp_final_success,gicp_observed_count,gicp_censored_count,gicp_attempted_count,gicp_observed_hit_fraction,offline_reference_nominal_success,final_accepted_success,acceptance_owner,selected_candidate_rank,selected_bbs_nominal_success,selected_gicp_nominal_success
fast_livo2_lio,HEADLAND_01,HEADLAND,1,1767659550.1209629,54,UNKNOWN,,UNKNOWN,,manual_topology_not_confirmed,40,10,1082,40,backend_map:fast_livo2_lio,same_bag_timestamp_se2_least_squares,0.2841928823232197,0.48486311219149847,rank_frequency,,1,1,True,,,,,,0,1,,0,0,,,,,False,,,False,,,False,,,,0.0,1,-2.216940944,4.367915138,0.0,0.0,0.0,,,0,0.00626053802364122,False,1,0,1,0.0,,0,1,0,,False,,offline_reference_tolerance,8,False,False
fast_livo2_lio,HEADLAND_01,HEADLAND,1,1767659550.1209629,54,UNKNOWN,,UNKNOWN,,manual_topology_not_confirmed,40,10,1082,40,backend_map:fast_livo2_lio,same_bag_timestamp_se2_least_squares,0.2841928823232197,0.48486311219149847,rank_frequency,,3,3,True,,,,,,0,3,,0,0,,,,,False,,,False,,,False,,,,0.0,3,-1.3734641592333334,1.7244254322999997,1.8501845950172295,2.6621511215893388,4.422900772434861,,,0,0.00626053802364122,False,3,0,3,0.0,,0,3,0,,False,,offline_reference_tolerance,8,False,False
fast_livo2_lio,HEADLAND_01,HEADLAND,1,1767659550.1209629,54,UNKNOWN,,UNKNOWN,,manual_topology_not_confirmed,40,10,1082,40,backend_map:fast_livo2_lio,same_bag_timestamp_se2_least_squares,0.2841928823232197,0.48486311219149847,rank_frequency,,5,5,True,,,,,,0,5,,0,0,,,,,False,,,False,,,False,,,,0.0,5,-1.28930822168,1.41007379458,2.0546883303839514,3.081643150598465,6.106379397446918,,,0,0.00626053802364122,False,5,0,5,0.0,,0,5,0,,False,,offline_reference_tolerance,8,False,False
fast_livo2_lio,HEADLAND_01,HEADLAND,1,1767659550.1209629,54,UNKNOWN,,UNKNOWN,,manual_topology_not_confirmed,40,10,1082,40,backend_map:fast_livo2_lio,same_bag_timestamp_se2_least_squares,0.2841928823232197,0.48486311219149847,rank_frequency,,10,10,True,,,,,,0,10,,0,0,,,,,False,,,False,,,False,,,,0.0,10,-0.30972933347,-1.0242058977800002,4.743231976523175,15.398305205566666,29.031863046048255,,,0,0.00626053802364122,False,10,0,10,0.0,,1,9,1,0.0,False,,offline_reference_tolerance,8,False,False
fast_livo2_lio,HEADLAND_01,HEADLAND,3,1767659550.1209629,54,UNKNOWN,,UNKNOWN,,manual_topology_not_confirmed,40,10,1082,40,backend_map:fast_livo2_lio,same_bag_timestamp_se2_least_squares,0.2841928823232197,0.48486311219149847,rank_frequency,,1,1,True,,,,,,0,1,,0,0,,,,,False,,,True,,,True,,,,0.0,1,25.52989575,7.94886016,0.0,0.0,0.0,,,0,0.012835920667588362,False,1,0,1,0.0,,0,1,0,,False,,offline_reference_tolerance,10,False,False
fast_livo2_lio,HEADLAND_01,HEADLAND,3,1767659550.1209629,54,UNKNOWN,,UNKNOWN,,manual_topology_not_confirmed,40,10,1082,40,backend_map:fast_livo2_lio,same_bag_timestamp_se2_least_squares,0.2841928823232197,0.48486311219149847,rank_frequency,,3,3,True,,,,,,0,3,,0,0,,,,,False,,,True,,,True,,,,0.0,3,21.752518300000002,9.021561931333332,3.483345958002467,3.916742264953689,7.270203951839042,,,0,0.012835920667588362,False,3,0,3,0.0,,0,3,0,,False,,offline_reference_tolerance,10,False,False
fast_livo2_lio,HEADLAND_01,HEADLAND,3,1767659550.1209629,54,UNKNOWN,,UNKNOWN,,manual_topology_not_confirmed,40,10,1082,40,backend_map:fast_livo2_lio,same_bag_timestamp_se2_least_squares,0.2841928823232197,0.48486311219149847,rank_frequency,,5,5,True,,,,,,0,5,,0,0,,,,,False,,,True,,,True,,,,0.0,5,20.671419266,10.081448782999999,4.151954213452083,5.876745263238353,9.659406849611635,,,0,0.012835920667588362,True,5,0,5,0.2,,0,5,0,,False,,offline_reference_tolerance,10,False,False
fast_livo2_lio,HEADLAND_01,HEADLAND,3,1767659550.1209629,54,UNKNOWN,,UNKNOWN,,manual_topology_not_confirmed,40,10,1082,40,backend_map:fast_livo2_lio,same_bag_timestamp_se2_least_squares,0.2841928823232197,0.48486311219149847,rank_frequency,,10,10,True,,,,,,0,10,,0,0,,,,,False,,,True,,,True,,,,0.0,10,18.493604947100003,8.619255935199998,4.977573842234941,9.276613052106695,16.95053653184995,,,0,0.012835920667588362,True,10,0,10,0.1,,1,9,1,0.0,False,,offline_reference_tolerance,10,False,False
fast_livo2_lio,HEADLAND_01,HEADLAND,5,1767659550.1209629,54,UNKNOWN,,UNKNOWN,,manual_topology_not_confirmed,40,10,1082,40,backend_map:fast_livo2_lio,same_bag_timestamp_se2_least_squares,0.2841928823232197,0.48486311219149847,rank_frequency,,1,1,True,,,,,,0,1,,0,0,,,,,False,,,False,,,True,,,,0.0,1,21.44833675,11.70086771,0.0,0.0,0.0,,,0,0.008773742444696577,False,1,0,1,0.0,,0,1,0,,True,,offline_reference_tolerance,2,True,True
fast_livo2_lio,HEADLAND_01,HEADLAND,5,1767659550.1209629,54,UNKNOWN,,UNKNOWN,,manual_topology_not_confirmed,40,10,1082,40,backend_map:fast_livo2_lio,same_bag_timestamp_se2_least_squares,0.2841928823232197,0.48486311219149847,rank_frequency,,3,3,True,,,,,,0,3,,0,0,,,,,False,,,False,,,True,,,,0.0,3,19.849292726666665,11.681141943666667,3.6437609430343336,4.849497724339402,9.20550875717112,,,0,0.008773742444696577,True,3,0,3,0.3333333333333333,True,1,2,1,1.0,True,,offline_reference_tolerance,2,True,True
fast_livo2_lio,HEADLAND_01,HEADLAND,5,1767659550.1209629,54,UNKNOWN,,UNKNOWN,,manual_topology_not_confirmed,40,10,1082,40,backend_map:fast_livo2_lio,same_bag_timestamp_se2_least_squares,0.2841928823232197,0.48486311219149847,rank_frequency,,5,5,True,,,,,,0,5,,0,0,,,,,False,,,False,,,True,,,,0.0,5,17.5910819682,9.3181367468,5.271688410697857,9.575573138229482,16.674829177540065,,,0,0.008773742444696577,True,5,0,5,0.2,True,1,4,1,1.0,True,,offline_reference_tolerance,2,True,True
fast_livo2_lio,HEADLAND_01,HEADLAND,5,1767659550.1209629,54,UNKNOWN,,UNKNOWN,,manual_topology_not_confirmed,40,10,1082,40,backend_map:fast_livo2_lio,same_bag_timestamp_se2_least_squares,0.2841928823232197,0.48486311219149847,rank_frequency,,10,10,True,,,,,,0,10,,0,0,,,,,False,,,False,,,True,,,,0.0,10,15.6224227949,7.67973860859,6.050678242043435,12.746531169360635,23.90696993150115,,,0,0.008773742444696577,True,10,0,10,0.1,True,1,9,1,1.0,True,,offline_reference_tolerance,2,True,True
fast_livo2_lio,MIDDLE_01,ROW_MIDDLE,1,1767659531.1461039,22,UNKNOWN,,UNKNOWN,,manual_topology_not_confirmed,40,10,1082,40,backend_map:fast_livo2_lio,same_bag_timestamp_se2_least_squares,0.2841928823232197,0.48486311219149847,rank_frequency,,1,1,True,,,,,,0,1,,0,0,,,,,False,,,False,,,False,,,,0.0,1,1.992426258,0.7567987819,0.0,0.0,0.0,,,0,0.0013532402956529892,False,1,0,1,0.0,,0,1,0,,False,,offline_reference_tolerance,10,False,False
fast_livo2_lio,MIDDLE_01,ROW_MIDDLE,1,1767659531.1461039,22,UNKNOWN,,UNKNOWN,,manual_topology_not_confirmed,40,10,1082,40,backend_map:fast_livo2_lio,same_bag_timestamp_se2_least_squares,0.2841928823232197,0.48486311219149847,rank_frequency,,3,3,True,,,,,,0,3,,0,0,,,,,False,,,True,,,True,,,,0.0,3,7.748581366333333,3.1288006813,4.151238237216925,6.076247076836753,10.956322540371465,,,0,0.0013532402956529892,False,3,0,3,0.0,,0,3,0,,False,,offline_reference_tolerance,10,False,False
fast_livo2_lio,MIDDLE_01,ROW_MIDDLE,1,1767659531.1461039,22,UNKNOWN,,UNKNOWN,,manual_topology_not_confirmed,40,10,1082,40,backend_map:fast_livo2_lio,same_bag_timestamp_se2_least_squares,0.2841928823232197,0.48486311219149847,rank_frequency,,5,5,True,,,,,,0,5,,0,0,,,,,False,,,True,,,True,,,,0.0,5,12.475302883800001,5.04467155838,6.121026452221159,10.64954936971784,19.26997452283918,,,0,0.0013532402956529892,False,5,0,5,0.0,,0,5,0,,False,,offline_reference_tolerance,10,False,False
fast_livo2_lio,MIDDLE_01,ROW_MIDDLE,1,1767659531.1461039,22,UNKNOWN,,UNKNOWN,,manual_topology_not_confirmed,40,10,1082,40,backend_map:fast_livo2_lio,same_bag_timestamp_se2_least_squares,0.2841928823232197,0.48486311219149847,rank_frequency,,10,10,True,,,,,,0,10,,0,0,,,,,False,,,True,,,True,,,,0.0,10,10.4324460795,4.24316600369,6.901456204917769,10.422596466991621,19.786803067249206,,,0,0.0013532402956529892,False,10,0,10,0.0,,1,9,1,0.0,False,,offline_reference_tolerance,10,False,False
fast_livo2_lio,MIDDLE_01,ROW_MIDDLE,3,1767659531.1461039,22,UNKNOWN,,UNKNOWN,,manual_topology_not_confirmed,40,10,1082,40,backend_map:fast_livo2_lio,same_bag_timestamp_se2_least_squares,0.2841928823232197,0.48486311219149847,rank_frequency,,1,1,True,,,,,,0,1,,0,0,,,,,False,,,True,,,True,,,,0.0,1,12.14943041,4.864872572,0.0,0.0,0.0,,,0,0.0014120121850877876,False,1,0,1,0.0,,0,1,0,,False,,offline_reference_tolerance,10,False,False
fast_livo2_lio,MIDDLE_01,ROW_MIDDLE,3,1767659531.1461039,22,UNKNOWN,,UNKNOWN,,manual_topology_not_confirmed,40,10,1082,40,backend_map:fast_livo2_lio,same_bag_timestamp_se2_least_squares,0.2841928823232197,0.48486311219149847,rank_frequency,,3,3,True,,,,,,0,3,,0,0,,,,,False,,,True,,,True,,,,0.0,3,11.148500299333334,4.468066188966667,6.586435497979565,9.77196749380329,18.682588890773747,,,0,0.0014120121850877876,False,3,0,3,0.0,,0,3,0,,False,,offline_reference_tolerance,10,False,False
fast_livo2_lio,MIDDLE_01,ROW_MIDDLE,3,1767659531.1461039,22,UNKNOWN,,UNKNOWN,,manual_topology_not_confirmed,40,10,1082,40,backend_map:fast_livo2_lio,same_bag_timestamp_se2_least_squares,0.2841928823232197,0.48486311219149847,rank_frequency,,5,5,True,,,,,,0,5,,0,0,,,,,False,,,True,,,True,,,,0.0,5,12.4753028838,5.04467155838,6.121026452221158,10.649549369717839,19.26997452283918,,,0,0.0014120121850877876,False,5,0,5,0.0,,0,5,0,,False,,offline_reference_tolerance,10,False,False
fast_livo2_lio,MIDDLE_01,ROW_MIDDLE,3,1767659531.1461039,22,UNKNOWN,,UNKNOWN,,manual_topology_not_confirmed,40,10,1082,40,backend_map:fast_livo2_lio,same_bag_timestamp_se2_least_squares,0.2841928823232197,0.48486311219149847,rank_frequency,,10,10,True,,,,,,0,10,,0,0,,,,,False,,,True,,,True,,,,0.0,10,10.534982887899998,4.29751970509,6.78616635977937,10.307158104033377,19.786803067249206,,,0,0.0014120121850877876,True,10,0,10,0.1,,1,9,1,0.0,False,,offline_reference_tolerance,10,False,False
fast_livo2_lio,MIDDLE_01,ROW_MIDDLE,5,1767659531.1461039,22,UNKNOWN,,UNKNOWN,,manual_topology_not_confirmed,40,10,1082,40,backend_map:fast_livo2_lio,same_bag_timestamp_se2_least_squares,0.2841928823232197,0.48486311219149847,rank_frequency,,1,1,True,,,,,,0,1,,0,0,,,,,False,,,True,,,True,,,,0.0,1,12.14943041,4.864872572,0.0,0.0,0.0,,,0,0.0048534321620164285,False,1,0,1,0.0,,0,1,0,,False,,offline_reference_tolerance,10,False,False
fast_livo2_lio,MIDDLE_01,ROW_MIDDLE,5,1767659531.1461039,22,UNKNOWN,,UNKNOWN,,manual_topology_not_confirmed,40,10,1082,40,backend_map:fast_livo2_lio,same_bag_timestamp_se2_least_squares,0.2841928823232197,0.48486311219149847,rank_frequency,,3,3,True,,,,,,0,3,,0,0,,,,,False,,,True,,,True,,,,0.0,3,11.148500299333334,4.468066188966667,6.586435497979565,9.77196749380329,18.682588890773747,,,0,0.0048534321620164285,False,3,0,3,0.0,,0,3,0,,False,,offline_reference_tolerance,10,False,False
fast_livo2_lio,MIDDLE_01,ROW_MIDDLE,5,1767659531.1461039,22,UNKNOWN,,UNKNOWN,,manual_topology_not_confirmed,40,10,1082,40,backend_map:fast_livo2_lio,same_bag_timestamp_se2_least_squares,0.2841928823232197,0.48486311219149847,rank_frequency,,5,5,True,,,,,,0,5,,0,0,,,,,False,,,True,,,True,,,,0.0,5,12.4753028838,5.04467155838,6.121026452221158,10.649549369717839,19.26997452283918,,,0,0.0048534321620164285,False,5,0,5,0.0,,0,5,0,,False,,offline_reference_tolerance,10,False,False
fast_livo2_lio,MIDDLE_01,ROW_MIDDLE,5,1767659531.1461039,22,UNKNOWN,,UNKNOWN,,manual_topology_not_confirmed,40,10,1082,40,backend_map:fast_livo2_lio,same_bag_timestamp_se2_least_squares,0.2841928823232197,0.48486311219149847,rank_frequency,,10,10,True,,,,,,0,10,,0,0,,,,,False,,,True,,,True,,,,0.0,10,10.591076038299999,4.32363701789,6.724381346362321,10.245366295240492,19.786803067249206,,,0,0.0048534321620164285,False,10,0,10,0.0,,1,9,1,0.0,False,,offline_reference_tolerance,10,False,False
point_lio,HEADLAND_01,HEADLAND,1,1767659550.1024132,55,UNKNOWN,,UNKNOWN,,manual_topology_not_confirmed,40,10,1100,40,backend_map:point_lio,canonical_backend,,,rank_frequency,,1,1,True,,,,,,0,1,,0,0,,,,,False,,,False,,,False,,,,0.0,1,-1.0152588,0.5651805367,0.0,0.0,0.0,,,0,0.0009260878483976136,False,1,0,1,0.0,,0,1,0,,False,,offline_reference_tolerance,10,False,False
point_lio,HEADLAND_01,HEADLAND,1,1767659550.1024132,55,UNKNOWN,,UNKNOWN,,manual_topology_not_confirmed,40,10,1100,40,backend_map:point_lio,canonical_backend,,,rank_frequency,,3,3,True,,,,,,0,3,,0,0,,,,,False,,,False,,,False,,,,0.0,3,-1.3235654373999999,1.5972751114466666,1.7971746072022754,2.5877906246691826,4.314205164371048,,,0,0.0009260878483976136,False,3,0,3,0.0,,0,3,0,,False,,offline_reference_tolerance,10,False,False
point_lio,HEADLAND_01,HEADLAND,1,1767659550.1024132,55,UNKNOWN,,UNKNOWN,,manual_topology_not_confirmed,40,10,1100,40,backend_map:point_lio,canonical_backend,,,rank_frequency,,5,5,True,,,,,,0,5,,0,0,,,,,False,,,False,,,False,,,,0.0,5,-0.9967042453999999,0.6895467465079999,1.466928841622844,3.2721213636854753,5.38013878939979,,,0,0.0009260878483976136,False,5,0,5,0.0,,0,5,0,,False,,offline_reference_tolerance,10,False,False
point_lio,HEADLAND_01,HEADLAND,1,1767659550.1024132,55,UNKNOWN,,UNKNOWN,,manual_topology_not_confirmed,40,10,1100,40,backend_map:point_lio,canonical_backend,,,rank_frequency,,10,10,True,,,,,,0,10,,0,0,,,,,True,,,True,,,True,,,,0.0,10,1.6195871724358,1.4808416979539998,5.676203380721721,15.751124852108623,28.055956014028578,,,0,0.0009260878483976136,False,10,0,10,0.0,,1,9,1,0.0,False,,offline_reference_tolerance,10,False,False
point_lio,HEADLAND_01,HEADLAND,3,1767659550.1024132,55,UNKNOWN,,UNKNOWN,,manual_topology_not_confirmed,40,10,1100,40,backend_map:point_lio,canonical_backend,,,rank_frequency,,1,1,True,,,,,,0,1,,0,0,,,,,False,,,True,,,True,,,,0.0,1,25.52968911,7.899437445,0.0,0.0,0.0,,,0,0.020377204800007428,False,1,0,1,0.0,False,1,0,1,0.0,False,,offline_reference_tolerance,1,False,False
point_lio,HEADLAND_01,HEADLAND,3,1767659550.1024132,55,UNKNOWN,,UNKNOWN,,manual_topology_not_confirmed,40,10,1100,40,backend_map:point_lio,canonical_backend,,,rank_frequency,,3,3,True,,,,,,0,3,,0,0,,,,,False,,,True,,,True,,,,0.0,3,17.780060566666666,8.116144418,5.169967869027869,7.389596073329962,11.873293889638113,,,0,0.020377204800007428,False,3,0,3,0.0,,1,2,1,0.0,False,,offline_reference_tolerance,1,False,False
point_lio,HEADLAND_01,HEADLAND,3,1767659550.1024132,55,UNKNOWN,,UNKNOWN,,manual_topology_not_confirmed,40,10,1100,40,backend_map:point_lio,canonical_backend,,,rank_frequency,,5,5,True,,,,,,0,5,,0,0,,,,,False,,,True,,,True,,,,0.0,5,19.24390081,9.5274245988,4.7169808787185925,6.347704764703047,11.873293889638113,,,0,0.020377204800007428,False,5,0,5,0.0,,1,4,1,0.0,False,,offline_reference_tolerance,1,False,False
point_lio,HEADLAND_01,HEADLAND,3,1767659550.1024132,55,UNKNOWN,,UNKNOWN,,manual_topology_not_confirmed,40,10,1100,40,backend_map:point_lio,canonical_backend,,,rank_frequency,,10,10,True,,,,,,0,10,,0,0,,,,,False,,,True,,,True,,,,0.0,10,19.684510844000002,9.1484687143,3.986547980681567,6.054214968473508,11.873293889638113,,,0,0.020377204800007428,False,10,0,10,0.0,,1,9,1,0.0,False,,offline_reference_tolerance,1,False,False
point_lio,HEADLAND_01,HEADLAND,5,1767659550.1024132,55,UNKNOWN,,UNKNOWN,,manual_topology_not_confirmed,40,10,1100,40,backend_map:point_lio,canonical_backend,,,rank_frequency,,1,1,True,,,,,,0,1,,0,0,,,,,False,,,False,,,False,,,,0.0,1,14.15243282,8.350750408,0.0,0.0,0.0,,,0,0.015905502895186566,False,1,0,1,0.0,,0,1,0,,False,,offline_reference_tolerance,7,False,False
point_lio,HEADLAND_01,HEADLAND,5,1767659550.1024132,55,UNKNOWN,,UNKNOWN,,manual_topology_not_confirmed,40,10,1100,40,backend_map:point_lio,canonical_backend,,,rank_frequency,,3,3,True,,,,,,0,3,,0,0,,,,,False,,,False,,,False,,,,0.0,3,17.753701876666668,8.036925302666667,2.4134196563755377,3.456796647695737,5.6457017671583625,,,0,0.015905502895186566,False,3,0,3,0.0,,0,3,0,,False,,offline_reference_tolerance,7,False,False
point_lio,HEADLAND_01,HEADLAND,5,1767659550.1024132,55,UNKNOWN,,UNKNOWN,,manual_topology_not_confirmed,40,10,1100,40,backend_map:point_lio,canonical_backend,,,rank_frequency,,5,5,True,,,,,,0,5,,0,0,,,,,False,,,False,,,True,,,,0.0,5,17.65874332,8.7512162378,3.2850292426705026,4.530850553880929,8.452133535375756,,,0,0.015905502895186566,False,5,0,5,0.0,,0,5,0,,False,,offline_reference_tolerance,7,False,False
point_lio,HEADLAND_01,HEADLAND,5,1767659550.1024132,55,UNKNOWN,,UNKNOWN,,manual_topology_not_confirmed,40,10,1100,40,backend_map:point_lio,canonical_backend,,,rank_frequency,,10,10,True,,,,,,0,10,,0,0,,,,,False,,,True,,,True,,,,0.0,10,18.641818640000004,9.1826776224,3.664465789547738,5.804486742219762,11.095665045647902,,,0,0.015905502895186566,False,10,0,10,0.0,,1,9,1,0.0,False,,offline_reference_tolerance,7,False,False
point_lio,MIDDLE_01,ROW_MIDDLE,1,1767659531.4044387,23,UNKNOWN,,UNKNOWN,,manual_topology_not_confirmed,40,10,1100,40,backend_map:point_lio,canonical_backend,,,rank_frequency,,1,1,True,,,,,,0,1,,0,0,,,,,False,,,False,,,True,,,,0.0,1,8.003595777,3.353838964,0.0,0.0,0.0,,,0,0.01006491466508023,False,1,0,1,0.0,,0,1,0,,True,,offline_reference_tolerance,6,False,True
point_lio,MIDDLE_01,ROW_MIDDLE,1,1767659531.4044387,23,UNKNOWN,,UNKNOWN,,manual_topology_not_confirmed,40,10,1100,40,backend_map:point_lio,canonical_backend,,,rank_frequency,,3,3,True,,,,,,0,3,,0,0,,,,,False,,,True,,,True,,,,0.0,3,6.527954993000001,2.6814562597999996,3.221690066220649,4.670021827328438,8.043284090742272,,,0,0.01006491466508023,True,3,0,3,0.3333333333333333,,0,3,0,,True,,offline_reference_tolerance,6,False,True
point_lio,MIDDLE_01,ROW_MIDDLE,1,1767659531.4044387,23,UNKNOWN,,UNKNOWN,,manual_topology_not_confirmed,40,10,1100,40,backend_map:point_lio,canonical_backend,,,rank_frequency,,5,5,True,,,,,,0,5,,0,0,,,,,False,,,True,,,True,,,,0.0,5,10.4620285878,4.25198696408,5.083600826264833,10.264618017139146,19.63127106862722,,,0,0.01006491466508023,True,5,0,5,0.2,,0,5,0,,True,,offline_reference_tolerance,6,False,True
point_lio,MIDDLE_01,ROW_MIDDLE,1,1767659531.4044387,23,UNKNOWN,,UNKNOWN,,manual_topology_not_confirmed,40,10,1100,40,backend_map:point_lio,canonical_backend,,,rank_frequency,,10,10,True,,,,,,0,10,,0,0,,,,,False,,,True,,,True,,,,0.0,10,11.7786778086,4.774939317439999,7.260743461952411,10.236127355979894,20.166904243984266,,,0,0.01006491466508023,True,10,0,10,0.1,True,1,9,1,1.0,True,,offline_reference_tolerance,6,False,True
point_lio,MIDDLE_01,ROW_MIDDLE,3,1767659531.4044387,23,UNKNOWN,,UNKNOWN,,manual_topology_not_confirmed,40,10,1100,40,backend_map:point_lio,canonical_backend,,,rank_frequency,,1,1,True,,,,,,0,1,,0,0,,,,,False,,,False,,,False,,,,0.0,1,2.078571014,0.7967493344,0.0,0.0,0.0,,,0,0.0019353238163375222,False,1,0,1,0.0,,0,1,0,,True,,offline_reference_tolerance,7,True,True
point_lio,MIDDLE_01,ROW_MIDDLE,3,1767659531.4044387,23,UNKNOWN,,UNKNOWN,,manual_topology_not_confirmed,40,10,1100,40,backend_map:point_lio,canonical_backend,,,rank_frequency,,3,3,True,,,,,,0,3,,0,0,,,,,False,,,False,,,False,,,,0.0,3,13.888005468000001,5.583948259466666,8.495252080521043,12.157402670519048,19.63127106862722,,,0,0.0019353238163375222,False,3,0,3,0.0,,0,3,0,,True,,offline_reference_tolerance,7,True,True
point_lio,MIDDLE_01,ROW_MIDDLE,3,1767659531.4044387,23,UNKNOWN,,UNKNOWN,,manual_topology_not_confirmed,40,10,1100,40,backend_map:point_lio,canonical_backend,,,rank_frequency,,5,5,True,,,,,,0,5,,0,0,,,,,False,,,True,,,True,,,,0.0,5,14.782704356800002,5.954468175080001,6.48444737606019,12.15297701842624,19.63127106862722,,,0,0.0019353238163375222,False,5,0,5,0.0,,0,5,0,,True,,offline_reference_tolerance,7,True,True
point_lio,MIDDLE_01,ROW_MIDDLE,3,1767659531.4044387,23,UNKNOWN,,UNKNOWN,,manual_topology_not_confirmed,40,10,1100,40,backend_map:point_lio,canonical_backend,,,rank_frequency,,10,10,True,,,,,,0,10,,0,0,,,,,False,,,True,,,True,,,,0.0,10,13.869491754800004,5.87260333984,5.701797071494185,12.353878895984545,20.166904243984266,,,0,0.0019353238163375222,True,10,0,10,0.1,True,1,9,1,1.0,True,,offline_reference_tolerance,7,True,True
point_lio,MIDDLE_01,ROW_MIDDLE,5,1767659531.4044387,23,UNKNOWN,,UNKNOWN,,manual_topology_not_confirmed,40,10,1100,40,backend_map:point_lio,canonical_backend,,,rank_frequency,,1,1,True,,,,,,0,1,,0,0,,,,,False,,,False,,,False,,,,0.0,1,2.078571014,0.7967493344,0.0,0.0,0.0,,,0,0.0025919064560215367,False,1,0,1,0.0,,0,1,0,,True,,offline_reference_tolerance,8,True,True
point_lio,MIDDLE_01,ROW_MIDDLE,5,1767659531.4044387,23,UNKNOWN,,UNKNOWN,,manual_topology_not_confirmed,40,10,1100,40,backend_map:point_lio,canonical_backend,,,rank_frequency,,3,3,True,,,,,,0,3,,0,0,,,,,False,,,False,,,False,,,,0.0,3,13.888005468000001,5.583948259466666,8.495252080521043,12.157402670519048,19.63127106862722,,,0,0.0025919064560215367,False,3,0,3,0.0,,0,3,0,,True,,offline_reference_tolerance,8,True,True
point_lio,MIDDLE_01,ROW_MIDDLE,5,1767659531.4044387,23,UNKNOWN,,UNKNOWN,,manual_topology_not_confirmed,40,10,1100,40,backend_map:point_lio,canonical_backend,,,rank_frequency,,5,5,True,,,,,,0,5,,0,0,,,,,False,,,True,,,True,,,,0.0,5,14.782704356800002,5.954468175080001,6.48444737606019,12.15297701842624,19.63127106862722,,,0,0.0025919064560215367,False,5,0,5,0.0,,0,5,0,,True,,offline_reference_tolerance,8,True,True
point_lio,MIDDLE_01,ROW_MIDDLE,5,1767659531.4044387,23,UNKNOWN,,UNKNOWN,,manual_topology_not_confirmed,40,10,1100,40,backend_map:point_lio,canonical_backend,,,rank_frequency,,10,10,True,,,,,,0,10,,0,0,,,,,False,,,True,,,True,,,,0.0,10,14.879167063800002,5.73688182504,6.499972605818383,13.23911834616427,23.54231828943905,,,0,0.0025919064560215367,True,10,0,10,0.1,True,1,9,1,1.0,True,,offline_reference_tolerance,8,True,True
