backend_id,frames,scene_type,k,metric,query_count,observed_query_count,unavailable_query_count,observed_scene_count,scene_weighted_mean,query_median,query_p95,ci95_lower,ci95_upper
fast_livo2_lio,1,HEADLAND,1,physical_row_recall,1,0,1,0,,,,,
fast_livo2_lio,1,HEADLAND,1,pose_region_recall_1m,1,0,1,0,,,,,
fast_livo2_lio,1,HEADLAND,1,pose_region_recall_2m,1,0,1,0,,,,,
fast_livo2_lio,1,HEADLAND,1,pose_region_recall_5m,1,0,1,0,,,,,
fast_livo2_lio,1,HEADLAND,1,headland_region_recall,1,0,1,0,,,,,
fast_livo2_lio,1,HEADLAND,1,xy_region_recall_1m,1,1,0,1,0.0,0.0,0.0,,
fast_livo2_lio,1,HEADLAND,1,xy_region_recall_2m,1,1,0,1,0.0,0.0,0.0,,
fast_livo2_lio,1,HEADLAND,1,xy_region_recall_5m,1,1,0,1,0.0,0.0,0.0,,
fast_livo2_lio,1,HEADLAND,1,bbs_basin_hit,1,1,0,1,0.0,0.0,0.0,,
fast_livo2_lio,1,HEADLAND,1,gicp_final_success,1,0,1,0,,,,,
fast_livo2_lio,1,HEADLAND,1,selected_bbs_nominal_success,1,1,0,1,0.0,0.0,0.0,,
fast_livo2_lio,1,HEADLAND,1,selected_gicp_nominal_success,1,1,0,1,0.0,0.0,0.0,,
fast_livo2_lio,1,HEADLAND,1,offline_reference_nominal_success,1,1,0,1,0.0,0.0,0.0,,
fast_livo2_lio,1,HEADLAND,1,final_accepted_success,1,0,1,0,,,,,
fast_livo2_lio,1,HEADLAND,1,bbs_attempted_count,1,1,0,1,1.0,1.0,1.0,,
fast_livo2_lio,1,HEADLAND,1,bbs_observed_count,1,1,0,1,1.0,1.0,1.0,,
fast_livo2_lio,1,HEADLAND,1,bbs_censored_count,1,1,0,1,0.0,0.0,0.0,,
fast_livo2_lio,1,HEADLAND,1,gicp_attempted_count,1,1,0,1,0.0,0.0,0.0,,
fast_livo2_lio,1,HEADLAND,1,gicp_observed_count,1,1,0,1,0.0,0.0,0.0,,
fast_livo2_lio,1,HEADLAND,1,gicp_censored_count,1,1,0,1,1.0,1.0,1.0,,
fast_livo2_lio,1,HEADLAND,3,physical_row_recall,1,0,1,0,,,,,
fast_livo2_lio,1,HEADLAND,3,pose_region_recall_1m,1,0,1,0,,,,,
fast_livo2_lio,1,HEADLAND,3,pose_region_recall_2m,1,0,1,0,,,,,
fast_livo2_lio,1,HEADLAND,3,pose_region_recall_5m,1,0,1,0,,,,,
fast_livo2_lio,1,HEADLAND,3,headland_region_recall,1,0,1,0,,,,,
fast_livo2_lio,1,HEADLAND,3,xy_region_recall_1m,1,1,0,1,0.0,0.0,0.0,,
fast_livo2_lio,1,HEADLAND,3,xy_region_recall_2m,1,1,0,1,0.0,0.0,0.0,,
fast_livo2_lio,1,HEADLAND,3,xy_region_recall_5m,1,1,0,1,0.0,0.0,0.0,,
fast_livo2_lio,1,HEADLAND,3,bbs_basin_hit,1,1,0,1,0.0,0.0,0.0,,
fast_livo2_lio,1,HEADLAND,3,gicp_final_success,1,0,1,0,,,,,
fast_livo2_lio,1,HEADLAND,3,selected_bbs_nominal_success,1,1,0,1,0.0,0.0,0.0,,
fast_livo2_lio,1,HEADLAND,3,selected_gicp_nominal_success,1,1,0,1,0.0,0.0,0.0,,
fast_livo2_lio,1,HEADLAND,3,offline_reference_nominal_success,1,1,0,1,0.0,0.0,0.0,,
fast_livo2_lio,1,HEADLAND,3,final_accepted_success,1,0,1,0,,,,,
fast_livo2_lio,1,HEADLAND,3,bbs_attempted_count,1,1,0,1,3.0,3.0,3.0,,
fast_livo2_lio,1,HEADLAND,3,bbs_observed_count,1,1,0,1,3.0,3.0,3.0,,
fast_livo2_lio,1,HEADLAND,3,bbs_censored_count,1,1,0,1,0.0,0.0,0.0,,
fast_livo2_lio,1,HEADLAND,3,gicp_attempted_count,1,1,0,1,0.0,0.0,0.0,,
fast_livo2_lio,1,HEADLAND,3,gicp_observed_count,1,1,0,1,0.0,0.0,0.0,,
fast_livo2_lio,1,HEADLAND,3,gicp_censored_count,1,1,0,1,3.0,3.0,3.0,,
fast_livo2_lio,1,HEADLAND,5,physical_row_recall,1,0,1,0,,,,,
fast_livo2_lio,1,HEADLAND,5,pose_region_recall_1m,1,0,1,0,,,,,
fast_livo2_lio,1,HEADLAND,5,pose_region_recall_2m,1,0,1,0,,,,,
fast_livo2_lio,1,HEADLAND,5,pose_region_recall_5m,1,0,1,0,,,,,
fast_livo2_lio,1,HEADLAND,5,headland_region_recall,1,0,1,0,,,,,
fast_livo2_lio,1,HEADLAND,5,xy_region_recall_1m,1,1,0,1,0.0,0.0,0.0,,
fast_livo2_lio,1,HEADLAND,5,xy_region_recall_2m,1,1,0,1,0.0,0.0,0.0,,
fast_livo2_lio,1,HEADLAND,5,xy_region_recall_5m,1,1,0,1,0.0,0.0,0.0,,
fast_livo2_lio,1,HEADLAND,5,bbs_basin_hit,1,1,0,1,0.0,0.0,0.0,,
fast_livo2_lio,1,HEADLAND,5,gicp_final_success,1,0,1,0,,,,,
fast_livo2_lio,1,HEADLAND,5,selected_bbs_nominal_success,1,1,0,1,0.0,0.0,0.0,,
fast_livo2_lio,1,HEADLAND,5,selected_gicp_nominal_success,1,1,0,1,0.0,0.0,0.0,,
fast_livo2_lio,1,HEADLAND,5,offline_reference_nominal_success,1,1,0,1,0.0,0.0,0.0,,
fast_livo2_lio,1,HEADLAND,5,final_accepted_success,1,0,1,0,,,,,
fast_livo2_lio,1,HEADLAND,5,bbs_attempted_count,1,1,0,1,5.0,5.0,5.0,,
fast_livo2_lio,1,HEADLAND,5,bbs_observed_count,1,1,0,1,5.0,5.0,5.0,,
fast_livo2_lio,1,HEADLAND,5,bbs_censored_count,1,1,0,1,0.0,0.0,0.0,,
fast_livo2_lio,1,HEADLAND,5,gicp_attempted_count,1,1,0,1,0.0,0.0,0.0,,
fast_livo2_lio,1,HEADLAND,5,gicp_observed_count,1,1,0,1,0.0,0.0,0.0,,
fast_livo2_lio,1,HEADLAND,5,gicp_censored_count,1,1,0,1,5.0,5.0,5.0,,
fast_livo2_lio,1,HEADLAND,10,physical_row_recall,1,0,1,0,,,,,
fast_livo2_lio,1,HEADLAND,10,pose_region_recall_1m,1,0,1,0,,,,,
fast_livo2_lio,1,HEADLAND,10,pose_region_recall_2m,1,0,1,0,,,,,
fast_livo2_lio,1,HEADLAND,10,pose_region_recall_5m,1,0,1,0,,,,,
fast_livo2_lio,1,HEADLAND,10,headland_region_recall,1,0,1,0,,,,,
fast_livo2_lio,1,HEADLAND,10,xy_region_recall_1m,1,1,0,1,0.0,0.0,0.0,,
fast_livo2_lio,1,HEADLAND,10,xy_region_recall_2m,1,1,0,1,0.0,0.0,0.0,,
fast_livo2_lio,1,HEADLAND,10,xy_region_recall_5m,1,1,0,1,0.0,0.0,0.0,,
fast_livo2_lio,1,HEADLAND,10,bbs_basin_hit,1,1,0,1,0.0,0.0,0.0,,
fast_livo2_lio,1,HEADLAND,10,gicp_final_success,1,0,1,0,,,,,
fast_livo2_lio,1,HEADLAND,10,selected_bbs_nominal_success,1,1,0,1,0.0,0.0,0.0,,
fast_livo2_lio,1,HEADLAND,10,selected_gicp_nominal_success,1,1,0,1,0.0,0.0,0.0,,
fast_livo2_lio,1,HEADLAND,10,offline_reference_nominal_success,1,1,0,1,0.0,0.0,0.0,,
fast_livo2_lio,1,HEADLAND,10,final_accepted_success,1,0,1,0,,,,,
fast_livo2_lio,1,HEADLAND,10,bbs_attempted_count,1,1,0,1,10.0,10.0,10.0,,
fast_livo2_lio,1,HEADLAND,10,bbs_observed_count,1,1,0,1,10.0,10.0,10.0,,
fast_livo2_lio,1,HEADLAND,10,bbs_censored_count,1,1,0,1,0.0,0.0,0.0,,
fast_livo2_lio,1,HEADLAND,10,gicp_attempted_count,1,1,0,1,1.0,1.0,1.0,,
fast_livo2_lio,1,HEADLAND,10,gicp_observed_count,1,1,0,1,1.0,1.0,1.0,,
fast_livo2_lio,1,HEADLAND,10,gicp_censored_count,1,1,0,1,9.0,9.0,9.0,,
fast_livo2_lio,1,ROW_MIDDLE,1,physical_row_recall,1,0,1,0,,,,,
fast_livo2_lio,1,ROW_MIDDLE,1,pose_region_recall_1m,1,0,1,0,,,,,
fast_livo2_lio,1,ROW_MIDDLE,1,pose_region_recall_2m,1,0,1,0,,,,,
fast_livo2_lio,1,ROW_MIDDLE,1,pose_region_recall_5m,1,0,1,0,,,,,
fast_livo2_lio,1,ROW_MIDDLE,1,headland_region_recall,1,0,1,0,,,,,
fast_livo2_lio,1,ROW_MIDDLE,1,xy_region_recall_1m,1,1,0,1,0.0,0.0,0.0,,
fast_livo2_lio,1,ROW_MIDDLE,1,xy_region_recall_2m,1,1,0,1,0.0,0.0,0.0,,
fast_livo2_lio,1,ROW_MIDDLE,1,xy_region_recall_5m,1,1,0,1,0.0,0.0,0.0,,
fast_livo2_lio,1,ROW_MIDDLE,1,bbs_basin_hit,1,1,0,1,0.0,0.0,0.0,,
fast_livo2_lio,1,ROW_MIDDLE,1,gicp_final_success,1,0,1,0,,,,,
fast_livo2_lio,1,ROW_MIDDLE,1,selected_bbs_nominal_success,1,1,0,1,0.0,0.0,0.0,,
fast_livo2_lio,1,ROW_MIDDLE,1,selected_gicp_nominal_success,1,1,0,1,0.0,0.0,0.0,,
fast_livo2_lio,1,ROW_MIDDLE,1,offline_reference_nominal_success,1,1,0,1,0.0,0.0,0.0,,
fast_livo2_lio,1,ROW_MIDDLE,1,final_accepted_success,1,0,1,0,,,,,
fast_livo2_lio,1,ROW_MIDDLE,1,bbs_attempted_count,1,1,0,1,1.0,1.0,1.0,,
fast_livo2_lio,1,ROW_MIDDLE,1,bbs_observed_count,1,1,0,1,1.0,1.0,1.0,,
fast_livo2_lio,1,ROW_MIDDLE,1,bbs_censored_count,1,1,0,1,0.0,0.0,0.0,,
fast_livo2_lio,1,ROW_MIDDLE,1,gicp_attempted_count,1,1,0,1,0.0,0.0,0.0,,
fast_livo2_lio,1,ROW_MIDDLE,1,gicp_observed_count,1,1,0,1,0.0,0.0,0.0,,
fast_livo2_lio,1,ROW_MIDDLE,1,gicp_censored_count,1,1,0,1,1.0,1.0,1.0,,
fast_livo2_lio,1,ROW_MIDDLE,3,physical_row_recall,1,0,1,0,,,,,
fast_livo2_lio,1,ROW_MIDDLE,3,pose_region_recall_1m,1,0,1,0,,,,,
fast_livo2_lio,1,ROW_MIDDLE,3,pose_region_recall_2m,1,0,1,0,,,,,
fast_livo2_lio,1,ROW_MIDDLE,3,pose_region_recall_5m,1,0,1,0,,,,,
fast_livo2_lio,1,ROW_MIDDLE,3,headland_region_recall,1,0,1,0,,,,,
fast_livo2_lio,1,ROW_MIDDLE,3,xy_region_recall_1m,1,1,0,1,0.0,0.0,0.0,,
fast_livo2_lio,1,ROW_MIDDLE,3,xy_region_recall_2m,1,1,0,1,1.0,1.0,1.0,,
fast_livo2_lio,1,ROW_MIDDLE,3,xy_region_recall_5m,1,1,0,1,1.0,1.0,1.0,,
fast_livo2_lio,1,ROW_MIDDLE,3,bbs_basin_hit,1,1,0,1,0.0,0.0,0.0,,
fast_livo2_lio,1,ROW_MIDDLE,3,gicp_final_success,1,0,1,0,,,,,
fast_livo2_lio,1,ROW_MIDDLE,3,selected_bbs_nominal_success,1,1,0,1,0.0,0.0,0.0,,
fast_livo2_lio,1,ROW_MIDDLE,3,selected_gicp_nominal_success,1,1,0,1,0.0,0.0,0.0,,
fast_livo2_lio,1,ROW_MIDDLE,3,offline_reference_nominal_success,1,1,0,1,0.0,0.0,0.0,,
fast_livo2_lio,1,ROW_MIDDLE,3,final_accepted_success,1,0,1,0,,,,,
fast_livo2_lio,1,ROW_MIDDLE,3,bbs_attempted_count,1,1,0,1,3.0,3.0,3.0,,
fast_livo2_lio,1,ROW_MIDDLE,3,bbs_observed_count,1,1,0,1,3.0,3.0,3.0,,
fast_livo2_lio,1,ROW_MIDDLE,3,bbs_censored_count,1,1,0,1,0.0,0.0,0.0,,
fast_livo2_lio,1,ROW_MIDDLE,3,gicp_attempted_count,1,1,0,1,0.0,0.0,0.0,,
fast_livo2_lio,1,ROW_MIDDLE,3,gicp_observed_count,1,1,0,1,0.0,0.0,0.0,,
fast_livo2_lio,1,ROW_MIDDLE,3,gicp_censored_count,1,1,0,1,3.0,3.0,3.0,,
fast_livo2_lio,1,ROW_MIDDLE,5,physical_row_recall,1,0,1,0,,,,,
fast_livo2_lio,1,ROW_MIDDLE,5,pose_region_recall_1m,1,0,1,0,,,,,
fast_livo2_lio,1,ROW_MIDDLE,5,pose_region_recall_2m,1,0,1,0,,,,,
fast_livo2_lio,1,ROW_MIDDLE,5,pose_region_recall_5m,1,0,1,0,,,,,
fast_livo2_lio,1,ROW_MIDDLE,5,headland_region_recall,1,0,1,0,,,,,
fast_livo2_lio,1,ROW_MIDDLE,5,xy_region_recall_1m,1,1,0,1,0.0,0.0,0.0,,
fast_livo2_lio,1,ROW_MIDDLE,5,xy_region_recall_2m,1,1,0,1,1.0,1.0,1.0,,
fast_livo2_lio,1,ROW_MIDDLE,5,xy_region_recall_5m,1,1,0,1,1.0,1.0,1.0,,
fast_livo2_lio,1,ROW_MIDDLE,5,bbs_basin_hit,1,1,0,1,0.0,0.0,0.0,,
fast_livo2_lio,1,ROW_MIDDLE,5,gicp_final_success,1,0,1,0,,,,,
fast_livo2_lio,1,ROW_MIDDLE,5,selected_bbs_nominal_success,1,1,0,1,0.0,0.0,0.0,,
fast_livo2_lio,1,ROW_MIDDLE,5,selected_gicp_nominal_success,1,1,0,1,0.0,0.0,0.0,,
fast_livo2_lio,1,ROW_MIDDLE,5,offline_reference_nominal_success,1,1,0,1,0.0,0.0,0.0,,
fast_livo2_lio,1,ROW_MIDDLE,5,final_accepted_success,1,0,1,0,,,,,
fast_livo2_lio,1,ROW_MIDDLE,5,bbs_attempted_count,1,1,0,1,5.0,5.0,5.0,,
fast_livo2_lio,1,ROW_MIDDLE,5,bbs_observed_count,1,1,0,1,5.0,5.0,5.0,,
fast_livo2_lio,1,ROW_MIDDLE,5,bbs_censored_count,1,1,0,1,0.0,0.0,0.0,,
fast_livo2_lio,1,ROW_MIDDLE,5,gicp_attempted_count,1,1,0,1,0.0,0.0,0.0,,
fast_livo2_lio,1,ROW_MIDDLE,5,gicp_observed_count,1,1,0,1,0.0,0.0,0.0,,
fast_livo2_lio,1,ROW_MIDDLE,5,gicp_censored_count,1,1,0,1,5.0,5.0,5.0,,
fast_livo2_lio,1,ROW_MIDDLE,10,physical_row_recall,1,0,1,0,,,,,
fast_livo2_lio,1,ROW_MIDDLE,10,pose_region_recall_1m,1,0,1,0,,,,,
fast_livo2_lio,1,ROW_MIDDLE,10,pose_region_recall_2m,1,0,1,0,,,,,
fast_livo2_lio,1,ROW_MIDDLE,10,pose_region_recall_5m,1,0,1,0,,,,,
fast_livo2_lio,1,ROW_MIDDLE,10,headland_region_recall,1,0,1,0,,,,,
fast_livo2_lio,1,ROW_MIDDLE,10,xy_region_recall_1m,1,1,0,1,0.0,0.0,0.0,,
fast_livo2_lio,1,ROW_MIDDLE,10,xy_region_recall_2m,1,1,0,1,1.0,1.0,1.0,,
fast_livo2_lio,1,ROW_MIDDLE,10,xy_region_recall_5m,1,1,0,1,1.0,1.0,1.0,,
fast_livo2_lio,1,ROW_MIDDLE,10,bbs_basin_hit,1,1,0,1,0.0,0.0,0.0,,
fast_livo2_lio,1,ROW_MIDDLE,10,gicp_final_success,1,0,1,0,,,,,
fast_livo2_lio,1,ROW_MIDDLE,10,selected_bbs_nominal_success,1,1,0,1,0.0,0.0,0.0,,
fast_livo2_lio,1,ROW_MIDDLE,10,selected_gicp_nominal_success,1,1,0,1,0.0,0.0,0.0,,
fast_livo2_lio,1,ROW_MIDDLE,10,offline_reference_nominal_success,1,1,0,1,0.0,0.0,0.0,,
fast_livo2_lio,1,ROW_MIDDLE,10,final_accepted_success,1,0,1,0,,,,,
fast_livo2_lio,1,ROW_MIDDLE,10,bbs_attempted_count,1,1,0,1,10.0,10.0,10.0,,
fast_livo2_lio,1,ROW_MIDDLE,10,bbs_observed_count,1,1,0,1,10.0,10.0,10.0,,
fast_livo2_lio,1,ROW_MIDDLE,10,bbs_censored_count,1,1,0,1,0.0,0.0,0.0,,
fast_livo2_lio,1,ROW_MIDDLE,10,gicp_attempted_count,1,1,0,1,1.0,1.0,1.0,,
fast_livo2_lio,1,ROW_MIDDLE,10,gicp_observed_count,1,1,0,1,1.0,1.0,1.0,,
fast_livo2_lio,1,ROW_MIDDLE,10,gicp_censored_count,1,1,0,1,9.0,9.0,9.0,,
fast_livo2_lio,3,HEADLAND,1,physical_row_recall,1,0,1,0,,,,,
fast_livo2_lio,3,HEADLAND,1,pose_region_recall_1m,1,0,1,0,,,,,
fast_livo2_lio,3,HEADLAND,1,pose_region_recall_2m,1,0,1,0,,,,,
fast_livo2_lio,3,HEADLAND,1,pose_region_recall_5m,1,0,1,0,,,,,
fast_livo2_lio,3,HEADLAND,1,headland_region_recall,1,0,1,0,,,,,
fast_livo2_lio,3,HEADLAND,1,xy_region_recall_1m,1,1,0,1,0.0,0.0,0.0,,
fast_livo2_lio,3,HEADLAND,1,xy_region_recall_2m,1,1,0,1,1.0,1.0,1.0,,
fast_livo2_lio,3,HEADLAND,1,xy_region_recall_5m,1,1,0,1,1.0,1.0,1.0,,
fast_livo2_lio,3,HEADLAND,1,bbs_basin_hit,1,1,0,1,0.0,0.0,0.0,,
fast_livo2_lio,3,HEADLAND,1,gicp_final_success,1,0,1,0,,,,,
fast_livo2_lio,3,HEADLAND,1,selected_bbs_nominal_success,1,1,0,1,0.0,0.0,0.0,,
fast_livo2_lio,3,HEADLAND,1,selected_gicp_nominal_success,1,1,0,1,0.0,0.0,0.0,,
fast_livo2_lio,3,HEADLAND,1,offline_reference_nominal_success,1,1,0,1,0.0,0.0,0.0,,
fast_livo2_lio,3,HEADLAND,1,final_accepted_success,1,0,1,0,,,,,
fast_livo2_lio,3,HEADLAND,1,bbs_attempted_count,1,1,0,1,1.0,1.0,1.0,,
fast_livo2_lio,3,HEADLAND,1,bbs_observed_count,1,1,0,1,1.0,1.0,1.0,,
fast_livo2_lio,3,HEADLAND,1,bbs_censored_count,1,1,0,1,0.0,0.0,0.0,,
fast_livo2_lio,3,HEADLAND,1,gicp_attempted_count,1,1,0,1,0.0,0.0,0.0,,
fast_livo2_lio,3,HEADLAND,1,gicp_observed_count,1,1,0,1,0.0,0.0,0.0,,
fast_livo2_lio,3,HEADLAND,1,gicp_censored_count,1,1,0,1,1.0,1.0,1.0,,
fast_livo2_lio,3,HEADLAND,3,physical_row_recall,1,0,1,0,,,,,
fast_livo2_lio,3,HEADLAND,3,pose_region_recall_1m,1,0,1,0,,,,,
fast_livo2_lio,3,HEADLAND,3,pose_region_recall_2m,1,0,1,0,,,,,
fast_livo2_lio,3,HEADLAND,3,pose_region_recall_5m,1,0,1,0,,,,,
fast_livo2_lio,3,HEADLAND,3,headland_region_recall,1,0,1,0,,,,,
fast_livo2_lio,3,HEADLAND,3,xy_region_recall_1m,1,1,0,1,0.0,0.0,0.0,,
fast_livo2_lio,3,HEADLAND,3,xy_region_recall_2m,1,1,0,1,1.0,1.0,1.0,,
fast_livo2_lio,3,HEADLAND,3,xy_region_recall_5m,1,1,0,1,1.0,1.0,1.0,,
fast_livo2_lio,3,HEADLAND,3,bbs_basin_hit,1,1,0,1,0.0,0.0,0.0,,
fast_livo2_lio,3,HEADLAND,3,gicp_final_success,1,0,1,0,,,,,
fast_livo2_lio,3,HEADLAND,3,selected_bbs_nominal_success,1,1,0,1,0.0,0.0,0.0,,
fast_livo2_lio,3,HEADLAND,3,selected_gicp_nominal_success,1,1,0,1,0.0,0.0,0.0,,
fast_livo2_lio,3,HEADLAND,3,offline_reference_nominal_success,1,1,0,1,0.0,0.0,0.0,,
fast_livo2_lio,3,HEADLAND,3,final_accepted_success,1,0,1,0,,,,,
fast_livo2_lio,3,HEADLAND,3,bbs_attempted_count,1,1,0,1,3.0,3.0,3.0,,
fast_livo2_lio,3,HEADLAND,3,bbs_observed_count,1,1,0,1,3.0,3.0,3.0,,
fast_livo2_lio,3,HEADLAND,3,bbs_censored_count,1,1,0,1,0.0,0.0,0.0,,
fast_livo2_lio,3,HEADLAND,3,gicp_attempted_count,1,1,0,1,0.0,0.0,0.0,,
fast_livo2_lio,3,HEADLAND,3,gicp_observed_count,1,1,0,1,0.0,0.0,0.0,,
fast_livo2_lio,3,HEADLAND,3,gicp_censored_count,1,1,0,1,3.0,3.0,3.0,,
fast_livo2_lio,3,HEADLAND,5,physical_row_recall,1,0,1,0,,,,,
fast_livo2_lio,3,HEADLAND,5,pose_region_recall_1m,1,0,1,0,,,,,
fast_livo2_lio,3,HEADLAND,5,pose_region_recall_2m,1,0,1,0,,,,,
fast_livo2_lio,3,HEADLAND,5,pose_region_recall_5m,1,0,1,0,,,,,
fast_livo2_lio,3,HEADLAND,5,headland_region_recall,1,0,1,0,,,,,
fast_livo2_lio,3,HEADLAND,5,xy_region_recall_1m,1,1,0,1,0.0,0.0,0.0,,
fast_livo2_lio,3,HEADLAND,5,xy_region_recall_2m,1,1,0,1,1.0,1.0,1.0,,
fast_livo2_lio,3,HEADLAND,5,xy_region_recall_5m,1,1,0,1,1.0,1.0,1.0,,
fast_livo2_lio,3,HEADLAND,5,bbs_basin_hit,1,1,0,1,1.0,1.0,1.0,,
fast_livo2_lio,3,HEADLAND,5,gicp_final_success,1,0,1,0,,,,,
fast_livo2_lio,3,HEADLAND,5,selected_bbs_nominal_success,1,1,0,1,0.0,0.0,0.0,,
fast_livo2_lio,3,HEADLAND,5,selected_gicp_nominal_success,1,1,0,1,0.0,0.0,0.0,,
fast_livo2_lio,3,HEADLAND,5,offline_reference_nominal_success,1,1,0,1,0.0,0.0,0.0,,
fast_livo2_lio,3,HEADLAND,5,final_accepted_success,1,0,1,0,,,,,
fast_livo2_lio,3,HEADLAND,5,bbs_attempted_count,1,1,0,1,5.0,5.0,5.0,,
fast_livo2_lio,3,HEADLAND,5,bbs_observed_count,1,1,0,1,5.0,5.0,5.0,,
fast_livo2_lio,3,HEADLAND,5,bbs_censored_count,1,1,0,1,0.0,0.0,0.0,,
fast_livo2_lio,3,HEADLAND,5,gicp_attempted_count,1,1,0,1,0.0,0.0,0.0,,
fast_livo2_lio,3,HEADLAND,5,gicp_observed_count,1,1,0,1,0.0,0.0,0.0,,
fast_livo2_lio,3,HEADLAND,5,gicp_censored_count,1,1,0,1,5.0,5.0,5.0,,
fast_livo2_lio,3,HEADLAND,10,physical_row_recall,1,0,1,0,,,,,
fast_livo2_lio,3,HEADLAND,10,pose_region_recall_1m,1,0,1,0,,,,,
fast_livo2_lio,3,HEADLAND,10,pose_region_recall_2m,1,0,1,0,,,,,
fast_livo2_lio,3,HEADLAND,10,pose_region_recall_5m,1,0,1,0,,,,,
fast_livo2_lio,3,HEADLAND,10,headland_region_recall,1,0,1,0,,,,,
fast_livo2_lio,3,HEADLAND,10,xy_region_recall_1m,1,1,0,1,0.0,0.0,0.0,,
fast_livo2_lio,3,HEADLAND,10,xy_region_recall_2m,1,1,0,1,1.0,1.0,1.0,,
fast_livo2_lio,3,HEADLAND,10,xy_region_recall_5m,1,1,0,1,1.0,1.0,1.0,,
fast_livo2_lio,3,HEADLAND,10,bbs_basin_hit,1,1,0,1,1.0,1.0,1.0,,
fast_livo2_lio,3,HEADLAND,10,gicp_final_success,1,0,1,0,,,,,
fast_livo2_lio,3,HEADLAND,10,selected_bbs_nominal_success,1,1,0,1,0.0,0.0,0.0,,
fast_livo2_lio,3,HEADLAND,10,selected_gicp_nominal_success,1,1,0,1,0.0,0.0,0.0,,
fast_livo2_lio,3,HEADLAND,10,offline_reference_nominal_success,1,1,0,1,0.0,0.0,0.0,,
fast_livo2_lio,3,HEADLAND,10,final_accepted_success,1,0,1,0,,,,,
fast_livo2_lio,3,HEADLAND,10,bbs_attempted_count,1,1,0,1,10.0,10.0,10.0,,
fast_livo2_lio,3,HEADLAND,10,bbs_observed_count,1,1,0,1,10.0,10.0,10.0,,
fast_livo2_lio,3,HEADLAND,10,bbs_censored_count,1,1,0,1,0.0,0.0,0.0,,
fast_livo2_lio,3,HEADLAND,10,gicp_attempted_count,1,1,0,1,1.0,1.0,1.0,,
fast_livo2_lio,3,HEADLAND,10,gicp_observed_count,1,1,0,1,1.0,1.0,1.0,,
fast_livo2_lio,3,HEADLAND,10,gicp_censored_count,1,1,0,1,9.0,9.0,9.0,,
fast_livo2_lio,3,ROW_MIDDLE,1,physical_row_recall,1,0,1,0,,,,,
fast_livo2_lio,3,ROW_MIDDLE,1,pose_region_recall_1m,1,0,1,0,,,,,
fast_livo2_lio,3,ROW_MIDDLE,1,pose_region_recall_2m,1,0,1,0,,,,,
fast_livo2_lio,3,ROW_MIDDLE,1,pose_region_recall_5m,1,0,1,0,,,,,
fast_livo2_lio,3,ROW_MIDDLE,1,headland_region_recall,1,0,1,0,,,,,
fast_livo2_lio,3,ROW_MIDDLE,1,xy_region_recall_1m,1,1,0,1,0.0,0.0,0.0,,
fast_livo2_lio,3,ROW_MIDDLE,1,xy_region_recall_2m,1,1,0,1,1.0,1.0,1.0,,
fast_livo2_lio,3,ROW_MIDDLE,1,xy_region_recall_5m,1,1,0,1,1.0,1.0,1.0,,
fast_livo2_lio,3,ROW_MIDDLE,1,bbs_basin_hit,1,1,0,1,0.0,0.0,0.0,,
fast_livo2_lio,3,ROW_MIDDLE,1,gicp_final_success,1,0,1,0,,,,,
fast_livo2_lio,3,ROW_MIDDLE,1,selected_bbs_nominal_success,1,1,0,1,0.0,0.0,0.0,,
fast_livo2_lio,3,ROW_MIDDLE,1,selected_gicp_nominal_success,1,1,0,1,0.0,0.0,0.0,,
fast_livo2_lio,3,ROW_MIDDLE,1,offline_reference_nominal_success,1,1,0,1,0.0,0.0,0.0,,
fast_livo2_lio,3,ROW_MIDDLE,1,final_accepted_success,1,0,1,0,,,,,
fast_livo2_lio,3,ROW_MIDDLE,1,bbs_attempted_count,1,1,0,1,1.0,1.0,1.0,,
fast_livo2_lio,3,ROW_MIDDLE,1,bbs_observed_count,1,1,0,1,1.0,1.0,1.0,,
fast_livo2_lio,3,ROW_MIDDLE,1,bbs_censored_count,1,1,0,1,0.0,0.0,0.0,,
fast_livo2_lio,3,ROW_MIDDLE,1,gicp_attempted_count,1,1,0,1,0.0,0.0,0.0,,
fast_livo2_lio,3,ROW_MIDDLE,1,gicp_observed_count,1,1,0,1,0.0,0.0,0.0,,
fast_livo2_lio,3,ROW_MIDDLE,1,gicp_censored_count,1,1,0,1,1.0,1.0,1.0,,
fast_livo2_lio,3,ROW_MIDDLE,3,physical_row_recall,1,0,1,0,,,,,
fast_livo2_lio,3,ROW_MIDDLE,3,pose_region_recall_1m,1,0,1,0,,,,,
fast_livo2_lio,3,ROW_MIDDLE,3,pose_region_recall_2m,1,0,1,0,,,,,
fast_livo2_lio,3,ROW_MIDDLE,3,pose_region_recall_5m,1,0,1,0,,,,,
fast_livo2_lio,3,ROW_MIDDLE,3,headland_region_recall,1,0,1,0,,,,,
fast_livo2_lio,3,ROW_MIDDLE,3,xy_region_recall_1m,1,1,0,1,0.0,0.0,0.0,,
fast_livo2_lio,3,ROW_MIDDLE,3,xy_region_recall_2m,1,1,0,1,1.0,1.0,1.0,,
fast_livo2_lio,3,ROW_MIDDLE,3,xy_region_recall_5m,1,1,0,1,1.0,1.0,1.0,,
fast_livo2_lio,3,ROW_MIDDLE,3,bbs_basin_hit,1,1,0,1,0.0,0.0,0.0,,
fast_livo2_lio,3,ROW_MIDDLE,3,gicp_final_success,1,0,1,0,,,,,
fast_livo2_lio,3,ROW_MIDDLE,3,selected_bbs_nominal_success,1,1,0,1,0.0,0.0,0.0,,
fast_livo2_lio,3,ROW_MIDDLE,3,selected_gicp_nominal_success,1,1,0,1,0.0,0.0,0.0,,
fast_livo2_lio,3,ROW_MIDDLE,3,offline_reference_nominal_success,1,1,0,1,0.0,0.0,0.0,,
fast_livo2_lio,3,ROW_MIDDLE,3,final_accepted_success,1,0,1,0,,,,,
fast_livo2_lio,3,ROW_MIDDLE,3,bbs_attempted_count,1,1,0,1,3.0,3.0,3.0,,
fast_livo2_lio,3,ROW_MIDDLE,3,bbs_observed_count,1,1,0,1,3.0,3.0,3.0,,
fast_livo2_lio,3,ROW_MIDDLE,3,bbs_censored_count,1,1,0,1,0.0,0.0,0.0,,
fast_livo2_lio,3,ROW_MIDDLE,3,gicp_attempted_count,1,1,0,1,0.0,0.0,0.0,,
fast_livo2_lio,3,ROW_MIDDLE,3,gicp_observed_count,1,1,0,1,0.0,0.0,0.0,,
fast_livo2_lio,3,ROW_MIDDLE,3,gicp_censored_count,1,1,0,1,3.0,3.0,3.0,,
fast_livo2_lio,3,ROW_MIDDLE,5,physical_row_recall,1,0,1,0,,,,,
fast_livo2_lio,3,ROW_MIDDLE,5,pose_region_recall_1m,1,0,1,0,,,,,
fast_livo2_lio,3,ROW_MIDDLE,5,pose_region_recall_2m,1,0,1,0,,,,,
fast_livo2_lio,3,ROW_MIDDLE,5,pose_region_recall_5m,1,0,1,0,,,,,
fast_livo2_lio,3,ROW_MIDDLE,5,headland_region_recall,1,0,1,0,,,,,
fast_livo2_lio,3,ROW_MIDDLE,5,xy_region_recall_1m,1,1,0,1,0.0,0.0,0.0,,
fast_livo2_lio,3,ROW_MIDDLE,5,xy_region_recall_2m,1,1,0,1,1.0,1.0,1.0,,
fast_livo2_lio,3,ROW_MIDDLE,5,xy_region_recall_5m,1,1,0,1,1.0,1.0,1.0,,
fast_livo2_lio,3,ROW_MIDDLE,5,bbs_basin_hit,1,1,0,1,0.0,0.0,0.0,,
fast_livo2_lio,3,ROW_MIDDLE,5,gicp_final_success,1,0,1,0,,,,,
fast_livo2_lio,3,ROW_MIDDLE,5,selected_bbs_nominal_success,1,1,0,1,0.0,0.0,0.0,,
fast_livo2_lio,3,ROW_MIDDLE,5,selected_gicp_nominal_success,1,1,0,1,0.0,0.0,0.0,,
fast_livo2_lio,3,ROW_MIDDLE,5,offline_reference_nominal_success,1,1,0,1,0.0,0.0,0.0,,
fast_livo2_lio,3,ROW_MIDDLE,5,final_accepted_success,1,0,1,0,,,,,
fast_livo2_lio,3,ROW_MIDDLE,5,bbs_attempted_count,1,1,0,1,5.0,5.0,5.0,,
fast_livo2_lio,3,ROW_MIDDLE,5,bbs_observed_count,1,1,0,1,5.0,5.0,5.0,,
fast_livo2_lio,3,ROW_MIDDLE,5,bbs_censored_count,1,1,0,1,0.0,0.0,0.0,,
fast_livo2_lio,3,ROW_MIDDLE,5,gicp_attempted_count,1,1,0,1,0.0,0.0,0.0,,
fast_livo2_lio,3,ROW_MIDDLE,5,gicp_observed_count,1,1,0,1,0.0,0.0,0.0,,
fast_livo2_lio,3,ROW_MIDDLE,5,gicp_censored_count,1,1,0,1,5.0,5.0,5.0,,
fast_livo2_lio,3,ROW_MIDDLE,10,physical_row_recall,1,0,1,0,,,,,
fast_livo2_lio,3,ROW_MIDDLE,10,pose_region_recall_1m,1,0,1,0,,,,,
fast_livo2_lio,3,ROW_MIDDLE,10,pose_region_recall_2m,1,0,1,0,,,,,
fast_livo2_lio,3,ROW_MIDDLE,10,pose_region_recall_5m,1,0,1,0,,,,,
fast_livo2_lio,3,ROW_MIDDLE,10,headland_region_recall,1,0,1,0,,,,,
fast_livo2_lio,3,ROW_MIDDLE,10,xy_region_recall_1m,1,1,0,1,0.0,0.0,0.0,,
fast_livo2_lio,3,ROW_MIDDLE,10,xy_region_recall_2m,1,1,0,1,1.0,1.0,1.0,,
fast_livo2_lio,3,ROW_MIDDLE,10,xy_region_recall_5m,1,1,0,1,1.0,1.0,1.0,,
fast_livo2_lio,3,ROW_MIDDLE,10,bbs_basin_hit,1,1,0,1,1.0,1.0,1.0,,
fast_livo2_lio,3,ROW_MIDDLE,10,gicp_final_success,1,0,1,0,,,,,
fast_livo2_lio,3,ROW_MIDDLE,10,selected_bbs_nominal_success,1,1,0,1,0.0,0.0,0.0,,
fast_livo2_lio,3,ROW_MIDDLE,10,selected_gicp_nominal_success,1,1,0,1,0.0,0.0,0.0,,
fast_livo2_lio,3,ROW_MIDDLE,10,offline_reference_nominal_success,1,1,0,1,0.0,0.0,0.0,,
fast_livo2_lio,3,ROW_MIDDLE,10,final_accepted_success,1,0,1,0,,,,,
fast_livo2_lio,3,ROW_MIDDLE,10,bbs_attempted_count,1,1,0,1,10.0,10.0,10.0,,
fast_livo2_lio,3,ROW_MIDDLE,10,bbs_observed_count,1,1,0,1,10.0,10.0,10.0,,
fast_livo2_lio,3,ROW_MIDDLE,10,bbs_censored_count,1,1,0,1,0.0,0.0,0.0,,
fast_livo2_lio,3,ROW_MIDDLE,10,gicp_attempted_count,1,1,0,1,1.0,1.0,1.0,,
fast_livo2_lio,3,ROW_MIDDLE,10,gicp_observed_count,1,1,0,1,1.0,1.0,1.0,,
fast_livo2_lio,3,ROW_MIDDLE,10,gicp_censored_count,1,1,0,1,9.0,9.0,9.0,,
fast_livo2_lio,5,HEADLAND,1,physical_row_recall,1,0,1,0,,,,,
fast_livo2_lio,5,HEADLAND,1,pose_region_recall_1m,1,0,1,0,,,,,
fast_livo2_lio,5,HEADLAND,1,pose_region_recall_2m,1,0,1,0,,,,,
fast_livo2_lio,5,HEADLAND,1,pose_region_recall_5m,1,0,1,0,,,,,
fast_livo2_lio,5,HEADLAND,1,headland_region_recall,1,0,1,0,,,,,
fast_livo2_lio,5,HEADLAND,1,xy_region_recall_1m,1,1,0,1,0.0,0.0,0.0,,
fast_livo2_lio,5,HEADLAND,1,xy_region_recall_2m,1,1,0,1,0.0,0.0,0.0,,
fast_livo2_lio,5,HEADLAND,1,xy_region_recall_5m,1,1,0,1,1.0,1.0,1.0,,
fast_livo2_lio,5,HEADLAND,1,bbs_basin_hit,1,1,0,1,0.0,0.0,0.0,,
fast_livo2_lio,5,HEADLAND,1,gicp_final_success,1,0,1,0,,,,,
fast_livo2_lio,5,HEADLAND,1,selected_bbs_nominal_success,1,1,0,1,1.0,1.0,1.0,,
fast_livo2_lio,5,HEADLAND,1,selected_gicp_nominal_success,1,1,0,1,1.0,1.0,1.0,,
fast_livo2_lio,5,HEADLAND,1,offline_reference_nominal_success,1,1,0,1,1.0,1.0,1.0,,
fast_livo2_lio,5,HEADLAND,1,final_accepted_success,1,0,1,0,,,,,
fast_livo2_lio,5,HEADLAND,1,bbs_attempted_count,1,1,0,1,1.0,1.0,1.0,,
fast_livo2_lio,5,HEADLAND,1,bbs_observed_count,1,1,0,1,1.0,1.0,1.0,,
fast_livo2_lio,5,HEADLAND,1,bbs_censored_count,1,1,0,1,0.0,0.0,0.0,,
fast_livo2_lio,5,HEADLAND,1,gicp_attempted_count,1,1,0,1,0.0,0.0,0.0,,
fast_livo2_lio,5,HEADLAND,1,gicp_observed_count,1,1,0,1,0.0,0.0,0.0,,
fast_livo2_lio,5,HEADLAND,1,gicp_censored_count,1,1,0,1,1.0,1.0,1.0,,
fast_livo2_lio,5,HEADLAND,3,physical_row_recall,1,0,1,0,,,,,
fast_livo2_lio,5,HEADLAND,3,pose_region_recall_1m,1,0,1,0,,,,,
fast_livo2_lio,5,HEADLAND,3,pose_region_recall_2m,1,0,1,0,,,,,
fast_livo2_lio,5,HEADLAND,3,pose_region_recall_5m,1,0,1,0,,,,,
fast_livo2_lio,5,HEADLAND,3,headland_region_recall,1,0,1,0,,,,,
fast_livo2_lio,5,HEADLAND,3,xy_region_recall_1m,1,1,0,1,0.0,0.0,0.0,,
fast_livo2_lio,5,HEADLAND,3,xy_region_recall_2m,1,1,0,1,0.0,0.0,0.0,,
fast_livo2_lio,5,HEADLAND,3,xy_region_recall_5m,1,1,0,1,1.0,1.0,1.0,,
fast_livo2_lio,5,HEADLAND,3,bbs_basin_hit,1,1,0,1,1.0,1.0,1.0,,
fast_livo2_lio,5,HEADLAND,3,gicp_final_success,1,1,0,1,1.0,1.0,1.0,,
fast_livo2_lio,5,HEADLAND,3,selected_bbs_nominal_success,1,1,0,1,1.0,1.0,1.0,,
fast_livo2_lio,5,HEADLAND,3,selected_gicp_nominal_success,1,1,0,1,1.0,1.0,1.0,,
fast_livo2_lio,5,HEADLAND,3,offline_reference_nominal_success,1,1,0,1,1.0,1.0,1.0,,
fast_livo2_lio,5,HEADLAND,3,final_accepted_success,1,0,1,0,,,,,
fast_livo2_lio,5,HEADLAND,3,bbs_attempted_count,1,1,0,1,3.0,3.0,3.0,,
fast_livo2_lio,5,HEADLAND,3,bbs_observed_count,1,1,0,1,3.0,3.0,3.0,,
fast_livo2_lio,5,HEADLAND,3,bbs_censored_count,1,1,0,1,0.0,0.0,0.0,,
fast_livo2_lio,5,HEADLAND,3,gicp_attempted_count,1,1,0,1,1.0,1.0,1.0,,
fast_livo2_lio,5,HEADLAND,3,gicp_observed_count,1,1,0,1,1.0,1.0,1.0,,
fast_livo2_lio,5,HEADLAND,3,gicp_censored_count,1,1,0,1,2.0,2.0,2.0,,
fast_livo2_lio,5,HEADLAND,5,physical_row_recall,1,0,1,0,,,,,
fast_livo2_lio,5,HEADLAND,5,pose_region_recall_1m,1,0,1,0,,,,,
fast_livo2_lio,5,HEADLAND,5,pose_region_recall_2m,1,0,1,0,,,,,
fast_livo2_lio,5,HEADLAND,5,pose_region_recall_5m,1,0,1,0,,,,,
fast_livo2_lio,5,HEADLAND,5,headland_region_recall,1,0,1,0,,,,,
fast_livo2_lio,5,HEADLAND,5,xy_region_recall_1m,1,1,0,1,0.0,0.0,0.0,,
fast_livo2_lio,5,HEADLAND,5,xy_region_recall_2m,1,1,0,1,0.0,0.0,0.0,,
fast_livo2_lio,5,HEADLAND,5,xy_region_recall_5m,1,1,0,1,1.0,1.0,1.0,,
fast_livo2_lio,5,HEADLAND,5,bbs_basin_hit,1,1,0,1,1.0,1.0,1.0,,
fast_livo2_lio,5,HEADLAND,5,gicp_final_success,1,1,0,1,1.0,1.0,1.0,,
fast_livo2_lio,5,HEADLAND,5,selected_bbs_nominal_success,1,1,0,1,1.0,1.0,1.0,,
fast_livo2_lio,5,HEADLAND,5,selected_gicp_nominal_success,1,1,0,1,1.0,1.0,1.0,,
fast_livo2_lio,5,HEADLAND,5,offline_reference_nominal_success,1,1,0,1,1.0,1.0,1.0,,
fast_livo2_lio,5,HEADLAND,5,final_accepted_success,1,0,1,0,,,,,
fast_livo2_lio,5,HEADLAND,5,bbs_attempted_count,1,1,0,1,5.0,5.0,5.0,,
fast_livo2_lio,5,HEADLAND,5,bbs_observed_count,1,1,0,1,5.0,5.0,5.0,,
fast_livo2_lio,5,HEADLAND,5,bbs_censored_count,1,1,0,1,0.0,0.0,0.0,,
fast_livo2_lio,5,HEADLAND,5,gicp_attempted_count,1,1,0,1,1.0,1.0,1.0,,
fast_livo2_lio,5,HEADLAND,5,gicp_observed_count,1,1,0,1,1.0,1.0,1.0,,
fast_livo2_lio,5,HEADLAND,5,gicp_censored_count,1,1,0,1,4.0,4.0,4.0,,
fast_livo2_lio,5,HEADLAND,10,physical_row_recall,1,0,1,0,,,,,
fast_livo2_lio,5,HEADLAND,10,pose_region_recall_1m,1,0,1,0,,,,,
fast_livo2_lio,5,HEADLAND,10,pose_region_recall_2m,1,0,1,0,,,,,
fast_livo2_lio,5,HEADLAND,10,pose_region_recall_5m,1,0,1,0,,,,,
fast_livo2_lio,5,HEADLAND,10,headland_region_recall,1,0,1,0,,,,,
fast_livo2_lio,5,HEADLAND,10,xy_region_recall_1m,1,1,0,1,0.0,0.0,0.0,,
fast_livo2_lio,5,HEADLAND,10,xy_region_recall_2m,1,1,0,1,0.0,0.0,0.0,,
fast_livo2_lio,5,HEADLAND,10,xy_region_recall_5m,1,1,0,1,1.0,1.0,1.0,,
fast_livo2_lio,5,HEADLAND,10,bbs_basin_hit,1,1,0,1,1.0,1.0,1.0,,
fast_livo2_lio,5,HEADLAND,10,gicp_final_success,1,1,0,1,1.0,1.0,1.0,,
fast_livo2_lio,5,HEADLAND,10,selected_bbs_nominal_success,1,1,0,1,1.0,1.0,1.0,,
fast_livo2_lio,5,HEADLAND,10,selected_gicp_nominal_success,1,1,0,1,1.0,1.0,1.0,,
fast_livo2_lio,5,HEADLAND,10,offline_reference_nominal_success,1,1,0,1,1.0,1.0,1.0,,
fast_livo2_lio,5,HEADLAND,10,final_accepted_success,1,0,1,0,,,,,
fast_livo2_lio,5,HEADLAND,10,bbs_attempted_count,1,1,0,1,10.0,10.0,10.0,,
fast_livo2_lio,5,HEADLAND,10,bbs_observed_count,1,1,0,1,10.0,10.0,10.0,,
fast_livo2_lio,5,HEADLAND,10,bbs_censored_count,1,1,0,1,0.0,0.0,0.0,,
fast_livo2_lio,5,HEADLAND,10,gicp_attempted_count,1,1,0,1,1.0,1.0,1.0,,
fast_livo2_lio,5,HEADLAND,10,gicp_observed_count,1,1,0,1,1.0,1.0,1.0,,
fast_livo2_lio,5,HEADLAND,10,gicp_censored_count,1,1,0,1,9.0,9.0,9.0,,
fast_livo2_lio,5,ROW_MIDDLE,1,physical_row_recall,1,0,1,0,,,,,
fast_livo2_lio,5,ROW_MIDDLE,1,pose_region_recall_1m,1,0,1,0,,,,,
fast_livo2_lio,5,ROW_MIDDLE,1,pose_region_recall_2m,1,0,1,0,,,,,
fast_livo2_lio,5,ROW_MIDDLE,1,pose_region_recall_5m,1,0,1,0,,,,,
fast_livo2_lio,5,ROW_MIDDLE,1,headland_region_recall,1,0,1,0,,,,,
fast_livo2_lio,5,ROW_MIDDLE,1,xy_region_recall_1m,1,1,0,1,0.0,0.0,0.0,,
fast_livo2_lio,5,ROW_MIDDLE,1,xy_region_recall_2m,1,1,0,1,1.0,1.0,1.0,,
fast_livo2_lio,5,ROW_MIDDLE,1,xy_region_recall_5m,1,1,0,1,1.0,1.0,1.0,,
fast_livo2_lio,5,ROW_MIDDLE,1,bbs_basin_hit,1,1,0,1,0.0,0.0,0.0,,
fast_livo2_lio,5,ROW_MIDDLE,1,gicp_final_success,1,0,1,0,,,,,
fast_livo2_lio,5,ROW_MIDDLE,1,selected_bbs_nominal_success,1,1,0,1,0.0,0.0,0.0,,
fast_livo2_lio,5,ROW_MIDDLE,1,selected_gicp_nominal_success,1,1,0,1,0.0,0.0,0.0,,
fast_livo2_lio,5,ROW_MIDDLE,1,offline_reference_nominal_success,1,1,0,1,0.0,0.0,0.0,,
fast_livo2_lio,5,ROW_MIDDLE,1,final_accepted_success,1,0,1,0,,,,,
fast_livo2_lio,5,ROW_MIDDLE,1,bbs_attempted_count,1,1,0,1,1.0,1.0,1.0,,
fast_livo2_lio,5,ROW_MIDDLE,1,bbs_observed_count,1,1,0,1,1.0,1.0,1.0,,
fast_livo2_lio,5,ROW_MIDDLE,1,bbs_censored_count,1,1,0,1,0.0,0.0,0.0,,
fast_livo2_lio,5,ROW_MIDDLE,1,gicp_attempted_count,1,1,0,1,0.0,0.0,0.0,,
fast_livo2_lio,5,ROW_MIDDLE,1,gicp_observed_count,1,1,0,1,0.0,0.0,0.0,,
fast_livo2_lio,5,ROW_MIDDLE,1,gicp_censored_count,1,1,0,1,1.0,1.0,1.0,,
fast_livo2_lio,5,ROW_MIDDLE,3,physical_row_recall,1,0,1,0,,,,,
fast_livo2_lio,5,ROW_MIDDLE,3,pose_region_recall_1m,1,0,1,0,,,,,
fast_livo2_lio,5,ROW_MIDDLE,3,pose_region_recall_2m,1,0,1,0,,,,,
fast_livo2_lio,5,ROW_MIDDLE,3,pose_region_recall_5m,1,0,1,0,,,,,
fast_livo2_lio,5,ROW_MIDDLE,3,headland_region_recall,1,0,1,0,,,,,
fast_livo2_lio,5,ROW_MIDDLE,3,xy_region_recall_1m,1,1,0,1,0.0,0.0,0.0,,
fast_livo2_lio,5,ROW_MIDDLE,3,xy_region_recall_2m,1,1,0,1,1.0,1.0,1.0,,
fast_livo2_lio,5,ROW_MIDDLE,3,xy_region_recall_5m,1,1,0,1,1.0,1.0,1.0,,
fast_livo2_lio,5,ROW_MIDDLE,3,bbs_basin_hit,1,1,0,1,0.0,0.0,0.0,,
fast_livo2_lio,5,ROW_MIDDLE,3,gicp_final_success,1,0,1,0,,,,,
fast_livo2_lio,5,ROW_MIDDLE,3,selected_bbs_nominal_success,1,1,0,1,0.0,0.0,0.0,,
fast_livo2_lio,5,ROW_MIDDLE,3,selected_gicp_nominal_success,1,1,0,1,0.0,0.0,0.0,,
fast_livo2_lio,5,ROW_MIDDLE,3,offline_reference_nominal_success,1,1,0,1,0.0,0.0,0.0,,
fast_livo2_lio,5,ROW_MIDDLE,3,final_accepted_success,1,0,1,0,,,,,
fast_livo2_lio,5,ROW_MIDDLE,3,bbs_attempted_count,1,1,0,1,3.0,3.0,3.0,,
fast_livo2_lio,5,ROW_MIDDLE,3,bbs_observed_count,1,1,0,1,3.0,3.0,3.0,,
fast_livo2_lio,5,ROW_MIDDLE,3,bbs_censored_count,1,1,0,1,0.0,0.0,0.0,,
fast_livo2_lio,5,ROW_MIDDLE,3,gicp_attempted_count,1,1,0,1,0.0,0.0,0.0,,
fast_livo2_lio,5,ROW_MIDDLE,3,gicp_observed_count,1,1,0,1,0.0,0.0,0.0,,
fast_livo2_lio,5,ROW_MIDDLE,3,gicp_censored_count,1,1,0,1,3.0,3.0,3.0,,
fast_livo2_lio,5,ROW_MIDDLE,5,physical_row_recall,1,0,1,0,,,,,
fast_livo2_lio,5,ROW_MIDDLE,5,pose_region_recall_1m,1,0,1,0,,,,,
fast_livo2_lio,5,ROW_MIDDLE,5,pose_region_recall_2m,1,0,1,0,,,,,
fast_livo2_lio,5,ROW_MIDDLE,5,pose_region_recall_5m,1,0,1,0,,,,,
fast_livo2_lio,5,ROW_MIDDLE,5,headland_region_recall,1,0,1,0,,,,,
fast_livo2_lio,5,ROW_MIDDLE,5,xy_region_recall_1m,1,1,0,1,0.0,0.0,0.0,,
fast_livo2_lio,5,ROW_MIDDLE,5,xy_region_recall_2m,1,1,0,1,1.0,1.0,1.0,,
fast_livo2_lio,5,ROW_MIDDLE,5,xy_region_recall_5m,1,1,0,1,1.0,1.0,1.0,,
fast_livo2_lio,5,ROW_MIDDLE,5,bbs_basin_hit,1,1,0,1,0.0,0.0,0.0,,
fast_livo2_lio,5,ROW_MIDDLE,5,gicp_final_success,1,0,1,0,,,,,
fast_livo2_lio,5,ROW_MIDDLE,5,selected_bbs_nominal_success,1,1,0,1,0.0,0.0,0.0,,
fast_livo2_lio,5,ROW_MIDDLE,5,selected_gicp_nominal_success,1,1,0,1,0.0,0.0,0.0,,
fast_livo2_lio,5,ROW_MIDDLE,5,offline_reference_nominal_success,1,1,0,1,0.0,0.0,0.0,,
fast_livo2_lio,5,ROW_MIDDLE,5,final_accepted_success,1,0,1,0,,,,,
fast_livo2_lio,5,ROW_MIDDLE,5,bbs_attempted_count,1,1,0,1,5.0,5.0,5.0,,
fast_livo2_lio,5,ROW_MIDDLE,5,bbs_observed_count,1,1,0,1,5.0,5.0,5.0,,
fast_livo2_lio,5,ROW_MIDDLE,5,bbs_censored_count,1,1,0,1,0.0,0.0,0.0,,
fast_livo2_lio,5,ROW_MIDDLE,5,gicp_attempted_count,1,1,0,1,0.0,0.0,0.0,,
fast_livo2_lio,5,ROW_MIDDLE,5,gicp_observed_count,1,1,0,1,0.0,0.0,0.0,,
fast_livo2_lio,5,ROW_MIDDLE,5,gicp_censored_count,1,1,0,1,5.0,5.0,5.0,,
fast_livo2_lio,5,ROW_MIDDLE,10,physical_row_recall,1,0,1,0,,,,,
fast_livo2_lio,5,ROW_MIDDLE,10,pose_region_recall_1m,1,0,1,0,,,,,
fast_livo2_lio,5,ROW_MIDDLE,10,pose_region_recall_2m,1,0,1,0,,,,,
fast_livo2_lio,5,ROW_MIDDLE,10,pose_region_recall_5m,1,0,1,0,,,,,
fast_livo2_lio,5,ROW_MIDDLE,10,headland_region_recall,1,0,1,0,,,,,
fast_livo2_lio,5,ROW_MIDDLE,10,xy_region_recall_1m,1,1,0,1,0.0,0.0,0.0,,
fast_livo2_lio,5,ROW_MIDDLE,10,xy_region_recall_2m,1,1,0,1,1.0,1.0,1.0,,
fast_livo2_lio,5,ROW_MIDDLE,10,xy_region_recall_5m,1,1,0,1,1.0,1.0,1.0,,
fast_livo2_lio,5,ROW_MIDDLE,10,bbs_basin_hit,1,1,0,1,0.0,0.0,0.0,,
fast_livo2_lio,5,ROW_MIDDLE,10,gicp_final_success,1,0,1,0,,,,,
fast_livo2_lio,5,ROW_MIDDLE,10,selected_bbs_nominal_success,1,1,0,1,0.0,0.0,0.0,,
fast_livo2_lio,5,ROW_MIDDLE,10,selected_gicp_nominal_success,1,1,0,1,0.0,0.0,0.0,,
fast_livo2_lio,5,ROW_MIDDLE,10,offline_reference_nominal_success,1,1,0,1,0.0,0.0,0.0,,
fast_livo2_lio,5,ROW_MIDDLE,10,final_accepted_success,1,0,1,0,,,,,
fast_livo2_lio,5,ROW_MIDDLE,10,bbs_attempted_count,1,1,0,1,10.0,10.0,10.0,,
fast_livo2_lio,5,ROW_MIDDLE,10,bbs_observed_count,1,1,0,1,10.0,10.0,10.0,,
fast_livo2_lio,5,ROW_MIDDLE,10,bbs_censored_count,1,1,0,1,0.0,0.0,0.0,,
fast_livo2_lio,5,ROW_MIDDLE,10,gicp_attempted_count,1,1,0,1,1.0,1.0,1.0,,
fast_livo2_lio,5,ROW_MIDDLE,10,gicp_observed_count,1,1,0,1,1.0,1.0,1.0,,
fast_livo2_lio,5,ROW_MIDDLE,10,gicp_censored_count,1,1,0,1,9.0,9.0,9.0,,
point_lio,1,HEADLAND,1,physical_row_recall,1,0,1,0,,,,,
point_lio,1,HEADLAND,1,pose_region_recall_1m,1,0,1,0,,,,,
point_lio,1,HEADLAND,1,pose_region_recall_2m,1,0,1,0,,,,,
point_lio,1,HEADLAND,1,pose_region_recall_5m,1,0,1,0,,,,,
point_lio,1,HEADLAND,1,headland_region_recall,1,0,1,0,,,,,
point_lio,1,HEADLAND,1,xy_region_recall_1m,1,1,0,1,0.0,0.0,0.0,,
point_lio,1,HEADLAND,1,xy_region_recall_2m,1,1,0,1,0.0,0.0,0.0,,
point_lio,1,HEADLAND,1,xy_region_recall_5m,1,1,0,1,0.0,0.0,0.0,,
point_lio,1,HEADLAND,1,bbs_basin_hit,1,1,0,1,0.0,0.0,0.0,,
point_lio,1,HEADLAND,1,gicp_final_success,1,0,1,0,,,,,
point_lio,1,HEADLAND,1,selected_bbs_nominal_success,1,1,0,1,0.0,0.0,0.0,,
point_lio,1,HEADLAND,1,selected_gicp_nominal_success,1,1,0,1,0.0,0.0,0.0,,
point_lio,1,HEADLAND,1,offline_reference_nominal_success,1,1,0,1,0.0,0.0,0.0,,
point_lio,1,HEADLAND,1,final_accepted_success,1,0,1,0,,,,,
point_lio,1,HEADLAND,1,bbs_attempted_count,1,1,0,1,1.0,1.0,1.0,,
point_lio,1,HEADLAND,1,bbs_observed_count,1,1,0,1,1.0,1.0,1.0,,
point_lio,1,HEADLAND,1,bbs_censored_count,1,1,0,1,0.0,0.0,0.0,,
point_lio,1,HEADLAND,1,gicp_attempted_count,1,1,0,1,0.0,0.0,0.0,,
point_lio,1,HEADLAND,1,gicp_observed_count,1,1,0,1,0.0,0.0,0.0,,
point_lio,1,HEADLAND,1,gicp_censored_count,1,1,0,1,1.0,1.0,1.0,,
point_lio,1,HEADLAND,3,physical_row_recall,1,0,1,0,,,,,
point_lio,1,HEADLAND,3,pose_region_recall_1m,1,0,1,0,,,,,
point_lio,1,HEADLAND,3,pose_region_recall_2m,1,0,1,0,,,,,
point_lio,1,HEADLAND,3,pose_region_recall_5m,1,0,1,0,,,,,
point_lio,1,HEADLAND,3,headland_region_recall,1,0,1,0,,,,,
point_lio,1,HEADLAND,3,xy_region_recall_1m,1,1,0,1,0.0,0.0,0.0,,
point_lio,1,HEADLAND,3,xy_region_recall_2m,1,1,0,1,0.0,0.0,0.0,,
point_lio,1,HEADLAND,3,xy_region_recall_5m,1,1,0,1,0.0,0.0,0.0,,
point_lio,1,HEADLAND,3,bbs_basin_hit,1,1,0,1,0.0,0.0,0.0,,
point_lio,1,HEADLAND,3,gicp_final_success,1,0,1,0,,,,,
point_lio,1,HEADLAND,3,selected_bbs_nominal_success,1,1,0,1,0.0,0.0,0.0,,
point_lio,1,HEADLAND,3,selected_gicp_nominal_success,1,1,0,1,0.0,0.0,0.0,,
point_lio,1,HEADLAND,3,offline_reference_nominal_success,1,1,0,1,0.0,0.0,0.0,,
point_lio,1,HEADLAND,3,final_accepted_success,1,0,1,0,,,,,
point_lio,1,HEADLAND,3,bbs_attempted_count,1,1,0,1,3.0,3.0,3.0,,
point_lio,1,HEADLAND,3,bbs_observed_count,1,1,0,1,3.0,3.0,3.0,,
point_lio,1,HEADLAND,3,bbs_censored_count,1,1,0,1,0.0,0.0,0.0,,
point_lio,1,HEADLAND,3,gicp_attempted_count,1,1,0,1,0.0,0.0,0.0,,
point_lio,1,HEADLAND,3,gicp_observed_count,1,1,0,1,0.0,0.0,0.0,,
point_lio,1,HEADLAND,3,gicp_censored_count,1,1,0,1,3.0,3.0,3.0,,
point_lio,1,HEADLAND,5,physical_row_recall,1,0,1,0,,,,,
point_lio,1,HEADLAND,5,pose_region_recall_1m,1,0,1,0,,,,,
point_lio,1,HEADLAND,5,pose_region_recall_2m,1,0,1,0,,,,,
point_lio,1,HEADLAND,5,pose_region_recall_5m,1,0,1,0,,,,,
point_lio,1,HEADLAND,5,headland_region_recall,1,0,1,0,,,,,
point_lio,1,HEADLAND,5,xy_region_recall_1m,1,1,0,1,0.0,0.0,0.0,,
point_lio,1,HEADLAND,5,xy_region_recall_2m,1,1,0,1,0.0,0.0,0.0,,
point_lio,1,HEADLAND,5,xy_region_recall_5m,1,1,0,1,0.0,0.0,0.0,,
point_lio,1,HEADLAND,5,bbs_basin_hit,1,1,0,1,0.0,0.0,0.0,,
point_lio,1,HEADLAND,5,gicp_final_success,1,0,1,0,,,,,
point_lio,1,HEADLAND,5,selected_bbs_nominal_success,1,1,0,1,0.0,0.0,0.0,,
point_lio,1,HEADLAND,5,selected_gicp_nominal_success,1,1,0,1,0.0,0.0,0.0,,
point_lio,1,HEADLAND,5,offline_reference_nominal_success,1,1,0,1,0.0,0.0,0.0,,
point_lio,1,HEADLAND,5,final_accepted_success,1,0,1,0,,,,,
point_lio,1,HEADLAND,5,bbs_attempted_count,1,1,0,1,5.0,5.0,5.0,,
point_lio,1,HEADLAND,5,bbs_observed_count,1,1,0,1,5.0,5.0,5.0,,
point_lio,1,HEADLAND,5,bbs_censored_count,1,1,0,1,0.0,0.0,0.0,,
point_lio,1,HEADLAND,5,gicp_attempted_count,1,1,0,1,0.0,0.0,0.0,,
point_lio,1,HEADLAND,5,gicp_observed_count,1,1,0,1,0.0,0.0,0.0,,
point_lio,1,HEADLAND,5,gicp_censored_count,1,1,0,1,5.0,5.0,5.0,,
point_lio,1,HEADLAND,10,physical_row_recall,1,0,1,0,,,,,
point_lio,1,HEADLAND,10,pose_region_recall_1m,1,0,1,0,,,,,
point_lio,1,HEADLAND,10,pose_region_recall_2m,1,0,1,0,,,,,
point_lio,1,HEADLAND,10,pose_region_recall_5m,1,0,1,0,,,,,
point_lio,1,HEADLAND,10,headland_region_recall,1,0,1,0,,,,,
point_lio,1,HEADLAND,10,xy_region_recall_1m,1,1,0,1,1.0,1.0,1.0,,
point_lio,1,HEADLAND,10,xy_region_recall_2m,1,1,0,1,1.0,1.0,1.0,,
point_lio,1,HEADLAND,10,xy_region_recall_5m,1,1,0,1,1.0,1.0,1.0,,
point_lio,1,HEADLAND,10,bbs_basin_hit,1,1,0,1,0.0,0.0,0.0,,
point_lio,1,HEADLAND,10,gicp_final_success,1,0,1,0,,,,,
point_lio,1,HEADLAND,10,selected_bbs_nominal_success,1,1,0,1,0.0,0.0,0.0,,
point_lio,1,HEADLAND,10,selected_gicp_nominal_success,1,1,0,1,0.0,0.0,0.0,,
point_lio,1,HEADLAND,10,offline_reference_nominal_success,1,1,0,1,0.0,0.0,0.0,,
point_lio,1,HEADLAND,10,final_accepted_success,1,0,1,0,,,,,
point_lio,1,HEADLAND,10,bbs_attempted_count,1,1,0,1,10.0,10.0,10.0,,
point_lio,1,HEADLAND,10,bbs_observed_count,1,1,0,1,10.0,10.0,10.0,,
point_lio,1,HEADLAND,10,bbs_censored_count,1,1,0,1,0.0,0.0,0.0,,
point_lio,1,HEADLAND,10,gicp_attempted_count,1,1,0,1,1.0,1.0,1.0,,
point_lio,1,HEADLAND,10,gicp_observed_count,1,1,0,1,1.0,1.0,1.0,,
point_lio,1,HEADLAND,10,gicp_censored_count,1,1,0,1,9.0,9.0,9.0,,
point_lio,1,ROW_MIDDLE,1,physical_row_recall,1,0,1,0,,,,,
point_lio,1,ROW_MIDDLE,1,pose_region_recall_1m,1,0,1,0,,,,,
point_lio,1,ROW_MIDDLE,1,pose_region_recall_2m,1,0,1,0,,,,,
point_lio,1,ROW_MIDDLE,1,pose_region_recall_5m,1,0,1,0,,,,,
point_lio,1,ROW_MIDDLE,1,headland_region_recall,1,0,1,0,,,,,
point_lio,1,ROW_MIDDLE,1,xy_region_recall_1m,1,1,0,1,0.0,0.0,0.0,,
point_lio,1,ROW_MIDDLE,1,xy_region_recall_2m,1,1,0,1,0.0,0.0,0.0,,
point_lio,1,ROW_MIDDLE,1,xy_region_recall_5m,1,1,0,1,1.0,1.0,1.0,,
point_lio,1,ROW_MIDDLE,1,bbs_basin_hit,1,1,0,1,0.0,0.0,0.0,,
point_lio,1,ROW_MIDDLE,1,gicp_final_success,1,0,1,0,,,,,
point_lio,1,ROW_MIDDLE,1,selected_bbs_nominal_success,1,1,0,1,0.0,0.0,0.0,,
point_lio,1,ROW_MIDDLE,1,selected_gicp_nominal_success,1,1,0,1,1.0,1.0,1.0,,
point_lio,1,ROW_MIDDLE,1,offline_reference_nominal_success,1,1,0,1,1.0,1.0,1.0,,
point_lio,1,ROW_MIDDLE,1,final_accepted_success,1,0,1,0,,,,,
point_lio,1,ROW_MIDDLE,1,bbs_attempted_count,1,1,0,1,1.0,1.0,1.0,,
point_lio,1,ROW_MIDDLE,1,bbs_observed_count,1,1,0,1,1.0,1.0,1.0,,
point_lio,1,ROW_MIDDLE,1,bbs_censored_count,1,1,0,1,0.0,0.0,0.0,,
point_lio,1,ROW_MIDDLE,1,gicp_attempted_count,1,1,0,1,0.0,0.0,0.0,,
point_lio,1,ROW_MIDDLE,1,gicp_observed_count,1,1,0,1,0.0,0.0,0.0,,
point_lio,1,ROW_MIDDLE,1,gicp_censored_count,1,1,0,1,1.0,1.0,1.0,,
point_lio,1,ROW_MIDDLE,3,physical_row_recall,1,0,1,0,,,,,
point_lio,1,ROW_MIDDLE,3,pose_region_recall_1m,1,0,1,0,,,,,
point_lio,1,ROW_MIDDLE,3,pose_region_recall_2m,1,0,1,0,,,,,
point_lio,1,ROW_MIDDLE,3,pose_region_recall_5m,1,0,1,0,,,,,
point_lio,1,ROW_MIDDLE,3,headland_region_recall,1,0,1,0,,,,,
point_lio,1,ROW_MIDDLE,3,xy_region_recall_1m,1,1,0,1,0.0,0.0,0.0,,
point_lio,1,ROW_MIDDLE,3,xy_region_recall_2m,1,1,0,1,1.0,1.0,1.0,,
point_lio,1,ROW_MIDDLE,3,xy_region_recall_5m,1,1,0,1,1.0,1.0,1.0,,
point_lio,1,ROW_MIDDLE,3,bbs_basin_hit,1,1,0,1,1.0,1.0,1.0,,
point_lio,1,ROW_MIDDLE,3,gicp_final_success,1,0,1,0,,,,,
point_lio,1,ROW_MIDDLE,3,selected_bbs_nominal_success,1,1,0,1,0.0,0.0,0.0,,
point_lio,1,ROW_MIDDLE,3,selected_gicp_nominal_success,1,1,0,1,1.0,1.0,1.0,,
point_lio,1,ROW_MIDDLE,3,offline_reference_nominal_success,1,1,0,1,1.0,1.0,1.0,,
point_lio,1,ROW_MIDDLE,3,final_accepted_success,1,0,1,0,,,,,
point_lio,1,ROW_MIDDLE,3,bbs_attempted_count,1,1,0,1,3.0,3.0,3.0,,
point_lio,1,ROW_MIDDLE,3,bbs_observed_count,1,1,0,1,3.0,3.0,3.0,,
point_lio,1,ROW_MIDDLE,3,bbs_censored_count,1,1,0,1,0.0,0.0,0.0,,
point_lio,1,ROW_MIDDLE,3,gicp_attempted_count,1,1,0,1,0.0,0.0,0.0,,
point_lio,1,ROW_MIDDLE,3,gicp_observed_count,1,1,0,1,0.0,0.0,0.0,,
point_lio,1,ROW_MIDDLE,3,gicp_censored_count,1,1,0,1,3.0,3.0,3.0,,
point_lio,1,ROW_MIDDLE,5,physical_row_recall,1,0,1,0,,,,,
point_lio,1,ROW_MIDDLE,5,pose_region_recall_1m,1,0,1,0,,,,,
point_lio,1,ROW_MIDDLE,5,pose_region_recall_2m,1,0,1,0,,,,,
point_lio,1,ROW_MIDDLE,5,pose_region_recall_5m,1,0,1,0,,,,,
point_lio,1,ROW_MIDDLE,5,headland_region_recall,1,0,1,0,,,,,
point_lio,1,ROW_MIDDLE,5,xy_region_recall_1m,1,1,0,1,0.0,0.0,0.0,,
point_lio,1,ROW_MIDDLE,5,xy_region_recall_2m,1,1,0,1,1.0,1.0,1.0,,
point_lio,1,ROW_MIDDLE,5,xy_region_recall_5m,1,1,0,1,1.0,1.0,1.0,,
point_lio,1,ROW_MIDDLE,5,bbs_basin_hit,1,1,0,1,1.0,1.0,1.0,,
point_lio,1,ROW_MIDDLE,5,gicp_final_success,1,0,1,0,,,,,
point_lio,1,ROW_MIDDLE,5,selected_bbs_nominal_success,1,1,0,1,0.0,0.0,0.0,,
point_lio,1,ROW_MIDDLE,5,selected_gicp_nominal_success,1,1,0,1,1.0,1.0,1.0,,
point_lio,1,ROW_MIDDLE,5,offline_reference_nominal_success,1,1,0,1,1.0,1.0,1.0,,
point_lio,1,ROW_MIDDLE,5,final_accepted_success,1,0,1,0,,,,,
point_lio,1,ROW_MIDDLE,5,bbs_attempted_count,1,1,0,1,5.0,5.0,5.0,,
point_lio,1,ROW_MIDDLE,5,bbs_observed_count,1,1,0,1,5.0,5.0,5.0,,
point_lio,1,ROW_MIDDLE,5,bbs_censored_count,1,1,0,1,0.0,0.0,0.0,,
point_lio,1,ROW_MIDDLE,5,gicp_attempted_count,1,1,0,1,0.0,0.0,0.0,,
point_lio,1,ROW_MIDDLE,5,gicp_observed_count,1,1,0,1,0.0,0.0,0.0,,
point_lio,1,ROW_MIDDLE,5,gicp_censored_count,1,1,0,1,5.0,5.0,5.0,,
point_lio,1,ROW_MIDDLE,10,physical_row_recall,1,0,1,0,,,,,
point_lio,1,ROW_MIDDLE,10,pose_region_recall_1m,1,0,1,0,,,,,
point_lio,1,ROW_MIDDLE,10,pose_region_recall_2m,1,0,1,0,,,,,
point_lio,1,ROW_MIDDLE,10,pose_region_recall_5m,1,0,1,0,,,,,
point_lio,1,ROW_MIDDLE,10,headland_region_recall,1,0,1,0,,,,,
point_lio,1,ROW_MIDDLE,10,xy_region_recall_1m,1,1,0,1,0.0,0.0,0.0,,
point_lio,1,ROW_MIDDLE,10,xy_region_recall_2m,1,1,0,1,1.0,1.0,1.0,,
point_lio,1,ROW_MIDDLE,10,xy_region_recall_5m,1,1,0,1,1.0,1.0,1.0,,
point_lio,1,ROW_MIDDLE,10,bbs_basin_hit,1,1,0,1,1.0,1.0,1.0,,
point_lio,1,ROW_MIDDLE,10,gicp_final_success,1,1,0,1,1.0,1.0,1.0,,
point_lio,1,ROW_MIDDLE,10,selected_bbs_nominal_success,1,1,0,1,0.0,0.0,0.0,,
point_lio,1,ROW_MIDDLE,10,selected_gicp_nominal_success,1,1,0,1,1.0,1.0,1.0,,
point_lio,1,ROW_MIDDLE,10,offline_reference_nominal_success,1,1,0,1,1.0,1.0,1.0,,
point_lio,1,ROW_MIDDLE,10,final_accepted_success,1,0,1,0,,,,,
point_lio,1,ROW_MIDDLE,10,bbs_attempted_count,1,1,0,1,10.0,10.0,10.0,,
point_lio,1,ROW_MIDDLE,10,bbs_observed_count,1,1,0,1,10.0,10.0,10.0,,
point_lio,1,ROW_MIDDLE,10,bbs_censored_count,1,1,0,1,0.0,0.0,0.0,,
point_lio,1,ROW_MIDDLE,10,gicp_attempted_count,1,1,0,1,1.0,1.0,1.0,,
point_lio,1,ROW_MIDDLE,10,gicp_observed_count,1,1,0,1,1.0,1.0,1.0,,
point_lio,1,ROW_MIDDLE,10,gicp_censored_count,1,1,0,1,9.0,9.0,9.0,,
point_lio,3,HEADLAND,1,physical_row_recall,1,0,1,0,,,,,
point_lio,3,HEADLAND,1,pose_region_recall_1m,1,0,1,0,,,,,
point_lio,3,HEADLAND,1,pose_region_recall_2m,1,0,1,0,,,,,
point_lio,3,HEADLAND,1,pose_region_recall_5m,1,0,1,0,,,,,
point_lio,3,HEADLAND,1,headland_region_recall,1,0,1,0,,,,,
point_lio,3,HEADLAND,1,xy_region_recall_1m,1,1,0,1,0.0,0.0,0.0,,
point_lio,3,HEADLAND,1,xy_region_recall_2m,1,1,0,1,1.0,1.0,1.0,,
point_lio,3,HEADLAND,1,xy_region_recall_5m,1,1,0,1,1.0,1.0,1.0,,
point_lio,3,HEADLAND,1,bbs_basin_hit,1,1,0,1,0.0,0.0,0.0,,
point_lio,3,HEADLAND,1,gicp_final_success,1,1,0,1,0.0,0.0,0.0,,
point_lio,3,HEADLAND,1,selected_bbs_nominal_success,1,1,0,1,0.0,0.0,0.0,,
point_lio,3,HEADLAND,1,selected_gicp_nominal_success,1,1,0,1,0.0,0.0,0.0,,
point_lio,3,HEADLAND,1,offline_reference_nominal_success,1,1,0,1,0.0,0.0,0.0,,
point_lio,3,HEADLAND,1,final_accepted_success,1,0,1,0,,,,,
point_lio,3,HEADLAND,1,bbs_attempted_count,1,1,0,1,1.0,1.0,1.0,,
point_lio,3,HEADLAND,1,bbs_observed_count,1,1,0,1,1.0,1.0,1.0,,
point_lio,3,HEADLAND,1,bbs_censored_count,1,1,0,1,0.0,0.0,0.0,,
point_lio,3,HEADLAND,1,gicp_attempted_count,1,1,0,1,1.0,1.0,1.0,,
point_lio,3,HEADLAND,1,gicp_observed_count,1,1,0,1,1.0,1.0,1.0,,
point_lio,3,HEADLAND,1,gicp_censored_count,1,1,0,1,0.0,0.0,0.0,,
point_lio,3,HEADLAND,3,physical_row_recall,1,0,1,0,,,,,
point_lio,3,HEADLAND,3,pose_region_recall_1m,1,0,1,0,,,,,
point_lio,3,HEADLAND,3,pose_region_recall_2m,1,0,1,0,,,,,
point_lio,3,HEADLAND,3,pose_region_recall_5m,1,0,1,0,,,,,
point_lio,3,HEADLAND,3,headland_region_recall,1,0,1,0,,,,,
point_lio,3,HEADLAND,3,xy_region_recall_1m,1,1,0,1,0.0,0.0,0.0,,
point_lio,3,HEADLAND,3,xy_region_recall_2m,1,1,0,1,1.0,1.0,1.0,,
point_lio,3,HEADLAND,3,xy_region_recall_5m,1,1,0,1,1.0,1.0,1.0,,
point_lio,3,HEADLAND,3,bbs_basin_hit,1,1,0,1,0.0,0.0,0.0,,
point_lio,3,HEADLAND,3,gicp_final_success,1,0,1,0,,,,,
point_lio,3,HEADLAND,3,selected_bbs_nominal_success,1,1,0,1,0.0,0.0,0.0,,
point_lio,3,HEADLAND,3,selected_gicp_nominal_success,1,1,0,1,0.0,0.0,0.0,,
point_lio,3,HEADLAND,3,offline_reference_nominal_success,1,1,0,1,0.0,0.0,0.0,,
point_lio,3,HEADLAND,3,final_accepted_success,1,0,1,0,,,,,
point_lio,3,HEADLAND,3,bbs_attempted_count,1,1,0,1,3.0,3.0,3.0,,
point_lio,3,HEADLAND,3,bbs_observed_count,1,1,0,1,3.0,3.0,3.0,,
point_lio,3,HEADLAND,3,bbs_censored_count,1,1,0,1,0.0,0.0,0.0,,
point_lio,3,HEADLAND,3,gicp_attempted_count,1,1,0,1,1.0,1.0,1.0,,
point_lio,3,HEADLAND,3,gicp_observed_count,1,1,0,1,1.0,1.0,1.0,,
point_lio,3,HEADLAND,3,gicp_censored_count,1,1,0,1,2.0,2.0,2.0,,
point_lio,3,HEADLAND,5,physical_row_recall,1,0,1,0,,,,,
point_lio,3,HEADLAND,5,pose_region_recall_1m,1,0,1,0,,,,,
point_lio,3,HEADLAND,5,pose_region_recall_2m,1,0,1,0,,,,,
point_lio,3,HEADLAND,5,pose_region_recall_5m,1,0,1,0,,,,,
point_lio,3,HEADLAND,5,headland_region_recall,1,0,1,0,,,,,
point_lio,3,HEADLAND,5,xy_region_recall_1m,1,1,0,1,0.0,0.0,0.0,,
point_lio,3,HEADLAND,5,xy_region_recall_2m,1,1,0,1,1.0,1.0,1.0,,
point_lio,3,HEADLAND,5,xy_region_recall_5m,1,1,0,1,1.0,1.0,1.0,,
point_lio,3,HEADLAND,5,bbs_basin_hit,1,1,0,1,0.0,0.0,0.0,,
point_lio,3,HEADLAND,5,gicp_final_success,1,0,1,0,,,,,
point_lio,3,HEADLAND,5,selected_bbs_nominal_success,1,1,0,1,0.0,0.0,0.0,,
point_lio,3,HEADLAND,5,selected_gicp_nominal_success,1,1,0,1,0.0,0.0,0.0,,
point_lio,3,HEADLAND,5,offline_reference_nominal_success,1,1,0,1,0.0,0.0,0.0,,
point_lio,3,HEADLAND,5,final_accepted_success,1,0,1,0,,,,,
point_lio,3,HEADLAND,5,bbs_attempted_count,1,1,0,1,5.0,5.0,5.0,,
point_lio,3,HEADLAND,5,bbs_observed_count,1,1,0,1,5.0,5.0,5.0,,
point_lio,3,HEADLAND,5,bbs_censored_count,1,1,0,1,0.0,0.0,0.0,,
point_lio,3,HEADLAND,5,gicp_attempted_count,1,1,0,1,1.0,1.0,1.0,,
point_lio,3,HEADLAND,5,gicp_observed_count,1,1,0,1,1.0,1.0,1.0,,
point_lio,3,HEADLAND,5,gicp_censored_count,1,1,0,1,4.0,4.0,4.0,,
point_lio,3,HEADLAND,10,physical_row_recall,1,0,1,0,,,,,
point_lio,3,HEADLAND,10,pose_region_recall_1m,1,0,1,0,,,,,
point_lio,3,HEADLAND,10,pose_region_recall_2m,1,0,1,0,,,,,
point_lio,3,HEADLAND,10,pose_region_recall_5m,1,0,1,0,,,,,
point_lio,3,HEADLAND,10,headland_region_recall,1,0,1,0,,,,,
point_lio,3,HEADLAND,10,xy_region_recall_1m,1,1,0,1,0.0,0.0,0.0,,
point_lio,3,HEADLAND,10,xy_region_recall_2m,1,1,0,1,1.0,1.0,1.0,,
point_lio,3,HEADLAND,10,xy_region_recall_5m,1,1,0,1,1.0,1.0,1.0,,
point_lio,3,HEADLAND,10,bbs_basin_hit,1,1,0,1,0.0,0.0,0.0,,
point_lio,3,HEADLAND,10,gicp_final_success,1,0,1,0,,,,,
point_lio,3,HEADLAND,10,selected_bbs_nominal_success,1,1,0,1,0.0,0.0,0.0,,
point_lio,3,HEADLAND,10,selected_gicp_nominal_success,1,1,0,1,0.0,0.0,0.0,,
point_lio,3,HEADLAND,10,offline_reference_nominal_success,1,1,0,1,0.0,0.0,0.0,,
point_lio,3,HEADLAND,10,final_accepted_success,1,0,1,0,,,,,
point_lio,3,HEADLAND,10,bbs_attempted_count,1,1,0,1,10.0,10.0,10.0,,
point_lio,3,HEADLAND,10,bbs_observed_count,1,1,0,1,10.0,10.0,10.0,,
point_lio,3,HEADLAND,10,bbs_censored_count,1,1,0,1,0.0,0.0,0.0,,
point_lio,3,HEADLAND,10,gicp_attempted_count,1,1,0,1,1.0,1.0,1.0,,
point_lio,3,HEADLAND,10,gicp_observed_count,1,1,0,1,1.0,1.0,1.0,,
point_lio,3,HEADLAND,10,gicp_censored_count,1,1,0,1,9.0,9.0,9.0,,
point_lio,3,ROW_MIDDLE,1,physical_row_recall,1,0,1,0,,,,,
point_lio,3,ROW_MIDDLE,1,pose_region_recall_1m,1,0,1,0,,,,,
point_lio,3,ROW_MIDDLE,1,pose_region_recall_2m,1,0,1,0,,,,,
point_lio,3,ROW_MIDDLE,1,pose_region_recall_5m,1,0,1,0,,,,,
point_lio,3,ROW_MIDDLE,1,headland_region_recall,1,0,1,0,,,,,
point_lio,3,ROW_MIDDLE,1,xy_region_recall_1m,1,1,0,1,0.0,0.0,0.0,,
point_lio,3,ROW_MIDDLE,1,xy_region_recall_2m,1,1,0,1,0.0,0.0,0.0,,
point_lio,3,ROW_MIDDLE,1,xy_region_recall_5m,1,1,0,1,0.0,0.0,0.0,,
point_lio,3,ROW_MIDDLE,1,bbs_basin_hit,1,1,0,1,0.0,0.0,0.0,,
point_lio,3,ROW_MIDDLE,1,gicp_final_success,1,0,1,0,,,,,
point_lio,3,ROW_MIDDLE,1,selected_bbs_nominal_success,1,1,0,1,1.0,1.0,1.0,,
point_lio,3,ROW_MIDDLE,1,selected_gicp_nominal_success,1,1,0,1,1.0,1.0,1.0,,
point_lio,3,ROW_MIDDLE,1,offline_reference_nominal_success,1,1,0,1,1.0,1.0,1.0,,
point_lio,3,ROW_MIDDLE,1,final_accepted_success,1,0,1,0,,,,,
point_lio,3,ROW_MIDDLE,1,bbs_attempted_count,1,1,0,1,1.0,1.0,1.0,,
point_lio,3,ROW_MIDDLE,1,bbs_observed_count,1,1,0,1,1.0,1.0,1.0,,
point_lio,3,ROW_MIDDLE,1,bbs_censored_count,1,1,0,1,0.0,0.0,0.0,,
point_lio,3,ROW_MIDDLE,1,gicp_attempted_count,1,1,0,1,0.0,0.0,0.0,,
point_lio,3,ROW_MIDDLE,1,gicp_observed_count,1,1,0,1,0.0,0.0,0.0,,
point_lio,3,ROW_MIDDLE,1,gicp_censored_count,1,1,0,1,1.0,1.0,1.0,,
point_lio,3,ROW_MIDDLE,3,physical_row_recall,1,0,1,0,,,,,
point_lio,3,ROW_MIDDLE,3,pose_region_recall_1m,1,0,1,0,,,,,
point_lio,3,ROW_MIDDLE,3,pose_region_recall_2m,1,0,1,0,,,,,
point_lio,3,ROW_MIDDLE,3,pose_region_recall_5m,1,0,1,0,,,,,
point_lio,3,ROW_MIDDLE,3,headland_region_recall,1,0,1,0,,,,,
point_lio,3,ROW_MIDDLE,3,xy_region_recall_1m,1,1,0,1,0.0,0.0,0.0,,
point_lio,3,ROW_MIDDLE,3,xy_region_recall_2m,1,1,0,1,0.0,0.0,0.0,,
point_lio,3,ROW_MIDDLE,3,xy_region_recall_5m,1,1,0,1,0.0,0.0,0.0,,
point_lio,3,ROW_MIDDLE,3,bbs_basin_hit,1,1,0,1,0.0,0.0,0.0,,
point_lio,3,ROW_MIDDLE,3,gicp_final_success,1,0,1,0,,,,,
point_lio,3,ROW_MIDDLE,3,selected_bbs_nominal_success,1,1,0,1,1.0,1.0,1.0,,
point_lio,3,ROW_MIDDLE,3,selected_gicp_nominal_success,1,1,0,1,1.0,1.0,1.0,,
point_lio,3,ROW_MIDDLE,3,offline_reference_nominal_success,1,1,0,1,1.0,1.0,1.0,,
point_lio,3,ROW_MIDDLE,3,final_accepted_success,1,0,1,0,,,,,
point_lio,3,ROW_MIDDLE,3,bbs_attempted_count,1,1,0,1,3.0,3.0,3.0,,
point_lio,3,ROW_MIDDLE,3,bbs_observed_count,1,1,0,1,3.0,3.0,3.0,,
point_lio,3,ROW_MIDDLE,3,bbs_censored_count,1,1,0,1,0.0,0.0,0.0,,
point_lio,3,ROW_MIDDLE,3,gicp_attempted_count,1,1,0,1,0.0,0.0,0.0,,
point_lio,3,ROW_MIDDLE,3,gicp_observed_count,1,1,0,1,0.0,0.0,0.0,,
point_lio,3,ROW_MIDDLE,3,gicp_censored_count,1,1,0,1,3.0,3.0,3.0,,
point_lio,3,ROW_MIDDLE,5,physical_row_recall,1,0,1,0,,,,,
point_lio,3,ROW_MIDDLE,5,pose_region_recall_1m,1,0,1,0,,,,,
point_lio,3,ROW_MIDDLE,5,pose_region_recall_2m,1,0,1,0,,,,,
point_lio,3,ROW_MIDDLE,5,pose_region_recall_5m,1,0,1,0,,,,,
point_lio,3,ROW_MIDDLE,5,headland_region_recall,1,0,1,0,,,,,
point_lio,3,ROW_MIDDLE,5,xy_region_recall_1m,1,1,0,1,0.0,0.0,0.0,,
point_lio,3,ROW_MIDDLE,5,xy_region_recall_2m,1,1,0,1,1.0,1.0,1.0,,
point_lio,3,ROW_MIDDLE,5,xy_region_recall_5m,1,1,0,1,1.0,1.0,1.0,,
point_lio,3,ROW_MIDDLE,5,bbs_basin_hit,1,1,0,1,0.0,0.0,0.0,,
point_lio,3,ROW_MIDDLE,5,gicp_final_success,1,0,1,0,,,,,
point_lio,3,ROW_MIDDLE,5,selected_bbs_nominal_success,1,1,0,1,1.0,1.0,1.0,,
point_lio,3,ROW_MIDDLE,5,selected_gicp_nominal_success,1,1,0,1,1.0,1.0,1.0,,
point_lio,3,ROW_MIDDLE,5,offline_reference_nominal_success,1,1,0,1,1.0,1.0,1.0,,
point_lio,3,ROW_MIDDLE,5,final_accepted_success,1,0,1,0,,,,,
point_lio,3,ROW_MIDDLE,5,bbs_attempted_count,1,1,0,1,5.0,5.0,5.0,,
point_lio,3,ROW_MIDDLE,5,bbs_observed_count,1,1,0,1,5.0,5.0,5.0,,
point_lio,3,ROW_MIDDLE,5,bbs_censored_count,1,1,0,1,0.0,0.0,0.0,,
point_lio,3,ROW_MIDDLE,5,gicp_attempted_count,1,1,0,1,0.0,0.0,0.0,,
point_lio,3,ROW_MIDDLE,5,gicp_observed_count,1,1,0,1,0.0,0.0,0.0,,
point_lio,3,ROW_MIDDLE,5,gicp_censored_count,1,1,0,1,5.0,5.0,5.0,,
point_lio,3,ROW_MIDDLE,10,physical_row_recall,1,0,1,0,,,,,
point_lio,3,ROW_MIDDLE,10,pose_region_recall_1m,1,0,1,0,,,,,
point_lio,3,ROW_MIDDLE,10,pose_region_recall_2m,1,0,1,0,,,,,
point_lio,3,ROW_MIDDLE,10,pose_region_recall_5m,1,0,1,0,,,,,
point_lio,3,ROW_MIDDLE,10,headland_region_recall,1,0,1,0,,,,,
point_lio,3,ROW_MIDDLE,10,xy_region_recall_1m,1,1,0,1,0.0,0.0,0.0,,
point_lio,3,ROW_MIDDLE,10,xy_region_recall_2m,1,1,0,1,1.0,1.0,1.0,,
point_lio,3,ROW_MIDDLE,10,xy_region_recall_5m,1,1,0,1,1.0,1.0,1.0,,
point_lio,3,ROW_MIDDLE,10,bbs_basin_hit,1,1,0,1,1.0,1.0,1.0,,
point_lio,3,ROW_MIDDLE,10,gicp_final_success,1,1,0,1,1.0,1.0,1.0,,
point_lio,3,ROW_MIDDLE,10,selected_bbs_nominal_success,1,1,0,1,1.0,1.0,1.0,,
point_lio,3,ROW_MIDDLE,10,selected_gicp_nominal_success,1,1,0,1,1.0,1.0,1.0,,
point_lio,3,ROW_MIDDLE,10,offline_reference_nominal_success,1,1,0,1,1.0,1.0,1.0,,
point_lio,3,ROW_MIDDLE,10,final_accepted_success,1,0,1,0,,,,,
point_lio,3,ROW_MIDDLE,10,bbs_attempted_count,1,1,0,1,10.0,10.0,10.0,,
point_lio,3,ROW_MIDDLE,10,bbs_observed_count,1,1,0,1,10.0,10.0,10.0,,
point_lio,3,ROW_MIDDLE,10,bbs_censored_count,1,1,0,1,0.0,0.0,0.0,,
point_lio,3,ROW_MIDDLE,10,gicp_attempted_count,1,1,0,1,1.0,1.0,1.0,,
point_lio,3,ROW_MIDDLE,10,gicp_observed_count,1,1,0,1,1.0,1.0,1.0,,
point_lio,3,ROW_MIDDLE,10,gicp_censored_count,1,1,0,1,9.0,9.0,9.0,,
point_lio,5,HEADLAND,1,physical_row_recall,1,0,1,0,,,,,
point_lio,5,HEADLAND,1,pose_region_recall_1m,1,0,1,0,,,,,
point_lio,5,HEADLAND,1,pose_region_recall_2m,1,0,1,0,,,,,
point_lio,5,HEADLAND,1,pose_region_recall_5m,1,0,1,0,,,,,
point_lio,5,HEADLAND,1,headland_region_recall,1,0,1,0,,,,,
point_lio,5,HEADLAND,1,xy_region_recall_1m,1,1,0,1,0.0,0.0,0.0,,
point_lio,5,HEADLAND,1,xy_region_recall_2m,1,1,0,1,0.0,0.0,0.0,,
point_lio,5,HEADLAND,1,xy_region_recall_5m,1,1,0,1,0.0,0.0,0.0,,
point_lio,5,HEADLAND,1,bbs_basin_hit,1,1,0,1,0.0,0.0,0.0,,
point_lio,5,HEADLAND,1,gicp_final_success,1,0,1,0,,,,,
point_lio,5,HEADLAND,1,selected_bbs_nominal_success,1,1,0,1,0.0,0.0,0.0,,
point_lio,5,HEADLAND,1,selected_gicp_nominal_success,1,1,0,1,0.0,0.0,0.0,,
point_lio,5,HEADLAND,1,offline_reference_nominal_success,1,1,0,1,0.0,0.0,0.0,,
point_lio,5,HEADLAND,1,final_accepted_success,1,0,1,0,,,,,
point_lio,5,HEADLAND,1,bbs_attempted_count,1,1,0,1,1.0,1.0,1.0,,
point_lio,5,HEADLAND,1,bbs_observed_count,1,1,0,1,1.0,1.0,1.0,,
point_lio,5,HEADLAND,1,bbs_censored_count,1,1,0,1,0.0,0.0,0.0,,
point_lio,5,HEADLAND,1,gicp_attempted_count,1,1,0,1,0.0,0.0,0.0,,
point_lio,5,HEADLAND,1,gicp_observed_count,1,1,0,1,0.0,0.0,0.0,,
point_lio,5,HEADLAND,1,gicp_censored_count,1,1,0,1,1.0,1.0,1.0,,
point_lio,5,HEADLAND,3,physical_row_recall,1,0,1,0,,,,,
point_lio,5,HEADLAND,3,pose_region_recall_1m,1,0,1,0,,,,,
point_lio,5,HEADLAND,3,pose_region_recall_2m,1,0,1,0,,,,,
point_lio,5,HEADLAND,3,pose_region_recall_5m,1,0,1,0,,,,,
point_lio,5,HEADLAND,3,headland_region_recall,1,0,1,0,,,,,
point_lio,5,HEADLAND,3,xy_region_recall_1m,1,1,0,1,0.0,0.0,0.0,,
point_lio,5,HEADLAND,3,xy_region_recall_2m,1,1,0,1,0.0,0.0,0.0,,
point_lio,5,HEADLAND,3,xy_region_recall_5m,1,1,0,1,0.0,0.0,0.0,,
point_lio,5,HEADLAND,3,bbs_basin_hit,1,1,0,1,0.0,0.0,0.0,,
point_lio,5,HEADLAND,3,gicp_final_success,1,0,1,0,,,,,
point_lio,5,HEADLAND,3,selected_bbs_nominal_success,1,1,0,1,0.0,0.0,0.0,,
point_lio,5,HEADLAND,3,selected_gicp_nominal_success,1,1,0,1,0.0,0.0,0.0,,
point_lio,5,HEADLAND,3,offline_reference_nominal_success,1,1,0,1,0.0,0.0,0.0,,
point_lio,5,HEADLAND,3,final_accepted_success,1,0,1,0,,,,,
point_lio,5,HEADLAND,3,bbs_attempted_count,1,1,0,1,3.0,3.0,3.0,,
point_lio,5,HEADLAND,3,bbs_observed_count,1,1,0,1,3.0,3.0,3.0,,
point_lio,5,HEADLAND,3,bbs_censored_count,1,1,0,1,0.0,0.0,0.0,,
point_lio,5,HEADLAND,3,gicp_attempted_count,1,1,0,1,0.0,0.0,0.0,,
point_lio,5,HEADLAND,3,gicp_observed_count,1,1,0,1,0.0,0.0,0.0,,
point_lio,5,HEADLAND,3,gicp_censored_count,1,1,0,1,3.0,3.0,3.0,,
point_lio,5,HEADLAND,5,physical_row_recall,1,0,1,0,,,,,
point_lio,5,HEADLAND,5,pose_region_recall_1m,1,0,1,0,,,,,
point_lio,5,HEADLAND,5,pose_region_recall_2m,1,0,1,0,,,,,
point_lio,5,HEADLAND,5,pose_region_recall_5m,1,0,1,0,,,,,
point_lio,5,HEADLAND,5,headland_region_recall,1,0,1,0,,,,,
point_lio,5,HEADLAND,5,xy_region_recall_1m,1,1,0,1,0.0,0.0,0.0,,
point_lio,5,HEADLAND,5,xy_region_recall_2m,1,1,0,1,0.0,0.0,0.0,,
point_lio,5,HEADLAND,5,xy_region_recall_5m,1,1,0,1,1.0,1.0,1.0,,
point_lio,5,HEADLAND,5,bbs_basin_hit,1,1,0,1,0.0,0.0,0.0,,
point_lio,5,HEADLAND,5,gicp_final_success,1,0,1,0,,,,,
point_lio,5,HEADLAND,5,selected_bbs_nominal_success,1,1,0,1,0.0,0.0,0.0,,
point_lio,5,HEADLAND,5,selected_gicp_nominal_success,1,1,0,1,0.0,0.0,0.0,,
point_lio,5,HEADLAND,5,offline_reference_nominal_success,1,1,0,1,0.0,0.0,0.0,,
point_lio,5,HEADLAND,5,final_accepted_success,1,0,1,0,,,,,
point_lio,5,HEADLAND,5,bbs_attempted_count,1,1,0,1,5.0,5.0,5.0,,
point_lio,5,HEADLAND,5,bbs_observed_count,1,1,0,1,5.0,5.0,5.0,,
point_lio,5,HEADLAND,5,bbs_censored_count,1,1,0,1,0.0,0.0,0.0,,
point_lio,5,HEADLAND,5,gicp_attempted_count,1,1,0,1,0.0,0.0,0.0,,
point_lio,5,HEADLAND,5,gicp_observed_count,1,1,0,1,0.0,0.0,0.0,,
point_lio,5,HEADLAND,5,gicp_censored_count,1,1,0,1,5.0,5.0,5.0,,
point_lio,5,HEADLAND,10,physical_row_recall,1,0,1,0,,,,,
point_lio,5,HEADLAND,10,pose_region_recall_1m,1,0,1,0,,,,,
point_lio,5,HEADLAND,10,pose_region_recall_2m,1,0,1,0,,,,,
point_lio,5,HEADLAND,10,pose_region_recall_5m,1,0,1,0,,,,,
point_lio,5,HEADLAND,10,headland_region_recall,1,0,1,0,,,,,
point_lio,5,HEADLAND,10,xy_region_recall_1m,1,1,0,1,0.0,0.0,0.0,,
point_lio,5,HEADLAND,10,xy_region_recall_2m,1,1,0,1,1.0,1.0,1.0,,
point_lio,5,HEADLAND,10,xy_region_recall_5m,1,1,0,1,1.0,1.0,1.0,,
point_lio,5,HEADLAND,10,bbs_basin_hit,1,1,0,1,0.0,0.0,0.0,,
point_lio,5,HEADLAND,10,gicp_final_success,1,0,1,0,,,,,
point_lio,5,HEADLAND,10,selected_bbs_nominal_success,1,1,0,1,0.0,0.0,0.0,,
point_lio,5,HEADLAND,10,selected_gicp_nominal_success,1,1,0,1,0.0,0.0,0.0,,
point_lio,5,HEADLAND,10,offline_reference_nominal_success,1,1,0,1,0.0,0.0,0.0,,
point_lio,5,HEADLAND,10,final_accepted_success,1,0,1,0,,,,,
point_lio,5,HEADLAND,10,bbs_attempted_count,1,1,0,1,10.0,10.0,10.0,,
point_lio,5,HEADLAND,10,bbs_observed_count,1,1,0,1,10.0,10.0,10.0,,
point_lio,5,HEADLAND,10,bbs_censored_count,1,1,0,1,0.0,0.0,0.0,,
point_lio,5,HEADLAND,10,gicp_attempted_count,1,1,0,1,1.0,1.0,1.0,,
point_lio,5,HEADLAND,10,gicp_observed_count,1,1,0,1,1.0,1.0,1.0,,
point_lio,5,HEADLAND,10,gicp_censored_count,1,1,0,1,9.0,9.0,9.0,,
point_lio,5,ROW_MIDDLE,1,physical_row_recall,1,0,1,0,,,,,
point_lio,5,ROW_MIDDLE,1,pose_region_recall_1m,1,0,1,0,,,,,
point_lio,5,ROW_MIDDLE,1,pose_region_recall_2m,1,0,1,0,,,,,
point_lio,5,ROW_MIDDLE,1,pose_region_recall_5m,1,0,1,0,,,,,
point_lio,5,ROW_MIDDLE,1,headland_region_recall,1,0,1,0,,,,,
point_lio,5,ROW_MIDDLE,1,xy_region_recall_1m,1,1,0,1,0.0,0.0,0.0,,
point_lio,5,ROW_MIDDLE,1,xy_region_recall_2m,1,1,0,1,0.0,0.0,0.0,,
point_lio,5,ROW_MIDDLE,1,xy_region_recall_5m,1,1,0,1,0.0,0.0,0.0,,
point_lio,5,ROW_MIDDLE,1,bbs_basin_hit,1,1,0,1,0.0,0.0,0.0,,
point_lio,5,ROW_MIDDLE,1,gicp_final_success,1,0,1,0,,,,,
point_lio,5,ROW_MIDDLE,1,selected_bbs_nominal_success,1,1,0,1,1.0,1.0,1.0,,
point_lio,5,ROW_MIDDLE,1,selected_gicp_nominal_success,1,1,0,1,1.0,1.0,1.0,,
point_lio,5,ROW_MIDDLE,1,offline_reference_nominal_success,1,1,0,1,1.0,1.0,1.0,,
point_lio,5,ROW_MIDDLE,1,final_accepted_success,1,0,1,0,,,,,
point_lio,5,ROW_MIDDLE,1,bbs_attempted_count,1,1,0,1,1.0,1.0,1.0,,
point_lio,5,ROW_MIDDLE,1,bbs_observed_count,1,1,0,1,1.0,1.0,1.0,,
point_lio,5,ROW_MIDDLE,1,bbs_censored_count,1,1,0,1,0.0,0.0,0.0,,
point_lio,5,ROW_MIDDLE,1,gicp_attempted_count,1,1,0,1,0.0,0.0,0.0,,
point_lio,5,ROW_MIDDLE,1,gicp_observed_count,1,1,0,1,0.0,0.0,0.0,,
point_lio,5,ROW_MIDDLE,1,gicp_censored_count,1,1,0,1,1.0,1.0,1.0,,
point_lio,5,ROW_MIDDLE,3,physical_row_recall,1,0,1,0,,,,,
point_lio,5,ROW_MIDDLE,3,pose_region_recall_1m,1,0,1,0,,,,,
point_lio,5,ROW_MIDDLE,3,pose_region_recall_2m,1,0,1,0,,,,,
point_lio,5,ROW_MIDDLE,3,pose_region_recall_5m,1,0,1,0,,,,,
point_lio,5,ROW_MIDDLE,3,headland_region_recall,1,0,1,0,,,,,
point_lio,5,ROW_MIDDLE,3,xy_region_recall_1m,1,1,0,1,0.0,0.0,0.0,,
point_lio,5,ROW_MIDDLE,3,xy_region_recall_2m,1,1,0,1,0.0,0.0,0.0,,
point_lio,5,ROW_MIDDLE,3,xy_region_recall_5m,1,1,0,1,0.0,0.0,0.0,,
point_lio,5,ROW_MIDDLE,3,bbs_basin_hit,1,1,0,1,0.0,0.0,0.0,,
point_lio,5,ROW_MIDDLE,3,gicp_final_success,1,0,1,0,,,,,
point_lio,5,ROW_MIDDLE,3,selected_bbs_nominal_success,1,1,0,1,1.0,1.0,1.0,,
point_lio,5,ROW_MIDDLE,3,selected_gicp_nominal_success,1,1,0,1,1.0,1.0,1.0,,
point_lio,5,ROW_MIDDLE,3,offline_reference_nominal_success,1,1,0,1,1.0,1.0,1.0,,
point_lio,5,ROW_MIDDLE,3,final_accepted_success,1,0,1,0,,,,,
point_lio,5,ROW_MIDDLE,3,bbs_attempted_count,1,1,0,1,3.0,3.0,3.0,,
point_lio,5,ROW_MIDDLE,3,bbs_observed_count,1,1,0,1,3.0,3.0,3.0,,
point_lio,5,ROW_MIDDLE,3,bbs_censored_count,1,1,0,1,0.0,0.0,0.0,,
point_lio,5,ROW_MIDDLE,3,gicp_attempted_count,1,1,0,1,0.0,0.0,0.0,,
point_lio,5,ROW_MIDDLE,3,gicp_observed_count,1,1,0,1,0.0,0.0,0.0,,
point_lio,5,ROW_MIDDLE,3,gicp_censored_count,1,1,0,1,3.0,3.0,3.0,,
point_lio,5,ROW_MIDDLE,5,physical_row_recall,1,0,1,0,,,,,
point_lio,5,ROW_MIDDLE,5,pose_region_recall_1m,1,0,1,0,,,,,
point_lio,5,ROW_MIDDLE,5,pose_region_recall_2m,1,0,1,0,,,,,
point_lio,5,ROW_MIDDLE,5,pose_region_recall_5m,1,0,1,0,,,,,
point_lio,5,ROW_MIDDLE,5,headland_region_recall,1,0,1,0,,,,,
point_lio,5,ROW_MIDDLE,5,xy_region_recall_1m,1,1,0,1,0.0,0.0,0.0,,
point_lio,5,ROW_MIDDLE,5,xy_region_recall_2m,1,1,0,1,1.0,1.0,1.0,,
point_lio,5,ROW_MIDDLE,5,xy_region_recall_5m,1,1,0,1,1.0,1.0,1.0,,
point_lio,5,ROW_MIDDLE,5,bbs_basin_hit,1,1,0,1,0.0,0.0,0.0,,
point_lio,5,ROW_MIDDLE,5,gicp_final_success,1,0,1,0,,,,,
point_lio,5,ROW_MIDDLE,5,selected_bbs_nominal_success,1,1,0,1,1.0,1.0,1.0,,
point_lio,5,ROW_MIDDLE,5,selected_gicp_nominal_success,1,1,0,1,1.0,1.0,1.0,,
point_lio,5,ROW_MIDDLE,5,offline_reference_nominal_success,1,1,0,1,1.0,1.0,1.0,,
point_lio,5,ROW_MIDDLE,5,final_accepted_success,1,0,1,0,,,,,
point_lio,5,ROW_MIDDLE,5,bbs_attempted_count,1,1,0,1,5.0,5.0,5.0,,
point_lio,5,ROW_MIDDLE,5,bbs_observed_count,1,1,0,1,5.0,5.0,5.0,,
point_lio,5,ROW_MIDDLE,5,bbs_censored_count,1,1,0,1,0.0,0.0,0.0,,
point_lio,5,ROW_MIDDLE,5,gicp_attempted_count,1,1,0,1,0.0,0.0,0.0,,
point_lio,5,ROW_MIDDLE,5,gicp_observed_count,1,1,0,1,0.0,0.0,0.0,,
point_lio,5,ROW_MIDDLE,5,gicp_censored_count,1,1,0,1,5.0,5.0,5.0,,
point_lio,5,ROW_MIDDLE,10,physical_row_recall,1,0,1,0,,,,,
point_lio,5,ROW_MIDDLE,10,pose_region_recall_1m,1,0,1,0,,,,,
point_lio,5,ROW_MIDDLE,10,pose_region_recall_2m,1,0,1,0,,,,,
point_lio,5,ROW_MIDDLE,10,pose_region_recall_5m,1,0,1,0,,,,,
point_lio,5,ROW_MIDDLE,10,headland_region_recall,1,0,1,0,,,,,
point_lio,5,ROW_MIDDLE,10,xy_region_recall_1m,1,1,0,1,0.0,0.0,0.0,,
point_lio,5,ROW_MIDDLE,10,xy_region_recall_2m,1,1,0,1,1.0,1.0,1.0,,
point_lio,5,ROW_MIDDLE,10,xy_region_recall_5m,1,1,0,1,1.0,1.0,1.0,,
point_lio,5,ROW_MIDDLE,10,bbs_basin_hit,1,1,0,1,1.0,1.0,1.0,,
point_lio,5,ROW_MIDDLE,10,gicp_final_success,1,1,0,1,1.0,1.0,1.0,,
point_lio,5,ROW_MIDDLE,10,selected_bbs_nominal_success,1,1,0,1,1.0,1.0,1.0,,
point_lio,5,ROW_MIDDLE,10,selected_gicp_nominal_success,1,1,0,1,1.0,1.0,1.0,,
point_lio,5,ROW_MIDDLE,10,offline_reference_nominal_success,1,1,0,1,1.0,1.0,1.0,,
point_lio,5,ROW_MIDDLE,10,final_accepted_success,1,0,1,0,,,,,
point_lio,5,ROW_MIDDLE,10,bbs_attempted_count,1,1,0,1,10.0,10.0,10.0,,
point_lio,5,ROW_MIDDLE,10,bbs_observed_count,1,1,0,1,10.0,10.0,10.0,,
point_lio,5,ROW_MIDDLE,10,bbs_censored_count,1,1,0,1,0.0,0.0,0.0,,
point_lio,5,ROW_MIDDLE,10,gicp_attempted_count,1,1,0,1,1.0,1.0,1.0,,
point_lio,5,ROW_MIDDLE,10,gicp_observed_count,1,1,0,1,1.0,1.0,1.0,,
point_lio,5,ROW_MIDDLE,10,gicp_censored_count,1,1,0,1,9.0,9.0,9.0,,
