backend_id,frames,k,metric,effect_definition,row_middle_scene_count,headland_scene_count,mean_difference,ci95_lower,ci95_upper
fast_livo2_lio,1,1,physical_row_recall,HEADLAND_minus_ROW_MIDDLE_scene_bootstrap,0,0,,,
fast_livo2_lio,1,1,pose_region_recall_1m,HEADLAND_minus_ROW_MIDDLE_scene_bootstrap,0,0,,,
fast_livo2_lio,1,1,pose_region_recall_2m,HEADLAND_minus_ROW_MIDDLE_scene_bootstrap,0,0,,,
fast_livo2_lio,1,1,pose_region_recall_5m,HEADLAND_minus_ROW_MIDDLE_scene_bootstrap,0,0,,,
fast_livo2_lio,1,1,headland_region_recall,HEADLAND_minus_ROW_MIDDLE_scene_bootstrap,0,0,,,
fast_livo2_lio,1,1,xy_region_recall_1m,HEADLAND_minus_ROW_MIDDLE_scene_bootstrap,1,1,0.0,,
fast_livo2_lio,1,1,xy_region_recall_2m,HEADLAND_minus_ROW_MIDDLE_scene_bootstrap,1,1,0.0,,
fast_livo2_lio,1,1,xy_region_recall_5m,HEADLAND_minus_ROW_MIDDLE_scene_bootstrap,1,1,0.0,,
fast_livo2_lio,1,1,wrong_row_fraction,HEADLAND_minus_ROW_MIDDLE_scene_bootstrap,0,0,,,
fast_livo2_lio,1,1,row_entropy,HEADLAND_minus_ROW_MIDDLE_scene_bootstrap,0,0,,,
fast_livo2_lio,1,1,score_margin_m12,HEADLAND_minus_ROW_MIDDLE_scene_bootstrap,1,1,0.00490729772798823,,
fast_livo2_lio,1,1,mean_radius_m,HEADLAND_minus_ROW_MIDDLE_scene_bootstrap,1,1,0.0,,
fast_livo2_lio,1,1,longitudinal_median_m,HEADLAND_minus_ROW_MIDDLE_scene_bootstrap,0,0,,,
fast_livo2_lio,1,1,bbs_basin_hit,HEADLAND_minus_ROW_MIDDLE_scene_bootstrap,1,1,0.0,,
fast_livo2_lio,1,1,gicp_final_success,HEADLAND_minus_ROW_MIDDLE_scene_bootstrap,0,0,,,
fast_livo2_lio,1,3,physical_row_recall,HEADLAND_minus_ROW_MIDDLE_scene_bootstrap,0,0,,,
fast_livo2_lio,1,3,pose_region_recall_1m,HEADLAND_minus_ROW_MIDDLE_scene_bootstrap,0,0,,,
fast_livo2_lio,1,3,pose_region_recall_2m,HEADLAND_minus_ROW_MIDDLE_scene_bootstrap,0,0,,,
fast_livo2_lio,1,3,pose_region_recall_5m,HEADLAND_minus_ROW_MIDDLE_scene_bootstrap,0,0,,,
fast_livo2_lio,1,3,headland_region_recall,HEADLAND_minus_ROW_MIDDLE_scene_bootstrap,0,0,,,
fast_livo2_lio,1,3,xy_region_recall_1m,HEADLAND_minus_ROW_MIDDLE_scene_bootstrap,1,1,0.0,,
fast_livo2_lio,1,3,xy_region_recall_2m,HEADLAND_minus_ROW_MIDDLE_scene_bootstrap,1,1,-1.0,,
fast_livo2_lio,1,3,xy_region_recall_5m,HEADLAND_minus_ROW_MIDDLE_scene_bootstrap,1,1,-1.0,,
fast_livo2_lio,1,3,wrong_row_fraction,HEADLAND_minus_ROW_MIDDLE_scene_bootstrap,0,0,,,
fast_livo2_lio,1,3,row_entropy,HEADLAND_minus_ROW_MIDDLE_scene_bootstrap,0,0,,,
fast_livo2_lio,1,3,score_margin_m12,HEADLAND_minus_ROW_MIDDLE_scene_bootstrap,1,1,0.00490729772798823,,
fast_livo2_lio,1,3,mean_radius_m,HEADLAND_minus_ROW_MIDDLE_scene_bootstrap,1,1,-2.3010536421996957,,
fast_livo2_lio,1,3,longitudinal_median_m,HEADLAND_minus_ROW_MIDDLE_scene_bootstrap,0,0,,,
fast_livo2_lio,1,3,bbs_basin_hit,HEADLAND_minus_ROW_MIDDLE_scene_bootstrap,1,1,0.0,,
fast_livo2_lio,1,3,gicp_final_success,HEADLAND_minus_ROW_MIDDLE_scene_bootstrap,0,0,,,
fast_livo2_lio,1,5,physical_row_recall,HEADLAND_minus_ROW_MIDDLE_scene_bootstrap,0,0,,,
fast_livo2_lio,1,5,pose_region_recall_1m,HEADLAND_minus_ROW_MIDDLE_scene_bootstrap,0,0,,,
fast_livo2_lio,1,5,pose_region_recall_2m,HEADLAND_minus_ROW_MIDDLE_scene_bootstrap,0,0,,,
fast_livo2_lio,1,5,pose_region_recall_5m,HEADLAND_minus_ROW_MIDDLE_scene_bootstrap,0,0,,,
fast_livo2_lio,1,5,headland_region_recall,HEADLAND_minus_ROW_MIDDLE_scene_bootstrap,0,0,,,
fast_livo2_lio,1,5,xy_region_recall_1m,HEADLAND_minus_ROW_MIDDLE_scene_bootstrap,1,1,0.0,,
fast_livo2_lio,1,5,xy_region_recall_2m,HEADLAND_minus_ROW_MIDDLE_scene_bootstrap,1,1,-1.0,,
fast_livo2_lio,1,5,xy_region_recall_5m,HEADLAND_minus_ROW_MIDDLE_scene_bootstrap,1,1,-1.0,,
fast_livo2_lio,1,5,wrong_row_fraction,HEADLAND_minus_ROW_MIDDLE_scene_bootstrap,0,0,,,
fast_livo2_lio,1,5,row_entropy,HEADLAND_minus_ROW_MIDDLE_scene_bootstrap,0,0,,,
fast_livo2_lio,1,5,score_margin_m12,HEADLAND_minus_ROW_MIDDLE_scene_bootstrap,1,1,0.00490729772798823,,
fast_livo2_lio,1,5,mean_radius_m,HEADLAND_minus_ROW_MIDDLE_scene_bootstrap,1,1,-4.066338121837207,,
fast_livo2_lio,1,5,longitudinal_median_m,HEADLAND_minus_ROW_MIDDLE_scene_bootstrap,0,0,,,
fast_livo2_lio,1,5,bbs_basin_hit,HEADLAND_minus_ROW_MIDDLE_scene_bootstrap,1,1,0.0,,
fast_livo2_lio,1,5,gicp_final_success,HEADLAND_minus_ROW_MIDDLE_scene_bootstrap,0,0,,,
fast_livo2_lio,1,10,physical_row_recall,HEADLAND_minus_ROW_MIDDLE_scene_bootstrap,0,0,,,
fast_livo2_lio,1,10,pose_region_recall_1m,HEADLAND_minus_ROW_MIDDLE_scene_bootstrap,0,0,,,
fast_livo2_lio,1,10,pose_region_recall_2m,HEADLAND_minus_ROW_MIDDLE_scene_bootstrap,0,0,,,
fast_livo2_lio,1,10,pose_region_recall_5m,HEADLAND_minus_ROW_MIDDLE_scene_bootstrap,0,0,,,
fast_livo2_lio,1,10,headland_region_recall,HEADLAND_minus_ROW_MIDDLE_scene_bootstrap,0,0,,,
fast_livo2_lio,1,10,xy_region_recall_1m,HEADLAND_minus_ROW_MIDDLE_scene_bootstrap,1,1,0.0,,
fast_livo2_lio,1,10,xy_region_recall_2m,HEADLAND_minus_ROW_MIDDLE_scene_bootstrap,1,1,-1.0,,
fast_livo2_lio,1,10,xy_region_recall_5m,HEADLAND_minus_ROW_MIDDLE_scene_bootstrap,1,1,-1.0,,
fast_livo2_lio,1,10,wrong_row_fraction,HEADLAND_minus_ROW_MIDDLE_scene_bootstrap,0,0,,,
fast_livo2_lio,1,10,row_entropy,HEADLAND_minus_ROW_MIDDLE_scene_bootstrap,0,0,,,
fast_livo2_lio,1,10,score_margin_m12,HEADLAND_minus_ROW_MIDDLE_scene_bootstrap,1,1,0.00490729772798823,,
fast_livo2_lio,1,10,mean_radius_m,HEADLAND_minus_ROW_MIDDLE_scene_bootstrap,1,1,-2.1582242283945936,,
fast_livo2_lio,1,10,longitudinal_median_m,HEADLAND_minus_ROW_MIDDLE_scene_bootstrap,0,0,,,
fast_livo2_lio,1,10,bbs_basin_hit,HEADLAND_minus_ROW_MIDDLE_scene_bootstrap,1,1,0.0,,
fast_livo2_lio,1,10,gicp_final_success,HEADLAND_minus_ROW_MIDDLE_scene_bootstrap,0,0,,,
fast_livo2_lio,3,1,physical_row_recall,HEADLAND_minus_ROW_MIDDLE_scene_bootstrap,0,0,,,
fast_livo2_lio,3,1,pose_region_recall_1m,HEADLAND_minus_ROW_MIDDLE_scene_bootstrap,0,0,,,
fast_livo2_lio,3,1,pose_region_recall_2m,HEADLAND_minus_ROW_MIDDLE_scene_bootstrap,0,0,,,
fast_livo2_lio,3,1,pose_region_recall_5m,HEADLAND_minus_ROW_MIDDLE_scene_bootstrap,0,0,,,
fast_livo2_lio,3,1,headland_region_recall,HEADLAND_minus_ROW_MIDDLE_scene_bootstrap,0,0,,,
fast_livo2_lio,3,1,xy_region_recall_1m,HEADLAND_minus_ROW_MIDDLE_scene_bootstrap,1,1,0.0,,
fast_livo2_lio,3,1,xy_region_recall_2m,HEADLAND_minus_ROW_MIDDLE_scene_bootstrap,1,1,0.0,,
fast_livo2_lio,3,1,xy_region_recall_5m,HEADLAND_minus_ROW_MIDDLE_scene_bootstrap,1,1,0.0,,
fast_livo2_lio,3,1,wrong_row_fraction,HEADLAND_minus_ROW_MIDDLE_scene_bootstrap,0,0,,,
fast_livo2_lio,3,1,row_entropy,HEADLAND_minus_ROW_MIDDLE_scene_bootstrap,0,0,,,
fast_livo2_lio,3,1,score_margin_m12,HEADLAND_minus_ROW_MIDDLE_scene_bootstrap,1,1,0.011423908482500574,,
fast_livo2_lio,3,1,mean_radius_m,HEADLAND_minus_ROW_MIDDLE_scene_bootstrap,1,1,0.0,,
fast_livo2_lio,3,1,longitudinal_median_m,HEADLAND_minus_ROW_MIDDLE_scene_bootstrap,0,0,,,
fast_livo2_lio,3,1,bbs_basin_hit,HEADLAND_minus_ROW_MIDDLE_scene_bootstrap,1,1,0.0,,
fast_livo2_lio,3,1,gicp_final_success,HEADLAND_minus_ROW_MIDDLE_scene_bootstrap,0,0,,,
fast_livo2_lio,3,3,physical_row_recall,HEADLAND_minus_ROW_MIDDLE_scene_bootstrap,0,0,,,
fast_livo2_lio,3,3,pose_region_recall_1m,HEADLAND_minus_ROW_MIDDLE_scene_bootstrap,0,0,,,
fast_livo2_lio,3,3,pose_region_recall_2m,HEADLAND_minus_ROW_MIDDLE_scene_bootstrap,0,0,,,
fast_livo2_lio,3,3,pose_region_recall_5m,HEADLAND_minus_ROW_MIDDLE_scene_bootstrap,0,0,,,
fast_livo2_lio,3,3,headland_region_recall,HEADLAND_minus_ROW_MIDDLE_scene_bootstrap,0,0,,,
fast_livo2_lio,3,3,xy_region_recall_1m,HEADLAND_minus_ROW_MIDDLE_scene_bootstrap,1,1,0.0,,
fast_livo2_lio,3,3,xy_region_recall_2m,HEADLAND_minus_ROW_MIDDLE_scene_bootstrap,1,1,0.0,,
fast_livo2_lio,3,3,xy_region_recall_5m,HEADLAND_minus_ROW_MIDDLE_scene_bootstrap,1,1,0.0,,
fast_livo2_lio,3,3,wrong_row_fraction,HEADLAND_minus_ROW_MIDDLE_scene_bootstrap,0,0,,,
fast_livo2_lio,3,3,row_entropy,HEADLAND_minus_ROW_MIDDLE_scene_bootstrap,0,0,,,
fast_livo2_lio,3,3,score_margin_m12,HEADLAND_minus_ROW_MIDDLE_scene_bootstrap,1,1,0.011423908482500574,,
fast_livo2_lio,3,3,mean_radius_m,HEADLAND_minus_ROW_MIDDLE_scene_bootstrap,1,1,-3.103089539977098,,
fast_livo2_lio,3,3,longitudinal_median_m,HEADLAND_minus_ROW_MIDDLE_scene_bootstrap,0,0,,,
fast_livo2_lio,3,3,bbs_basin_hit,HEADLAND_minus_ROW_MIDDLE_scene_bootstrap,1,1,0.0,,
fast_livo2_lio,3,3,gicp_final_success,HEADLAND_minus_ROW_MIDDLE_scene_bootstrap,0,0,,,
fast_livo2_lio,3,5,physical_row_recall,HEADLAND_minus_ROW_MIDDLE_scene_bootstrap,0,0,,,
fast_livo2_lio,3,5,pose_region_recall_1m,HEADLAND_minus_ROW_MIDDLE_scene_bootstrap,0,0,,,
fast_livo2_lio,3,5,pose_region_recall_2m,HEADLAND_minus_ROW_MIDDLE_scene_bootstrap,0,0,,,
fast_livo2_lio,3,5,pose_region_recall_5m,HEADLAND_minus_ROW_MIDDLE_scene_bootstrap,0,0,,,
fast_livo2_lio,3,5,headland_region_recall,HEADLAND_minus_ROW_MIDDLE_scene_bootstrap,0,0,,,
fast_livo2_lio,3,5,xy_region_recall_1m,HEADLAND_minus_ROW_MIDDLE_scene_bootstrap,1,1,0.0,,
fast_livo2_lio,3,5,xy_region_recall_2m,HEADLAND_minus_ROW_MIDDLE_scene_bootstrap,1,1,0.0,,
fast_livo2_lio,3,5,xy_region_recall_5m,HEADLAND_minus_ROW_MIDDLE_scene_bootstrap,1,1,0.0,,
fast_livo2_lio,3,5,wrong_row_fraction,HEADLAND_minus_ROW_MIDDLE_scene_bootstrap,0,0,,,
fast_livo2_lio,3,5,row_entropy,HEADLAND_minus_ROW_MIDDLE_scene_bootstrap,0,0,,,
fast_livo2_lio,3,5,score_margin_m12,HEADLAND_minus_ROW_MIDDLE_scene_bootstrap,1,1,0.011423908482500574,,
fast_livo2_lio,3,5,mean_radius_m,HEADLAND_minus_ROW_MIDDLE_scene_bootstrap,1,1,-1.9690722387690753,,
fast_livo2_lio,3,5,longitudinal_median_m,HEADLAND_minus_ROW_MIDDLE_scene_bootstrap,0,0,,,
fast_livo2_lio,3,5,bbs_basin_hit,HEADLAND_minus_ROW_MIDDLE_scene_bootstrap,1,1,1.0,,
fast_livo2_lio,3,5,gicp_final_success,HEADLAND_minus_ROW_MIDDLE_scene_bootstrap,0,0,,,
fast_livo2_lio,3,10,physical_row_recall,HEADLAND_minus_ROW_MIDDLE_scene_bootstrap,0,0,,,
fast_livo2_lio,3,10,pose_region_recall_1m,HEADLAND_minus_ROW_MIDDLE_scene_bootstrap,0,0,,,
fast_livo2_lio,3,10,pose_region_recall_2m,HEADLAND_minus_ROW_MIDDLE_scene_bootstrap,0,0,,,
fast_livo2_lio,3,10,pose_region_recall_5m,HEADLAND_minus_ROW_MIDDLE_scene_bootstrap,0,0,,,
fast_livo2_lio,3,10,headland_region_recall,HEADLAND_minus_ROW_MIDDLE_scene_bootstrap,0,0,,,
fast_livo2_lio,3,10,xy_region_recall_1m,HEADLAND_minus_ROW_MIDDLE_scene_bootstrap,1,1,0.0,,
fast_livo2_lio,3,10,xy_region_recall_2m,HEADLAND_minus_ROW_MIDDLE_scene_bootstrap,1,1,0.0,,
fast_livo2_lio,3,10,xy_region_recall_5m,HEADLAND_minus_ROW_MIDDLE_scene_bootstrap,1,1,0.0,,
fast_livo2_lio,3,10,wrong_row_fraction,HEADLAND_minus_ROW_MIDDLE_scene_bootstrap,0,0,,,
fast_livo2_lio,3,10,row_entropy,HEADLAND_minus_ROW_MIDDLE_scene_bootstrap,0,0,,,
fast_livo2_lio,3,10,score_margin_m12,HEADLAND_minus_ROW_MIDDLE_scene_bootstrap,1,1,0.011423908482500574,,
fast_livo2_lio,3,10,mean_radius_m,HEADLAND_minus_ROW_MIDDLE_scene_bootstrap,1,1,-1.8085925175444295,,
fast_livo2_lio,3,10,longitudinal_median_m,HEADLAND_minus_ROW_MIDDLE_scene_bootstrap,0,0,,,
fast_livo2_lio,3,10,bbs_basin_hit,HEADLAND_minus_ROW_MIDDLE_scene_bootstrap,1,1,0.0,,
fast_livo2_lio,3,10,gicp_final_success,HEADLAND_minus_ROW_MIDDLE_scene_bootstrap,0,0,,,
fast_livo2_lio,5,1,physical_row_recall,HEADLAND_minus_ROW_MIDDLE_scene_bootstrap,0,0,,,
fast_livo2_lio,5,1,pose_region_recall_1m,HEADLAND_minus_ROW_MIDDLE_scene_bootstrap,0,0,,,
fast_livo2_lio,5,1,pose_region_recall_2m,HEADLAND_minus_ROW_MIDDLE_scene_bootstrap,0,0,,,
fast_livo2_lio,5,1,pose_region_recall_5m,HEADLAND_minus_ROW_MIDDLE_scene_bootstrap,0,0,,,
fast_livo2_lio,5,1,headland_region_recall,HEADLAND_minus_ROW_MIDDLE_scene_bootstrap,0,0,,,
fast_livo2_lio,5,1,xy_region_recall_1m,HEADLAND_minus_ROW_MIDDLE_scene_bootstrap,1,1,0.0,,
fast_livo2_lio,5,1,xy_region_recall_2m,HEADLAND_minus_ROW_MIDDLE_scene_bootstrap,1,1,-1.0,,
fast_livo2_lio,5,1,xy_region_recall_5m,HEADLAND_minus_ROW_MIDDLE_scene_bootstrap,1,1,0.0,,
fast_livo2_lio,5,1,wrong_row_fraction,HEADLAND_minus_ROW_MIDDLE_scene_bootstrap,0,0,,,
fast_livo2_lio,5,1,row_entropy,HEADLAND_minus_ROW_MIDDLE_scene_bootstrap,0,0,,,
fast_livo2_lio,5,1,score_margin_m12,HEADLAND_minus_ROW_MIDDLE_scene_bootstrap,1,1,0.003920310282680149,,
fast_livo2_lio,5,1,mean_radius_m,HEADLAND_minus_ROW_MIDDLE_scene_bootstrap,1,1,0.0,,
fast_livo2_lio,5,1,longitudinal_median_m,HEADLAND_minus_ROW_MIDDLE_scene_bootstrap,0,0,,,
fast_livo2_lio,5,1,bbs_basin_hit,HEADLAND_minus_ROW_MIDDLE_scene_bootstrap,1,1,0.0,,
fast_livo2_lio,5,1,gicp_final_success,HEADLAND_minus_ROW_MIDDLE_scene_bootstrap,0,0,,,
fast_livo2_lio,5,3,physical_row_recall,HEADLAND_minus_ROW_MIDDLE_scene_bootstrap,0,0,,,
fast_livo2_lio,5,3,pose_region_recall_1m,HEADLAND_minus_ROW_MIDDLE_scene_bootstrap,0,0,,,
fast_livo2_lio,5,3,pose_region_recall_2m,HEADLAND_minus_ROW_MIDDLE_scene_bootstrap,0,0,,,
fast_livo2_lio,5,3,pose_region_recall_5m,HEADLAND_minus_ROW_MIDDLE_scene_bootstrap,0,0,,,
fast_livo2_lio,5,3,headland_region_recall,HEADLAND_minus_ROW_MIDDLE_scene_bootstrap,0,0,,,
fast_livo2_lio,5,3,xy_region_recall_1m,HEADLAND_minus_ROW_MIDDLE_scene_bootstrap,1,1,0.0,,
fast_livo2_lio,5,3,xy_region_recall_2m,HEADLAND_minus_ROW_MIDDLE_scene_bootstrap,1,1,-1.0,,
fast_livo2_lio,5,3,xy_region_recall_5m,HEADLAND_minus_ROW_MIDDLE_scene_bootstrap,1,1,0.0,,
fast_livo2_lio,5,3,wrong_row_fraction,HEADLAND_minus_ROW_MIDDLE_scene_bootstrap,0,0,,,
fast_livo2_lio,5,3,row_entropy,HEADLAND_minus_ROW_MIDDLE_scene_bootstrap,0,0,,,
fast_livo2_lio,5,3,score_margin_m12,HEADLAND_minus_ROW_MIDDLE_scene_bootstrap,1,1,0.003920310282680149,,
fast_livo2_lio,5,3,mean_radius_m,HEADLAND_minus_ROW_MIDDLE_scene_bootstrap,1,1,-2.9426745549452313,,
fast_livo2_lio,5,3,longitudinal_median_m,HEADLAND_minus_ROW_MIDDLE_scene_bootstrap,0,0,,,
fast_livo2_lio,5,3,bbs_basin_hit,HEADLAND_minus_ROW_MIDDLE_scene_bootstrap,1,1,1.0,,
fast_livo2_lio,5,3,gicp_final_success,HEADLAND_minus_ROW_MIDDLE_scene_bootstrap,0,1,,,
fast_livo2_lio,5,5,physical_row_recall,HEADLAND_minus_ROW_MIDDLE_scene_bootstrap,0,0,,,
fast_livo2_lio,5,5,pose_region_recall_1m,HEADLAND_minus_ROW_MIDDLE_scene_bootstrap,0,0,,,
fast_livo2_lio,5,5,pose_region_recall_2m,HEADLAND_minus_ROW_MIDDLE_scene_bootstrap,0,0,,,
fast_livo2_lio,5,5,pose_region_recall_5m,HEADLAND_minus_ROW_MIDDLE_scene_bootstrap,0,0,,,
fast_livo2_lio,5,5,headland_region_recall,HEADLAND_minus_ROW_MIDDLE_scene_bootstrap,0,0,,,
fast_livo2_lio,5,5,xy_region_recall_1m,HEADLAND_minus_ROW_MIDDLE_scene_bootstrap,1,1,0.0,,
fast_livo2_lio,5,5,xy_region_recall_2m,HEADLAND_minus_ROW_MIDDLE_scene_bootstrap,1,1,-1.0,,
fast_livo2_lio,5,5,xy_region_recall_5m,HEADLAND_minus_ROW_MIDDLE_scene_bootstrap,1,1,0.0,,
fast_livo2_lio,5,5,wrong_row_fraction,HEADLAND_minus_ROW_MIDDLE_scene_bootstrap,0,0,,,
fast_livo2_lio,5,5,row_entropy,HEADLAND_minus_ROW_MIDDLE_scene_bootstrap,0,0,,,
fast_livo2_lio,5,5,score_margin_m12,HEADLAND_minus_ROW_MIDDLE_scene_bootstrap,1,1,0.003920310282680149,,
fast_livo2_lio,5,5,mean_radius_m,HEADLAND_minus_ROW_MIDDLE_scene_bootstrap,1,1,-0.8493380415233007,,
fast_livo2_lio,5,5,longitudinal_median_m,HEADLAND_minus_ROW_MIDDLE_scene_bootstrap,0,0,,,
fast_livo2_lio,5,5,bbs_basin_hit,HEADLAND_minus_ROW_MIDDLE_scene_bootstrap,1,1,1.0,,
fast_livo2_lio,5,5,gicp_final_success,HEADLAND_minus_ROW_MIDDLE_scene_bootstrap,0,1,,,
fast_livo2_lio,5,10,physical_row_recall,HEADLAND_minus_ROW_MIDDLE_scene_bootstrap,0,0,,,
fast_livo2_lio,5,10,pose_region_recall_1m,HEADLAND_minus_ROW_MIDDLE_scene_bootstrap,0,0,,,
fast_livo2_lio,5,10,pose_region_recall_2m,HEADLAND_minus_ROW_MIDDLE_scene_bootstrap,0,0,,,
fast_livo2_lio,5,10,pose_region_recall_5m,HEADLAND_minus_ROW_MIDDLE_scene_bootstrap,0,0,,,
fast_livo2_lio,5,10,headland_region_recall,HEADLAND_minus_ROW_MIDDLE_scene_bootstrap,0,0,,,
fast_livo2_lio,5,10,xy_region_recall_1m,HEADLAND_minus_ROW_MIDDLE_scene_bootstrap,1,1,0.0,,
fast_livo2_lio,5,10,xy_region_recall_2m,HEADLAND_minus_ROW_MIDDLE_scene_bootstrap,1,1,-1.0,,
fast_livo2_lio,5,10,xy_region_recall_5m,HEADLAND_minus_ROW_MIDDLE_scene_bootstrap,1,1,0.0,,
fast_livo2_lio,5,10,wrong_row_fraction,HEADLAND_minus_ROW_MIDDLE_scene_bootstrap,0,0,,,
fast_livo2_lio,5,10,row_entropy,HEADLAND_minus_ROW_MIDDLE_scene_bootstrap,0,0,,,
fast_livo2_lio,5,10,score_margin_m12,HEADLAND_minus_ROW_MIDDLE_scene_bootstrap,1,1,0.003920310282680149,,
fast_livo2_lio,5,10,mean_radius_m,HEADLAND_minus_ROW_MIDDLE_scene_bootstrap,1,1,-0.6737031043188866,,
fast_livo2_lio,5,10,longitudinal_median_m,HEADLAND_minus_ROW_MIDDLE_scene_bootstrap,0,0,,,
fast_livo2_lio,5,10,bbs_basin_hit,HEADLAND_minus_ROW_MIDDLE_scene_bootstrap,1,1,1.0,,
fast_livo2_lio,5,10,gicp_final_success,HEADLAND_minus_ROW_MIDDLE_scene_bootstrap,0,1,,,
point_lio,1,1,physical_row_recall,HEADLAND_minus_ROW_MIDDLE_scene_bootstrap,0,0,,,
point_lio,1,1,pose_region_recall_1m,HEADLAND_minus_ROW_MIDDLE_scene_bootstrap,0,0,,,
point_lio,1,1,pose_region_recall_2m,HEADLAND_minus_ROW_MIDDLE_scene_bootstrap,0,0,,,
point_lio,1,1,pose_region_recall_5m,HEADLAND_minus_ROW_MIDDLE_scene_bootstrap,0,0,,,
point_lio,1,1,headland_region_recall,HEADLAND_minus_ROW_MIDDLE_scene_bootstrap,0,0,,,
point_lio,1,1,xy_region_recall_1m,HEADLAND_minus_ROW_MIDDLE_scene_bootstrap,1,1,0.0,,
point_lio,1,1,xy_region_recall_2m,HEADLAND_minus_ROW_MIDDLE_scene_bootstrap,1,1,0.0,,
point_lio,1,1,xy_region_recall_5m,HEADLAND_minus_ROW_MIDDLE_scene_bootstrap,1,1,-1.0,,
point_lio,1,1,wrong_row_fraction,HEADLAND_minus_ROW_MIDDLE_scene_bootstrap,0,0,,,
point_lio,1,1,row_entropy,HEADLAND_minus_ROW_MIDDLE_scene_bootstrap,0,0,,,
point_lio,1,1,score_margin_m12,HEADLAND_minus_ROW_MIDDLE_scene_bootstrap,1,1,-0.009138826816682617,,
point_lio,1,1,mean_radius_m,HEADLAND_minus_ROW_MIDDLE_scene_bootstrap,1,1,0.0,,
point_lio,1,1,longitudinal_median_m,HEADLAND_minus_ROW_MIDDLE_scene_bootstrap,0,0,,,
point_lio,1,1,bbs_basin_hit,HEADLAND_minus_ROW_MIDDLE_scene_bootstrap,1,1,0.0,,
point_lio,1,1,gicp_final_success,HEADLAND_minus_ROW_MIDDLE_scene_bootstrap,0,0,,,
point_lio,1,3,physical_row_recall,HEADLAND_minus_ROW_MIDDLE_scene_bootstrap,0,0,,,
point_lio,1,3,pose_region_recall_1m,HEADLAND_minus_ROW_MIDDLE_scene_bootstrap,0,0,,,
point_lio,1,3,pose_region_recall_2m,HEADLAND_minus_ROW_MIDDLE_scene_bootstrap,0,0,,,
point_lio,1,3,pose_region_recall_5m,HEADLAND_minus_ROW_MIDDLE_scene_bootstrap,0,0,,,
point_lio,1,3,headland_region_recall,HEADLAND_minus_ROW_MIDDLE_scene_bootstrap,0,0,,,
point_lio,1,3,xy_region_recall_1m,HEADLAND_minus_ROW_MIDDLE_scene_bootstrap,1,1,0.0,,
point_lio,1,3,xy_region_recall_2m,HEADLAND_minus_ROW_MIDDLE_scene_bootstrap,1,1,-1.0,,
point_lio,1,3,xy_region_recall_5m,HEADLAND_minus_ROW_MIDDLE_scene_bootstrap,1,1,-1.0,,
point_lio,1,3,wrong_row_fraction,HEADLAND_minus_ROW_MIDDLE_scene_bootstrap,0,0,,,
point_lio,1,3,row_entropy,HEADLAND_minus_ROW_MIDDLE_scene_bootstrap,0,0,,,
point_lio,1,3,score_margin_m12,HEADLAND_minus_ROW_MIDDLE_scene_bootstrap,1,1,-0.009138826816682617,,
point_lio,1,3,mean_radius_m,HEADLAND_minus_ROW_MIDDLE_scene_bootstrap,1,1,-1.4245154590183737,,
point_lio,1,3,longitudinal_median_m,HEADLAND_minus_ROW_MIDDLE_scene_bootstrap,0,0,,,
point_lio,1,3,bbs_basin_hit,HEADLAND_minus_ROW_MIDDLE_scene_bootstrap,1,1,-1.0,,
point_lio,1,3,gicp_final_success,HEADLAND_minus_ROW_MIDDLE_scene_bootstrap,0,0,,,
point_lio,1,5,physical_row_recall,HEADLAND_minus_ROW_MIDDLE_scene_bootstrap,0,0,,,
point_lio,1,5,pose_region_recall_1m,HEADLAND_minus_ROW_MIDDLE_scene_bootstrap,0,0,,,
point_lio,1,5,pose_region_recall_2m,HEADLAND_minus_ROW_MIDDLE_scene_bootstrap,0,0,,,
point_lio,1,5,pose_region_recall_5m,HEADLAND_minus_ROW_MIDDLE_scene_bootstrap,0,0,,,
point_lio,1,5,headland_region_recall,HEADLAND_minus_ROW_MIDDLE_scene_bootstrap,0,0,,,
point_lio,1,5,xy_region_recall_1m,HEADLAND_minus_ROW_MIDDLE_scene_bootstrap,1,1,0.0,,
point_lio,1,5,xy_region_recall_2m,HEADLAND_minus_ROW_MIDDLE_scene_bootstrap,1,1,-1.0,,
point_lio,1,5,xy_region_recall_5m,HEADLAND_minus_ROW_MIDDLE_scene_bootstrap,1,1,-1.0,,
point_lio,1,5,wrong_row_fraction,HEADLAND_minus_ROW_MIDDLE_scene_bootstrap,0,0,,,
point_lio,1,5,row_entropy,HEADLAND_minus_ROW_MIDDLE_scene_bootstrap,0,0,,,
point_lio,1,5,score_margin_m12,HEADLAND_minus_ROW_MIDDLE_scene_bootstrap,1,1,-0.009138826816682617,,
point_lio,1,5,mean_radius_m,HEADLAND_minus_ROW_MIDDLE_scene_bootstrap,1,1,-3.616671984641989,,
point_lio,1,5,longitudinal_median_m,HEADLAND_minus_ROW_MIDDLE_scene_bootstrap,0,0,,,
point_lio,1,5,bbs_basin_hit,HEADLAND_minus_ROW_MIDDLE_scene_bootstrap,1,1,-1.0,,
point_lio,1,5,gicp_final_success,HEADLAND_minus_ROW_MIDDLE_scene_bootstrap,0,0,,,
point_lio,1,10,physical_row_recall,HEADLAND_minus_ROW_MIDDLE_scene_bootstrap,0,0,,,
point_lio,1,10,pose_region_recall_1m,HEADLAND_minus_ROW_MIDDLE_scene_bootstrap,0,0,,,
point_lio,1,10,pose_region_recall_2m,HEADLAND_minus_ROW_MIDDLE_scene_bootstrap,0,0,,,
point_lio,1,10,pose_region_recall_5m,HEADLAND_minus_ROW_MIDDLE_scene_bootstrap,0,0,,,
point_lio,1,10,headland_region_recall,HEADLAND_minus_ROW_MIDDLE_scene_bootstrap,0,0,,,
point_lio,1,10,xy_region_recall_1m,HEADLAND_minus_ROW_MIDDLE_scene_bootstrap,1,1,1.0,,
point_lio,1,10,xy_region_recall_2m,HEADLAND_minus_ROW_MIDDLE_scene_bootstrap,1,1,0.0,,
point_lio,1,10,xy_region_recall_5m,HEADLAND_minus_ROW_MIDDLE_scene_bootstrap,1,1,0.0,,
point_lio,1,10,wrong_row_fraction,HEADLAND_minus_ROW_MIDDLE_scene_bootstrap,0,0,,,
point_lio,1,10,row_entropy,HEADLAND_minus_ROW_MIDDLE_scene_bootstrap,0,0,,,
point_lio,1,10,score_margin_m12,HEADLAND_minus_ROW_MIDDLE_scene_bootstrap,1,1,-0.009138826816682617,,
point_lio,1,10,mean_radius_m,HEADLAND_minus_ROW_MIDDLE_scene_bootstrap,1,1,-1.5845400812306902,,
point_lio,1,10,longitudinal_median_m,HEADLAND_minus_ROW_MIDDLE_scene_bootstrap,0,0,,,
point_lio,1,10,bbs_basin_hit,HEADLAND_minus_ROW_MIDDLE_scene_bootstrap,1,1,-1.0,,
point_lio,1,10,gicp_final_success,HEADLAND_minus_ROW_MIDDLE_scene_bootstrap,1,0,,,
point_lio,3,1,physical_row_recall,HEADLAND_minus_ROW_MIDDLE_scene_bootstrap,0,0,,,
point_lio,3,1,pose_region_recall_1m,HEADLAND_minus_ROW_MIDDLE_scene_bootstrap,0,0,,,
point_lio,3,1,pose_region_recall_2m,HEADLAND_minus_ROW_MIDDLE_scene_bootstrap,0,0,,,
point_lio,3,1,pose_region_recall_5m,HEADLAND_minus_ROW_MIDDLE_scene_bootstrap,0,0,,,
point_lio,3,1,headland_region_recall,HEADLAND_minus_ROW_MIDDLE_scene_bootstrap,0,0,,,
point_lio,3,1,xy_region_recall_1m,HEADLAND_minus_ROW_MIDDLE_scene_bootstrap,1,1,0.0,,
point_lio,3,1,xy_region_recall_2m,HEADLAND_minus_ROW_MIDDLE_scene_bootstrap,1,1,1.0,,
point_lio,3,1,xy_region_recall_5m,HEADLAND_minus_ROW_MIDDLE_scene_bootstrap,1,1,1.0,,
point_lio,3,1,wrong_row_fraction,HEADLAND_minus_ROW_MIDDLE_scene_bootstrap,0,0,,,
point_lio,3,1,row_entropy,HEADLAND_minus_ROW_MIDDLE_scene_bootstrap,0,0,,,
point_lio,3,1,score_margin_m12,HEADLAND_minus_ROW_MIDDLE_scene_bootstrap,1,1,0.018441880983669907,,
point_lio,3,1,mean_radius_m,HEADLAND_minus_ROW_MIDDLE_scene_bootstrap,1,1,0.0,,
point_lio,3,1,longitudinal_median_m,HEADLAND_minus_ROW_MIDDLE_scene_bootstrap,0,0,,,
point_lio,3,1,bbs_basin_hit,HEADLAND_minus_ROW_MIDDLE_scene_bootstrap,1,1,0.0,,
point_lio,3,1,gicp_final_success,HEADLAND_minus_ROW_MIDDLE_scene_bootstrap,0,1,,,
point_lio,3,3,physical_row_recall,HEADLAND_minus_ROW_MIDDLE_scene_bootstrap,0,0,,,
point_lio,3,3,pose_region_recall_1m,HEADLAND_minus_ROW_MIDDLE_scene_bootstrap,0,0,,,
point_lio,3,3,pose_region_recall_2m,HEADLAND_minus_ROW_MIDDLE_scene_bootstrap,0,0,,,
point_lio,3,3,pose_region_recall_5m,HEADLAND_minus_ROW_MIDDLE_scene_bootstrap,0,0,,,
point_lio,3,3,headland_region_recall,HEADLAND_minus_ROW_MIDDLE_scene_bootstrap,0,0,,,
point_lio,3,3,xy_region_recall_1m,HEADLAND_minus_ROW_MIDDLE_scene_bootstrap,1,1,0.0,,
point_lio,3,3,xy_region_recall_2m,HEADLAND_minus_ROW_MIDDLE_scene_bootstrap,1,1,1.0,,
point_lio,3,3,xy_region_recall_5m,HEADLAND_minus_ROW_MIDDLE_scene_bootstrap,1,1,1.0,,
point_lio,3,3,wrong_row_fraction,HEADLAND_minus_ROW_MIDDLE_scene_bootstrap,0,0,,,
point_lio,3,3,row_entropy,HEADLAND_minus_ROW_MIDDLE_scene_bootstrap,0,0,,,
point_lio,3,3,score_margin_m12,HEADLAND_minus_ROW_MIDDLE_scene_bootstrap,1,1,0.018441880983669907,,
point_lio,3,3,mean_radius_m,HEADLAND_minus_ROW_MIDDLE_scene_bootstrap,1,1,-3.325284211493174,,
point_lio,3,3,longitudinal_median_m,HEADLAND_minus_ROW_MIDDLE_scene_bootstrap,0,0,,,
point_lio,3,3,bbs_basin_hit,HEADLAND_minus_ROW_MIDDLE_scene_bootstrap,1,1,0.0,,
point_lio,3,3,gicp_final_success,HEADLAND_minus_ROW_MIDDLE_scene_bootstrap,0,0,,,
point_lio,3,5,physical_row_recall,HEADLAND_minus_ROW_MIDDLE_scene_bootstrap,0,0,,,
point_lio,3,5,pose_region_recall_1m,HEADLAND_minus_ROW_MIDDLE_scene_bootstrap,0,0,,,
point_lio,3,5,pose_region_recall_2m,HEADLAND_minus_ROW_MIDDLE_scene_bootstrap,0,0,,,
point_lio,3,5,pose_region_recall_5m,HEADLAND_minus_ROW_MIDDLE_scene_bootstrap,0,0,,,
point_lio,3,5,headland_region_recall,HEADLAND_minus_ROW_MIDDLE_scene_bootstrap,0,0,,,
point_lio,3,5,xy_region_recall_1m,HEADLAND_minus_ROW_MIDDLE_scene_bootstrap,1,1,0.0,,
point_lio,3,5,xy_region_recall_2m,HEADLAND_minus_ROW_MIDDLE_scene_bootstrap,1,1,0.0,,
point_lio,3,5,xy_region_recall_5m,HEADLAND_minus_ROW_MIDDLE_scene_bootstrap,1,1,0.0,,
point_lio,3,5,wrong_row_fraction,HEADLAND_minus_ROW_MIDDLE_scene_bootstrap,0,0,,,
point_lio,3,5,row_entropy,HEADLAND_minus_ROW_MIDDLE_scene_bootstrap,0,0,,,
point_lio,3,5,score_margin_m12,HEADLAND_minus_ROW_MIDDLE_scene_bootstrap,1,1,0.018441880983669907,,
point_lio,3,5,mean_radius_m,HEADLAND_minus_ROW_MIDDLE_scene_bootstrap,1,1,-1.7674664973415979,,
point_lio,3,5,longitudinal_median_m,HEADLAND_minus_ROW_MIDDLE_scene_bootstrap,0,0,,,
point_lio,3,5,bbs_basin_hit,HEADLAND_minus_ROW_MIDDLE_scene_bootstrap,1,1,0.0,,
point_lio,3,5,gicp_final_success,HEADLAND_minus_ROW_MIDDLE_scene_bootstrap,0,0,,,
point_lio,3,10,physical_row_recall,HEADLAND_minus_ROW_MIDDLE_scene_bootstrap,0,0,,,
point_lio,3,10,pose_region_recall_1m,HEADLAND_minus_ROW_MIDDLE_scene_bootstrap,0,0,,,
point_lio,3,10,pose_region_recall_2m,HEADLAND_minus_ROW_MIDDLE_scene_bootstrap,0,0,,,
point_lio,3,10,pose_region_recall_5m,HEADLAND_minus_ROW_MIDDLE_scene_bootstrap,0,0,,,
point_lio,3,10,headland_region_recall,HEADLAND_minus_ROW_MIDDLE_scene_bootstrap,0,0,,,
point_lio,3,10,xy_region_recall_1m,HEADLAND_minus_ROW_MIDDLE_scene_bootstrap,1,1,0.0,,
point_lio,3,10,xy_region_recall_2m,HEADLAND_minus_ROW_MIDDLE_scene_bootstrap,1,1,0.0,,
point_lio,3,10,xy_region_recall_5m,HEADLAND_minus_ROW_MIDDLE_scene_bootstrap,1,1,0.0,,
point_lio,3,10,wrong_row_fraction,HEADLAND_minus_ROW_MIDDLE_scene_bootstrap,0,0,,,
point_lio,3,10,row_entropy,HEADLAND_minus_ROW_MIDDLE_scene_bootstrap,0,0,,,
point_lio,3,10,score_margin_m12,HEADLAND_minus_ROW_MIDDLE_scene_bootstrap,1,1,0.018441880983669907,,
point_lio,3,10,mean_radius_m,HEADLAND_minus_ROW_MIDDLE_scene_bootstrap,1,1,-1.715249090812618,,
point_lio,3,10,longitudinal_median_m,HEADLAND_minus_ROW_MIDDLE_scene_bootstrap,0,0,,,
point_lio,3,10,bbs_basin_hit,HEADLAND_minus_ROW_MIDDLE_scene_bootstrap,1,1,-1.0,,
point_lio,3,10,gicp_final_success,HEADLAND_minus_ROW_MIDDLE_scene_bootstrap,1,0,,,
point_lio,5,1,physical_row_recall,HEADLAND_minus_ROW_MIDDLE_scene_bootstrap,0,0,,,
point_lio,5,1,pose_region_recall_1m,HEADLAND_minus_ROW_MIDDLE_scene_bootstrap,0,0,,,
point_lio,5,1,pose_region_recall_2m,HEADLAND_minus_ROW_MIDDLE_scene_bootstrap,0,0,,,
point_lio,5,1,pose_region_recall_5m,HEADLAND_minus_ROW_MIDDLE_scene_bootstrap,0,0,,,
point_lio,5,1,headland_region_recall,HEADLAND_minus_ROW_MIDDLE_scene_bootstrap,0,0,,,
point_lio,5,1,xy_region_recall_1m,HEADLAND_minus_ROW_MIDDLE_scene_bootstrap,1,1,0.0,,
point_lio,5,1,xy_region_recall_2m,HEADLAND_minus_ROW_MIDDLE_scene_bootstrap,1,1,0.0,,
point_lio,5,1,xy_region_recall_5m,HEADLAND_minus_ROW_MIDDLE_scene_bootstrap,1,1,0.0,,
point_lio,5,1,wrong_row_fraction,HEADLAND_minus_ROW_MIDDLE_scene_bootstrap,0,0,,,
point_lio,5,1,row_entropy,HEADLAND_minus_ROW_MIDDLE_scene_bootstrap,0,0,,,
point_lio,5,1,score_margin_m12,HEADLAND_minus_ROW_MIDDLE_scene_bootstrap,1,1,0.01331359643916503,,
point_lio,5,1,mean_radius_m,HEADLAND_minus_ROW_MIDDLE_scene_bootstrap,1,1,0.0,,
point_lio,5,1,longitudinal_median_m,HEADLAND_minus_ROW_MIDDLE_scene_bootstrap,0,0,,,
point_lio,5,1,bbs_basin_hit,HEADLAND_minus_ROW_MIDDLE_scene_bootstrap,1,1,0.0,,
point_lio,5,1,gicp_final_success,HEADLAND_minus_ROW_MIDDLE_scene_bootstrap,0,0,,,
point_lio,5,3,physical_row_recall,HEADLAND_minus_ROW_MIDDLE_scene_bootstrap,0,0,,,
point_lio,5,3,pose_region_recall_1m,HEADLAND_minus_ROW_MIDDLE_scene_bootstrap,0,0,,,
point_lio,5,3,pose_region_recall_2m,HEADLAND_minus_ROW_MIDDLE_scene_bootstrap,0,0,,,
point_lio,5,3,pose_region_recall_5m,HEADLAND_minus_ROW_MIDDLE_scene_bootstrap,0,0,,,
point_lio,5,3,headland_region_recall,HEADLAND_minus_ROW_MIDDLE_scene_bootstrap,0,0,,,
point_lio,5,3,xy_region_recall_1m,HEADLAND_minus_ROW_MIDDLE_scene_bootstrap,1,1,0.0,,
point_lio,5,3,xy_region_recall_2m,HEADLAND_minus_ROW_MIDDLE_scene_bootstrap,1,1,0.0,,
point_lio,5,3,xy_region_recall_5m,HEADLAND_minus_ROW_MIDDLE_scene_bootstrap,1,1,0.0,,
point_lio,5,3,wrong_row_fraction,HEADLAND_minus_ROW_MIDDLE_scene_bootstrap,0,0,,,
point_lio,5,3,row_entropy,HEADLAND_minus_ROW_MIDDLE_scene_bootstrap,0,0,,,
point_lio,5,3,score_margin_m12,HEADLAND_minus_ROW_MIDDLE_scene_bootstrap,1,1,0.01331359643916503,,
point_lio,5,3,mean_radius_m,HEADLAND_minus_ROW_MIDDLE_scene_bootstrap,1,1,-6.081832424145505,,
point_lio,5,3,longitudinal_median_m,HEADLAND_minus_ROW_MIDDLE_scene_bootstrap,0,0,,,
point_lio,5,3,bbs_basin_hit,HEADLAND_minus_ROW_MIDDLE_scene_bootstrap,1,1,0.0,,
point_lio,5,3,gicp_final_success,HEADLAND_minus_ROW_MIDDLE_scene_bootstrap,0,0,,,
point_lio,5,5,physical_row_recall,HEADLAND_minus_ROW_MIDDLE_scene_bootstrap,0,0,,,
point_lio,5,5,pose_region_recall_1m,HEADLAND_minus_ROW_MIDDLE_scene_bootstrap,0,0,,,
point_lio,5,5,pose_region_recall_2m,HEADLAND_minus_ROW_MIDDLE_scene_bootstrap,0,0,,,
point_lio,5,5,pose_region_recall_5m,HEADLAND_minus_ROW_MIDDLE_scene_bootstrap,0,0,,,
point_lio,5,5,headland_region_recall,HEADLAND_minus_ROW_MIDDLE_scene_bootstrap,0,0,,,
point_lio,5,5,xy_region_recall_1m,HEADLAND_minus_ROW_MIDDLE_scene_bootstrap,1,1,0.0,,
point_lio,5,5,xy_region_recall_2m,HEADLAND_minus_ROW_MIDDLE_scene_bootstrap,1,1,-1.0,,
point_lio,5,5,xy_region_recall_5m,HEADLAND_minus_ROW_MIDDLE_scene_bootstrap,1,1,0.0,,
point_lio,5,5,wrong_row_fraction,HEADLAND_minus_ROW_MIDDLE_scene_bootstrap,0,0,,,
point_lio,5,5,row_entropy,HEADLAND_minus_ROW_MIDDLE_scene_bootstrap,0,0,,,
point_lio,5,5,score_margin_m12,HEADLAND_minus_ROW_MIDDLE_scene_bootstrap,1,1,0.01331359643916503,,
point_lio,5,5,mean_radius_m,HEADLAND_minus_ROW_MIDDLE_scene_bootstrap,1,1,-3.199418133389688,,
point_lio,5,5,longitudinal_median_m,HEADLAND_minus_ROW_MIDDLE_scene_bootstrap,0,0,,,
point_lio,5,5,bbs_basin_hit,HEADLAND_minus_ROW_MIDDLE_scene_bootstrap,1,1,0.0,,
point_lio,5,5,gicp_final_success,HEADLAND_minus_ROW_MIDDLE_scene_bootstrap,0,0,,,
point_lio,5,10,physical_row_recall,HEADLAND_minus_ROW_MIDDLE_scene_bootstrap,0,0,,,
point_lio,5,10,pose_region_recall_1m,HEADLAND_minus_ROW_MIDDLE_scene_bootstrap,0,0,,,
point_lio,5,10,pose_region_recall_2m,HEADLAND_minus_ROW_MIDDLE_scene_bootstrap,0,0,,,
point_lio,5,10,pose_region_recall_5m,HEADLAND_minus_ROW_MIDDLE_scene_bootstrap,0,0,,,
point_lio,5,10,headland_region_recall,HEADLAND_minus_ROW_MIDDLE_scene_bootstrap,0,0,,,
point_lio,5,10,xy_region_recall_1m,HEADLAND_minus_ROW_MIDDLE_scene_bootstrap,1,1,0.0,,
point_lio,5,10,xy_region_recall_2m,HEADLAND_minus_ROW_MIDDLE_scene_bootstrap,1,1,0.0,,
point_lio,5,10,xy_region_recall_5m,HEADLAND_minus_ROW_MIDDLE_scene_bootstrap,1,1,0.0,,
point_lio,5,10,wrong_row_fraction,HEADLAND_minus_ROW_MIDDLE_scene_bootstrap,0,0,,,
point_lio,5,10,row_entropy,HEADLAND_minus_ROW_MIDDLE_scene_bootstrap,0,0,,,
point_lio,5,10,score_margin_m12,HEADLAND_minus_ROW_MIDDLE_scene_bootstrap,1,1,0.01331359643916503,,
point_lio,5,10,mean_radius_m,HEADLAND_minus_ROW_MIDDLE_scene_bootstrap,1,1,-2.8355068162706445,,
point_lio,5,10,longitudinal_median_m,HEADLAND_minus_ROW_MIDDLE_scene_bootstrap,0,0,,,
point_lio,5,10,bbs_basin_hit,HEADLAND_minus_ROW_MIDDLE_scene_bootstrap,1,1,-1.0,,
point_lio,5,10,gicp_final_success,HEADLAND_minus_ROW_MIDDLE_scene_bootstrap,1,0,,,
