frames,scene_type,k,metric,first,second,effect_definition,paired_scene_count,mean_difference,ci95_lower,ci95_upper
1,HEADLAND,1,physical_row_recall,fast_livo2_lio,point_lio,second_minus_first_scene_paired,0,,,
1,HEADLAND,1,pose_region_recall_1m,fast_livo2_lio,point_lio,second_minus_first_scene_paired,0,,,
1,HEADLAND,1,pose_region_recall_2m,fast_livo2_lio,point_lio,second_minus_first_scene_paired,0,,,
1,HEADLAND,1,pose_region_recall_5m,fast_livo2_lio,point_lio,second_minus_first_scene_paired,0,,,
1,HEADLAND,1,headland_region_recall,fast_livo2_lio,point_lio,second_minus_first_scene_paired,0,,,
1,HEADLAND,1,xy_region_recall_1m,fast_livo2_lio,point_lio,second_minus_first_scene_paired,1,0.0,,
1,HEADLAND,1,xy_region_recall_2m,fast_livo2_lio,point_lio,second_minus_first_scene_paired,1,0.0,,
1,HEADLAND,1,xy_region_recall_5m,fast_livo2_lio,point_lio,second_minus_first_scene_paired,1,0.0,,
1,HEADLAND,1,wrong_row_fraction,fast_livo2_lio,point_lio,second_minus_first_scene_paired,0,,,
1,HEADLAND,1,row_entropy,fast_livo2_lio,point_lio,second_minus_first_scene_paired,0,,,
1,HEADLAND,1,score_margin_m12,fast_livo2_lio,point_lio,second_minus_first_scene_paired,1,-0.005334450175243606,,
1,HEADLAND,1,mean_radius_m,fast_livo2_lio,point_lio,second_minus_first_scene_paired,1,0.0,,
1,HEADLAND,1,longitudinal_median_m,fast_livo2_lio,point_lio,second_minus_first_scene_paired,0,,,
1,HEADLAND,1,bbs_basin_hit,fast_livo2_lio,point_lio,second_minus_first_scene_paired,1,0.0,,
1,HEADLAND,1,gicp_final_success,fast_livo2_lio,point_lio,second_minus_first_scene_paired,0,,,
1,HEADLAND,3,physical_row_recall,fast_livo2_lio,point_lio,second_minus_first_scene_paired,0,,,
1,HEADLAND,3,pose_region_recall_1m,fast_livo2_lio,point_lio,second_minus_first_scene_paired,0,,,
1,HEADLAND,3,pose_region_recall_2m,fast_livo2_lio,point_lio,second_minus_first_scene_paired,0,,,
1,HEADLAND,3,pose_region_recall_5m,fast_livo2_lio,point_lio,second_minus_first_scene_paired,0,,,
1,HEADLAND,3,headland_region_recall,fast_livo2_lio,point_lio,second_minus_first_scene_paired,0,,,
1,HEADLAND,3,xy_region_recall_1m,fast_livo2_lio,point_lio,second_minus_first_scene_paired,1,0.0,,
1,HEADLAND,3,xy_region_recall_2m,fast_livo2_lio,point_lio,second_minus_first_scene_paired,1,0.0,,
1,HEADLAND,3,xy_region_recall_5m,fast_livo2_lio,point_lio,second_minus_first_scene_paired,1,0.0,,
1,HEADLAND,3,wrong_row_fraction,fast_livo2_lio,point_lio,second_minus_first_scene_paired,0,,,
1,HEADLAND,3,row_entropy,fast_livo2_lio,point_lio,second_minus_first_scene_paired,0,,,
1,HEADLAND,3,score_margin_m12,fast_livo2_lio,point_lio,second_minus_first_scene_paired,1,-0.005334450175243606,,
1,HEADLAND,3,mean_radius_m,fast_livo2_lio,point_lio,second_minus_first_scene_paired,1,-0.05300998781495414,,
1,HEADLAND,3,longitudinal_median_m,fast_livo2_lio,point_lio,second_minus_first_scene_paired,0,,,
1,HEADLAND,3,bbs_basin_hit,fast_livo2_lio,point_lio,second_minus_first_scene_paired,1,0.0,,
1,HEADLAND,3,gicp_final_success,fast_livo2_lio,point_lio,second_minus_first_scene_paired,0,,,
1,HEADLAND,5,physical_row_recall,fast_livo2_lio,point_lio,second_minus_first_scene_paired,0,,,
1,HEADLAND,5,pose_region_recall_1m,fast_livo2_lio,point_lio,second_minus_first_scene_paired,0,,,
1,HEADLAND,5,pose_region_recall_2m,fast_livo2_lio,point_lio,second_minus_first_scene_paired,0,,,
1,HEADLAND,5,pose_region_recall_5m,fast_livo2_lio,point_lio,second_minus_first_scene_paired,0,,,
1,HEADLAND,5,headland_region_recall,fast_livo2_lio,point_lio,second_minus_first_scene_paired,0,,,
1,HEADLAND,5,xy_region_recall_1m,fast_livo2_lio,point_lio,second_minus_first_scene_paired,1,0.0,,
1,HEADLAND,5,xy_region_recall_2m,fast_livo2_lio,point_lio,second_minus_first_scene_paired,1,0.0,,
1,HEADLAND,5,xy_region_recall_5m,fast_livo2_lio,point_lio,second_minus_first_scene_paired,1,0.0,,
1,HEADLAND,5,wrong_row_fraction,fast_livo2_lio,point_lio,second_minus_first_scene_paired,0,,,
1,HEADLAND,5,row_entropy,fast_livo2_lio,point_lio,second_minus_first_scene_paired,0,,,
1,HEADLAND,5,score_margin_m12,fast_livo2_lio,point_lio,second_minus_first_scene_paired,1,-0.005334450175243606,,
1,HEADLAND,5,mean_radius_m,fast_livo2_lio,point_lio,second_minus_first_scene_paired,1,-0.5877594887611073,,
1,HEADLAND,5,longitudinal_median_m,fast_livo2_lio,point_lio,second_minus_first_scene_paired,0,,,
1,HEADLAND,5,bbs_basin_hit,fast_livo2_lio,point_lio,second_minus_first_scene_paired,1,0.0,,
1,HEADLAND,5,gicp_final_success,fast_livo2_lio,point_lio,second_minus_first_scene_paired,0,,,
1,HEADLAND,10,physical_row_recall,fast_livo2_lio,point_lio,second_minus_first_scene_paired,0,,,
1,HEADLAND,10,pose_region_recall_1m,fast_livo2_lio,point_lio,second_minus_first_scene_paired,0,,,
1,HEADLAND,10,pose_region_recall_2m,fast_livo2_lio,point_lio,second_minus_first_scene_paired,0,,,
1,HEADLAND,10,pose_region_recall_5m,fast_livo2_lio,point_lio,second_minus_first_scene_paired,0,,,
1,HEADLAND,10,headland_region_recall,fast_livo2_lio,point_lio,second_minus_first_scene_paired,0,,,
1,HEADLAND,10,xy_region_recall_1m,fast_livo2_lio,point_lio,second_minus_first_scene_paired,1,1.0,,
1,HEADLAND,10,xy_region_recall_2m,fast_livo2_lio,point_lio,second_minus_first_scene_paired,1,1.0,,
1,HEADLAND,10,xy_region_recall_5m,fast_livo2_lio,point_lio,second_minus_first_scene_paired,1,1.0,,
1,HEADLAND,10,wrong_row_fraction,fast_livo2_lio,point_lio,second_minus_first_scene_paired,0,,,
1,HEADLAND,10,row_entropy,fast_livo2_lio,point_lio,second_minus_first_scene_paired,0,,,
1,HEADLAND,10,score_margin_m12,fast_livo2_lio,point_lio,second_minus_first_scene_paired,1,-0.005334450175243606,,
1,HEADLAND,10,mean_radius_m,fast_livo2_lio,point_lio,second_minus_first_scene_paired,1,0.932971404198546,,
1,HEADLAND,10,longitudinal_median_m,fast_livo2_lio,point_lio,second_minus_first_scene_paired,0,,,
1,HEADLAND,10,bbs_basin_hit,fast_livo2_lio,point_lio,second_minus_first_scene_paired,1,0.0,,
1,HEADLAND,10,gicp_final_success,fast_livo2_lio,point_lio,second_minus_first_scene_paired,0,,,
1,ROW_MIDDLE,1,physical_row_recall,fast_livo2_lio,point_lio,second_minus_first_scene_paired,0,,,
1,ROW_MIDDLE,1,pose_region_recall_1m,fast_livo2_lio,point_lio,second_minus_first_scene_paired,0,,,
1,ROW_MIDDLE,1,pose_region_recall_2m,fast_livo2_lio,point_lio,second_minus_first_scene_paired,0,,,
1,ROW_MIDDLE,1,pose_region_recall_5m,fast_livo2_lio,point_lio,second_minus_first_scene_paired,0,,,
1,ROW_MIDDLE,1,headland_region_recall,fast_livo2_lio,point_lio,second_minus_first_scene_paired,0,,,
1,ROW_MIDDLE,1,xy_region_recall_1m,fast_livo2_lio,point_lio,second_minus_first_scene_paired,1,0.0,,
1,ROW_MIDDLE,1,xy_region_recall_2m,fast_livo2_lio,point_lio,second_minus_first_scene_paired,1,0.0,,
1,ROW_MIDDLE,1,xy_region_recall_5m,fast_livo2_lio,point_lio,second_minus_first_scene_paired,1,1.0,,
1,ROW_MIDDLE,1,wrong_row_fraction,fast_livo2_lio,point_lio,second_minus_first_scene_paired,0,,,
1,ROW_MIDDLE,1,row_entropy,fast_livo2_lio,point_lio,second_minus_first_scene_paired,0,,,
1,ROW_MIDDLE,1,score_margin_m12,fast_livo2_lio,point_lio,second_minus_first_scene_paired,1,0.008711674369427241,,
1,ROW_MIDDLE,1,mean_radius_m,fast_livo2_lio,point_lio,second_minus_first_scene_paired,1,0.0,,
1,ROW_MIDDLE,1,longitudinal_median_m,fast_livo2_lio,point_lio,second_minus_first_scene_paired,0,,,
1,ROW_MIDDLE,1,bbs_basin_hit,fast_livo2_lio,point_lio,second_minus_first_scene_paired,1,0.0,,
1,ROW_MIDDLE,1,gicp_final_success,fast_livo2_lio,point_lio,second_minus_first_scene_paired,0,,,
1,ROW_MIDDLE,3,physical_row_recall,fast_livo2_lio,point_lio,second_minus_first_scene_paired,0,,,
1,ROW_MIDDLE,3,pose_region_recall_1m,fast_livo2_lio,point_lio,second_minus_first_scene_paired,0,,,
1,ROW_MIDDLE,3,pose_region_recall_2m,fast_livo2_lio,point_lio,second_minus_first_scene_paired,0,,,
1,ROW_MIDDLE,3,pose_region_recall_5m,fast_livo2_lio,point_lio,second_minus_first_scene_paired,0,,,
1,ROW_MIDDLE,3,headland_region_recall,fast_livo2_lio,point_lio,second_minus_first_scene_paired,0,,,
1,ROW_MIDDLE,3,xy_region_recall_1m,fast_livo2_lio,point_lio,second_minus_first_scene_paired,1,0.0,,
1,ROW_MIDDLE,3,xy_region_recall_2m,fast_livo2_lio,point_lio,second_minus_first_scene_paired,1,0.0,,
1,ROW_MIDDLE,3,xy_region_recall_5m,fast_livo2_lio,point_lio,second_minus_first_scene_paired,1,0.0,,
1,ROW_MIDDLE,3,wrong_row_fraction,fast_livo2_lio,point_lio,second_minus_first_scene_paired,0,,,
1,ROW_MIDDLE,3,row_entropy,fast_livo2_lio,point_lio,second_minus_first_scene_paired,0,,,
1,ROW_MIDDLE,3,score_margin_m12,fast_livo2_lio,point_lio,second_minus_first_scene_paired,1,0.008711674369427241,,
1,ROW_MIDDLE,3,mean_radius_m,fast_livo2_lio,point_lio,second_minus_first_scene_paired,1,-0.9295481709962763,,
1,ROW_MIDDLE,3,longitudinal_median_m,fast_livo2_lio,point_lio,second_minus_first_scene_paired,0,,,
1,ROW_MIDDLE,3,bbs_basin_hit,fast_livo2_lio,point_lio,second_minus_first_scene_paired,1,1.0,,
1,ROW_MIDDLE,3,gicp_final_success,fast_livo2_lio,point_lio,second_minus_first_scene_paired,0,,,
1,ROW_MIDDLE,5,physical_row_recall,fast_livo2_lio,point_lio,second_minus_first_scene_paired,0,,,
1,ROW_MIDDLE,5,pose_region_recall_1m,fast_livo2_lio,point_lio,second_minus_first_scene_paired,0,,,
1,ROW_MIDDLE,5,pose_region_recall_2m,fast_livo2_lio,point_lio,second_minus_first_scene_paired,0,,,
1,ROW_MIDDLE,5,pose_region_recall_5m,fast_livo2_lio,point_lio,second_minus_first_scene_paired,0,,,
1,ROW_MIDDLE,5,headland_region_recall,fast_livo2_lio,point_lio,second_minus_first_scene_paired,0,,,
1,ROW_MIDDLE,5,xy_region_recall_1m,fast_livo2_lio,point_lio,second_minus_first_scene_paired,1,0.0,,
1,ROW_MIDDLE,5,xy_region_recall_2m,fast_livo2_lio,point_lio,second_minus_first_scene_paired,1,0.0,,
1,ROW_MIDDLE,5,xy_region_recall_5m,fast_livo2_lio,point_lio,second_minus_first_scene_paired,1,0.0,,
1,ROW_MIDDLE,5,wrong_row_fraction,fast_livo2_lio,point_lio,second_minus_first_scene_paired,0,,,
1,ROW_MIDDLE,5,row_entropy,fast_livo2_lio,point_lio,second_minus_first_scene_paired,0,,,
1,ROW_MIDDLE,5,score_margin_m12,fast_livo2_lio,point_lio,second_minus_first_scene_paired,1,0.008711674369427241,,
1,ROW_MIDDLE,5,mean_radius_m,fast_livo2_lio,point_lio,second_minus_first_scene_paired,1,-1.0374256259563257,,
1,ROW_MIDDLE,5,longitudinal_median_m,fast_livo2_lio,point_lio,second_minus_first_scene_paired,0,,,
1,ROW_MIDDLE,5,bbs_basin_hit,fast_livo2_lio,point_lio,second_minus_first_scene_paired,1,1.0,,
1,ROW_MIDDLE,5,gicp_final_success,fast_livo2_lio,point_lio,second_minus_first_scene_paired,0,,,
1,ROW_MIDDLE,10,physical_row_recall,fast_livo2_lio,point_lio,second_minus_first_scene_paired,0,,,
1,ROW_MIDDLE,10,pose_region_recall_1m,fast_livo2_lio,point_lio,second_minus_first_scene_paired,0,,,
1,ROW_MIDDLE,10,pose_region_recall_2m,fast_livo2_lio,point_lio,second_minus_first_scene_paired,0,,,
1,ROW_MIDDLE,10,pose_region_recall_5m,fast_livo2_lio,point_lio,second_minus_first_scene_paired,0,,,
1,ROW_MIDDLE,10,headland_region_recall,fast_livo2_lio,point_lio,second_minus_first_scene_paired,0,,,
1,ROW_MIDDLE,10,xy_region_recall_1m,fast_livo2_lio,point_lio,second_minus_first_scene_paired,1,0.0,,
1,ROW_MIDDLE,10,xy_region_recall_2m,fast_livo2_lio,point_lio,second_minus_first_scene_paired,1,0.0,,
1,ROW_MIDDLE,10,xy_region_recall_5m,fast_livo2_lio,point_lio,second_minus_first_scene_paired,1,0.0,,
1,ROW_MIDDLE,10,wrong_row_fraction,fast_livo2_lio,point_lio,second_minus_first_scene_paired,0,,,
1,ROW_MIDDLE,10,row_entropy,fast_livo2_lio,point_lio,second_minus_first_scene_paired,0,,,
1,ROW_MIDDLE,10,score_margin_m12,fast_livo2_lio,point_lio,second_minus_first_scene_paired,1,0.008711674369427241,,
1,ROW_MIDDLE,10,mean_radius_m,fast_livo2_lio,point_lio,second_minus_first_scene_paired,1,0.3592872570346426,,
1,ROW_MIDDLE,10,longitudinal_median_m,fast_livo2_lio,point_lio,second_minus_first_scene_paired,0,,,
1,ROW_MIDDLE,10,bbs_basin_hit,fast_livo2_lio,point_lio,second_minus_first_scene_paired,1,1.0,,
1,ROW_MIDDLE,10,gicp_final_success,fast_livo2_lio,point_lio,second_minus_first_scene_paired,0,,,
3,HEADLAND,1,physical_row_recall,fast_livo2_lio,point_lio,second_minus_first_scene_paired,0,,,
3,HEADLAND,1,pose_region_recall_1m,fast_livo2_lio,point_lio,second_minus_first_scene_paired,0,,,
3,HEADLAND,1,pose_region_recall_2m,fast_livo2_lio,point_lio,second_minus_first_scene_paired,0,,,
3,HEADLAND,1,pose_region_recall_5m,fast_livo2_lio,point_lio,second_minus_first_scene_paired,0,,,
3,HEADLAND,1,headland_region_recall,fast_livo2_lio,point_lio,second_minus_first_scene_paired,0,,,
3,HEADLAND,1,xy_region_recall_1m,fast_livo2_lio,point_lio,second_minus_first_scene_paired,1,0.0,,
3,HEADLAND,1,xy_region_recall_2m,fast_livo2_lio,point_lio,second_minus_first_scene_paired,1,0.0,,
3,HEADLAND,1,xy_region_recall_5m,fast_livo2_lio,point_lio,second_minus_first_scene_paired,1,0.0,,
3,HEADLAND,1,wrong_row_fraction,fast_livo2_lio,point_lio,second_minus_first_scene_paired,0,,,
3,HEADLAND,1,row_entropy,fast_livo2_lio,point_lio,second_minus_first_scene_paired,0,,,
3,HEADLAND,1,score_margin_m12,fast_livo2_lio,point_lio,second_minus_first_scene_paired,1,0.007541284132419066,,
3,HEADLAND,1,mean_radius_m,fast_livo2_lio,point_lio,second_minus_first_scene_paired,1,0.0,,
3,HEADLAND,1,longitudinal_median_m,fast_livo2_lio,point_lio,second_minus_first_scene_paired,0,,,
3,HEADLAND,1,bbs_basin_hit,fast_livo2_lio,point_lio,second_minus_first_scene_paired,1,0.0,,
3,HEADLAND,1,gicp_final_success,fast_livo2_lio,point_lio,second_minus_first_scene_paired,0,,,
3,HEADLAND,3,physical_row_recall,fast_livo2_lio,point_lio,second_minus_first_scene_paired,0,,,
3,HEADLAND,3,pose_region_recall_1m,fast_livo2_lio,point_lio,second_minus_first_scene_paired,0,,,
3,HEADLAND,3,pose_region_recall_2m,fast_livo2_lio,point_lio,second_minus_first_scene_paired,0,,,
3,HEADLAND,3,pose_region_recall_5m,fast_livo2_lio,point_lio,second_minus_first_scene_paired,0,,,
3,HEADLAND,3,headland_region_recall,fast_livo2_lio,point_lio,second_minus_first_scene_paired,0,,,
3,HEADLAND,3,xy_region_recall_1m,fast_livo2_lio,point_lio,second_minus_first_scene_paired,1,0.0,,
3,HEADLAND,3,xy_region_recall_2m,fast_livo2_lio,point_lio,second_minus_first_scene_paired,1,0.0,,
3,HEADLAND,3,xy_region_recall_5m,fast_livo2_lio,point_lio,second_minus_first_scene_paired,1,0.0,,
3,HEADLAND,3,wrong_row_fraction,fast_livo2_lio,point_lio,second_minus_first_scene_paired,0,,,
3,HEADLAND,3,row_entropy,fast_livo2_lio,point_lio,second_minus_first_scene_paired,0,,,
3,HEADLAND,3,score_margin_m12,fast_livo2_lio,point_lio,second_minus_first_scene_paired,1,0.007541284132419066,,
3,HEADLAND,3,mean_radius_m,fast_livo2_lio,point_lio,second_minus_first_scene_paired,1,1.686621911025402,,
3,HEADLAND,3,longitudinal_median_m,fast_livo2_lio,point_lio,second_minus_first_scene_paired,0,,,
3,HEADLAND,3,bbs_basin_hit,fast_livo2_lio,point_lio,second_minus_first_scene_paired,1,0.0,,
3,HEADLAND,3,gicp_final_success,fast_livo2_lio,point_lio,second_minus_first_scene_paired,0,,,
3,HEADLAND,5,physical_row_recall,fast_livo2_lio,point_lio,second_minus_first_scene_paired,0,,,
3,HEADLAND,5,pose_region_recall_1m,fast_livo2_lio,point_lio,second_minus_first_scene_paired,0,,,
3,HEADLAND,5,pose_region_recall_2m,fast_livo2_lio,point_lio,second_minus_first_scene_paired,0,,,
3,HEADLAND,5,pose_region_recall_5m,fast_livo2_lio,point_lio,second_minus_first_scene_paired,0,,,
3,HEADLAND,5,headland_region_recall,fast_livo2_lio,point_lio,second_minus_first_scene_paired,0,,,
3,HEADLAND,5,xy_region_recall_1m,fast_livo2_lio,point_lio,second_minus_first_scene_paired,1,0.0,,
3,HEADLAND,5,xy_region_recall_2m,fast_livo2_lio,point_lio,second_minus_first_scene_paired,1,0.0,,
3,HEADLAND,5,xy_region_recall_5m,fast_livo2_lio,point_lio,second_minus_first_scene_paired,1,0.0,,
3,HEADLAND,5,wrong_row_fraction,fast_livo2_lio,point_lio,second_minus_first_scene_paired,0,,,
3,HEADLAND,5,row_entropy,fast_livo2_lio,point_lio,second_minus_first_scene_paired,0,,,
3,HEADLAND,5,score_margin_m12,fast_livo2_lio,point_lio,second_minus_first_scene_paired,1,0.007541284132419066,,
3,HEADLAND,5,mean_radius_m,fast_livo2_lio,point_lio,second_minus_first_scene_paired,1,0.5650266652665099,,
3,HEADLAND,5,longitudinal_median_m,fast_livo2_lio,point_lio,second_minus_first_scene_paired,0,,,
3,HEADLAND,5,bbs_basin_hit,fast_livo2_lio,point_lio,second_minus_first_scene_paired,1,-1.0,,
3,HEADLAND,5,gicp_final_success,fast_livo2_lio,point_lio,second_minus_first_scene_paired,0,,,
3,HEADLAND,10,physical_row_recall,fast_livo2_lio,point_lio,second_minus_first_scene_paired,0,,,
3,HEADLAND,10,pose_region_recall_1m,fast_livo2_lio,point_lio,second_minus_first_scene_paired,0,,,
3,HEADLAND,10,pose_region_recall_2m,fast_livo2_lio,point_lio,second_minus_first_scene_paired,0,,,
3,HEADLAND,10,pose_region_recall_5m,fast_livo2_lio,point_lio,second_minus_first_scene_paired,0,,,
3,HEADLAND,10,headland_region_recall,fast_livo2_lio,point_lio,second_minus_first_scene_paired,0,,,
3,HEADLAND,10,xy_region_recall_1m,fast_livo2_lio,point_lio,second_minus_first_scene_paired,1,0.0,,
3,HEADLAND,10,xy_region_recall_2m,fast_livo2_lio,point_lio,second_minus_first_scene_paired,1,0.0,,
3,HEADLAND,10,xy_region_recall_5m,fast_livo2_lio,point_lio,second_minus_first_scene_paired,1,0.0,,
3,HEADLAND,10,wrong_row_fraction,fast_livo2_lio,point_lio,second_minus_first_scene_paired,0,,,
3,HEADLAND,10,row_entropy,fast_livo2_lio,point_lio,second_minus_first_scene_paired,0,,,
3,HEADLAND,10,score_margin_m12,fast_livo2_lio,point_lio,second_minus_first_scene_paired,1,0.007541284132419066,,
3,HEADLAND,10,mean_radius_m,fast_livo2_lio,point_lio,second_minus_first_scene_paired,1,-0.991025861553374,,
3,HEADLAND,10,longitudinal_median_m,fast_livo2_lio,point_lio,second_minus_first_scene_paired,0,,,
3,HEADLAND,10,bbs_basin_hit,fast_livo2_lio,point_lio,second_minus_first_scene_paired,1,-1.0,,
3,HEADLAND,10,gicp_final_success,fast_livo2_lio,point_lio,second_minus_first_scene_paired,0,,,
3,ROW_MIDDLE,1,physical_row_recall,fast_livo2_lio,point_lio,second_minus_first_scene_paired,0,,,
3,ROW_MIDDLE,1,pose_region_recall_1m,fast_livo2_lio,point_lio,second_minus_first_scene_paired,0,,,
3,ROW_MIDDLE,1,pose_region_recall_2m,fast_livo2_lio,point_lio,second_minus_first_scene_paired,0,,,
3,ROW_MIDDLE,1,pose_region_recall_5m,fast_livo2_lio,point_lio,second_minus_first_scene_paired,0,,,
3,ROW_MIDDLE,1,headland_region_recall,fast_livo2_lio,point_lio,second_minus_first_scene_paired,0,,,
3,ROW_MIDDLE,1,xy_region_recall_1m,fast_livo2_lio,point_lio,second_minus_first_scene_paired,1,0.0,,
3,ROW_MIDDLE,1,xy_region_recall_2m,fast_livo2_lio,point_lio,second_minus_first_scene_paired,1,-1.0,,
3,ROW_MIDDLE,1,xy_region_recall_5m,fast_livo2_lio,point_lio,second_minus_first_scene_paired,1,-1.0,,
3,ROW_MIDDLE,1,wrong_row_fraction,fast_livo2_lio,point_lio,second_minus_first_scene_paired,0,,,
3,ROW_MIDDLE,1,row_entropy,fast_livo2_lio,point_lio,second_minus_first_scene_paired,0,,,
3,ROW_MIDDLE,1,score_margin_m12,fast_livo2_lio,point_lio,second_minus_first_scene_paired,1,0.0005233116312497346,,
3,ROW_MIDDLE,1,mean_radius_m,fast_livo2_lio,point_lio,second_minus_first_scene_paired,1,0.0,,
3,ROW_MIDDLE,1,longitudinal_median_m,fast_livo2_lio,point_lio,second_minus_first_scene_paired,0,,,
3,ROW_MIDDLE,1,bbs_basin_hit,fast_livo2_lio,point_lio,second_minus_first_scene_paired,1,0.0,,
3,ROW_MIDDLE,1,gicp_final_success,fast_livo2_lio,point_lio,second_minus_first_scene_paired,0,,,
3,ROW_MIDDLE,3,physical_row_recall,fast_livo2_lio,point_lio,second_minus_first_scene_paired,0,,,
3,ROW_MIDDLE,3,pose_region_recall_1m,fast_livo2_lio,point_lio,second_minus_first_scene_paired,0,,,
3,ROW_MIDDLE,3,pose_region_recall_2m,fast_livo2_lio,point_lio,second_minus_first_scene_paired,0,,,
3,ROW_MIDDLE,3,pose_region_recall_5m,fast_livo2_lio,point_lio,second_minus_first_scene_paired,0,,,
3,ROW_MIDDLE,3,headland_region_recall,fast_livo2_lio,point_lio,second_minus_first_scene_paired,0,,,
3,ROW_MIDDLE,3,xy_region_recall_1m,fast_livo2_lio,point_lio,second_minus_first_scene_paired,1,0.0,,
3,ROW_MIDDLE,3,xy_region_recall_2m,fast_livo2_lio,point_lio,second_minus_first_scene_paired,1,-1.0,,
3,ROW_MIDDLE,3,xy_region_recall_5m,fast_livo2_lio,point_lio,second_minus_first_scene_paired,1,-1.0,,
3,ROW_MIDDLE,3,wrong_row_fraction,fast_livo2_lio,point_lio,second_minus_first_scene_paired,0,,,
3,ROW_MIDDLE,3,row_entropy,fast_livo2_lio,point_lio,second_minus_first_scene_paired,0,,,
3,ROW_MIDDLE,3,score_margin_m12,fast_livo2_lio,point_lio,second_minus_first_scene_paired,1,0.0005233116312497346,,
3,ROW_MIDDLE,3,mean_radius_m,fast_livo2_lio,point_lio,second_minus_first_scene_paired,1,1.908816582541478,,
3,ROW_MIDDLE,3,longitudinal_median_m,fast_livo2_lio,point_lio,second_minus_first_scene_paired,0,,,
3,ROW_MIDDLE,3,bbs_basin_hit,fast_livo2_lio,point_lio,second_minus_first_scene_paired,1,0.0,,
3,ROW_MIDDLE,3,gicp_final_success,fast_livo2_lio,point_lio,second_minus_first_scene_paired,0,,,
3,ROW_MIDDLE,5,physical_row_recall,fast_livo2_lio,point_lio,second_minus_first_scene_paired,0,,,
3,ROW_MIDDLE,5,pose_region_recall_1m,fast_livo2_lio,point_lio,second_minus_first_scene_paired,0,,,
3,ROW_MIDDLE,5,pose_region_recall_2m,fast_livo2_lio,point_lio,second_minus_first_scene_paired,0,,,
3,ROW_MIDDLE,5,pose_region_recall_5m,fast_livo2_lio,point_lio,second_minus_first_scene_paired,0,,,
3,ROW_MIDDLE,5,headland_region_recall,fast_livo2_lio,point_lio,second_minus_first_scene_paired,0,,,
3,ROW_MIDDLE,5,xy_region_recall_1m,fast_livo2_lio,point_lio,second_minus_first_scene_paired,1,0.0,,
3,ROW_MIDDLE,5,xy_region_recall_2m,fast_livo2_lio,point_lio,second_minus_first_scene_paired,1,0.0,,
3,ROW_MIDDLE,5,xy_region_recall_5m,fast_livo2_lio,point_lio,second_minus_first_scene_paired,1,0.0,,
3,ROW_MIDDLE,5,wrong_row_fraction,fast_livo2_lio,point_lio,second_minus_first_scene_paired,0,,,
3,ROW_MIDDLE,5,row_entropy,fast_livo2_lio,point_lio,second_minus_first_scene_paired,0,,,
3,ROW_MIDDLE,5,score_margin_m12,fast_livo2_lio,point_lio,second_minus_first_scene_paired,1,0.0005233116312497346,,
3,ROW_MIDDLE,5,mean_radius_m,fast_livo2_lio,point_lio,second_minus_first_scene_paired,1,0.36342092383903246,,
3,ROW_MIDDLE,5,longitudinal_median_m,fast_livo2_lio,point_lio,second_minus_first_scene_paired,0,,,
3,ROW_MIDDLE,5,bbs_basin_hit,fast_livo2_lio,point_lio,second_minus_first_scene_paired,1,0.0,,
3,ROW_MIDDLE,5,gicp_final_success,fast_livo2_lio,point_lio,second_minus_first_scene_paired,0,,,
3,ROW_MIDDLE,10,physical_row_recall,fast_livo2_lio,point_lio,second_minus_first_scene_paired,0,,,
3,ROW_MIDDLE,10,pose_region_recall_1m,fast_livo2_lio,point_lio,second_minus_first_scene_paired,0,,,
3,ROW_MIDDLE,10,pose_region_recall_2m,fast_livo2_lio,point_lio,second_minus_first_scene_paired,0,,,
3,ROW_MIDDLE,10,pose_region_recall_5m,fast_livo2_lio,point_lio,second_minus_first_scene_paired,0,,,
3,ROW_MIDDLE,10,headland_region_recall,fast_livo2_lio,point_lio,second_minus_first_scene_paired,0,,,
3,ROW_MIDDLE,10,xy_region_recall_1m,fast_livo2_lio,point_lio,second_minus_first_scene_paired,1,0.0,,
3,ROW_MIDDLE,10,xy_region_recall_2m,fast_livo2_lio,point_lio,second_minus_first_scene_paired,1,0.0,,
3,ROW_MIDDLE,10,xy_region_recall_5m,fast_livo2_lio,point_lio,second_minus_first_scene_paired,1,0.0,,
3,ROW_MIDDLE,10,wrong_row_fraction,fast_livo2_lio,point_lio,second_minus_first_scene_paired,0,,,
3,ROW_MIDDLE,10,row_entropy,fast_livo2_lio,point_lio,second_minus_first_scene_paired,0,,,
3,ROW_MIDDLE,10,score_margin_m12,fast_livo2_lio,point_lio,second_minus_first_scene_paired,1,0.0005233116312497346,,
3,ROW_MIDDLE,10,mean_radius_m,fast_livo2_lio,point_lio,second_minus_first_scene_paired,1,-1.0843692882851856,,
3,ROW_MIDDLE,10,longitudinal_median_m,fast_livo2_lio,point_lio,second_minus_first_scene_paired,0,,,
3,ROW_MIDDLE,10,bbs_basin_hit,fast_livo2_lio,point_lio,second_minus_first_scene_paired,1,0.0,,
3,ROW_MIDDLE,10,gicp_final_success,fast_livo2_lio,point_lio,second_minus_first_scene_paired,0,,,
5,HEADLAND,1,physical_row_recall,fast_livo2_lio,point_lio,second_minus_first_scene_paired,0,,,
5,HEADLAND,1,pose_region_recall_1m,fast_livo2_lio,point_lio,second_minus_first_scene_paired,0,,,
5,HEADLAND,1,pose_region_recall_2m,fast_livo2_lio,point_lio,second_minus_first_scene_paired,0,,,
5,HEADLAND,1,pose_region_recall_5m,fast_livo2_lio,point_lio,second_minus_first_scene_paired,0,,,
5,HEADLAND,1,headland_region_recall,fast_livo2_lio,point_lio,second_minus_first_scene_paired,0,,,
5,HEADLAND,1,xy_region_recall_1m,fast_livo2_lio,point_lio,second_minus_first_scene_paired,1,0.0,,
5,HEADLAND,1,xy_region_recall_2m,fast_livo2_lio,point_lio,second_minus_first_scene_paired,1,0.0,,
5,HEADLAND,1,xy_region_recall_5m,fast_livo2_lio,point_lio,second_minus_first_scene_paired,1,-1.0,,
5,HEADLAND,1,wrong_row_fraction,fast_livo2_lio,point_lio,second_minus_first_scene_paired,0,,,
5,HEADLAND,1,row_entropy,fast_livo2_lio,point_lio,second_minus_first_scene_paired,0,,,
5,HEADLAND,1,score_margin_m12,fast_livo2_lio,point_lio,second_minus_first_scene_paired,1,0.007131760450489988,,
5,HEADLAND,1,mean_radius_m,fast_livo2_lio,point_lio,second_minus_first_scene_paired,1,0.0,,
5,HEADLAND,1,longitudinal_median_m,fast_livo2_lio,point_lio,second_minus_first_scene_paired,0,,,
5,HEADLAND,1,bbs_basin_hit,fast_livo2_lio,point_lio,second_minus_first_scene_paired,1,0.0,,
5,HEADLAND,1,gicp_final_success,fast_livo2_lio,point_lio,second_minus_first_scene_paired,0,,,
5,HEADLAND,3,physical_row_recall,fast_livo2_lio,point_lio,second_minus_first_scene_paired,0,,,
5,HEADLAND,3,pose_region_recall_1m,fast_livo2_lio,point_lio,second_minus_first_scene_paired,0,,,
5,HEADLAND,3,pose_region_recall_2m,fast_livo2_lio,point_lio,second_minus_first_scene_paired,0,,,
5,HEADLAND,3,pose_region_recall_5m,fast_livo2_lio,point_lio,second_minus_first_scene_paired,0,,,
5,HEADLAND,3,headland_region_recall,fast_livo2_lio,point_lio,second_minus_first_scene_paired,0,,,
5,HEADLAND,3,xy_region_recall_1m,fast_livo2_lio,point_lio,second_minus_first_scene_paired,1,0.0,,
5,HEADLAND,3,xy_region_recall_2m,fast_livo2_lio,point_lio,second_minus_first_scene_paired,1,0.0,,
5,HEADLAND,3,xy_region_recall_5m,fast_livo2_lio,point_lio,second_minus_first_scene_paired,1,-1.0,,
5,HEADLAND,3,wrong_row_fraction,fast_livo2_lio,point_lio,second_minus_first_scene_paired,0,,,
5,HEADLAND,3,row_entropy,fast_livo2_lio,point_lio,second_minus_first_scene_paired,0,,,
5,HEADLAND,3,score_margin_m12,fast_livo2_lio,point_lio,second_minus_first_scene_paired,1,0.007131760450489988,,
5,HEADLAND,3,mean_radius_m,fast_livo2_lio,point_lio,second_minus_first_scene_paired,1,-1.230341286658796,,
5,HEADLAND,3,longitudinal_median_m,fast_livo2_lio,point_lio,second_minus_first_scene_paired,0,,,
5,HEADLAND,3,bbs_basin_hit,fast_livo2_lio,point_lio,second_minus_first_scene_paired,1,-1.0,,
5,HEADLAND,3,gicp_final_success,fast_livo2_lio,point_lio,second_minus_first_scene_paired,0,,,
5,HEADLAND,5,physical_row_recall,fast_livo2_lio,point_lio,second_minus_first_scene_paired,0,,,
5,HEADLAND,5,pose_region_recall_1m,fast_livo2_lio,point_lio,second_minus_first_scene_paired,0,,,
5,HEADLAND,5,pose_region_recall_2m,fast_livo2_lio,point_lio,second_minus_first_scene_paired,0,,,
5,HEADLAND,5,pose_region_recall_5m,fast_livo2_lio,point_lio,second_minus_first_scene_paired,0,,,
5,HEADLAND,5,headland_region_recall,fast_livo2_lio,point_lio,second_minus_first_scene_paired,0,,,
5,HEADLAND,5,xy_region_recall_1m,fast_livo2_lio,point_lio,second_minus_first_scene_paired,1,0.0,,
5,HEADLAND,5,xy_region_recall_2m,fast_livo2_lio,point_lio,second_minus_first_scene_paired,1,0.0,,
5,HEADLAND,5,xy_region_recall_5m,fast_livo2_lio,point_lio,second_minus_first_scene_paired,1,0.0,,
5,HEADLAND,5,wrong_row_fraction,fast_livo2_lio,point_lio,second_minus_first_scene_paired,0,,,
5,HEADLAND,5,row_entropy,fast_livo2_lio,point_lio,second_minus_first_scene_paired,0,,,
5,HEADLAND,5,score_margin_m12,fast_livo2_lio,point_lio,second_minus_first_scene_paired,1,0.007131760450489988,,
5,HEADLAND,5,mean_radius_m,fast_livo2_lio,point_lio,second_minus_first_scene_paired,1,-1.9866591680273546,,
5,HEADLAND,5,longitudinal_median_m,fast_livo2_lio,point_lio,second_minus_first_scene_paired,0,,,
5,HEADLAND,5,bbs_basin_hit,fast_livo2_lio,point_lio,second_minus_first_scene_paired,1,-1.0,,
5,HEADLAND,5,gicp_final_success,fast_livo2_lio,point_lio,second_minus_first_scene_paired,0,,,
5,HEADLAND,10,physical_row_recall,fast_livo2_lio,point_lio,second_minus_first_scene_paired,0,,,
5,HEADLAND,10,pose_region_recall_1m,fast_livo2_lio,point_lio,second_minus_first_scene_paired,0,,,
5,HEADLAND,10,pose_region_recall_2m,fast_livo2_lio,point_lio,second_minus_first_scene_paired,0,,,
5,HEADLAND,10,pose_region_recall_5m,fast_livo2_lio,point_lio,second_minus_first_scene_paired,0,,,
5,HEADLAND,10,headland_region_recall,fast_livo2_lio,point_lio,second_minus_first_scene_paired,0,,,
5,HEADLAND,10,xy_region_recall_1m,fast_livo2_lio,point_lio,second_minus_first_scene_paired,1,0.0,,
5,HEADLAND,10,xy_region_recall_2m,fast_livo2_lio,point_lio,second_minus_first_scene_paired,1,1.0,,
5,HEADLAND,10,xy_region_recall_5m,fast_livo2_lio,point_lio,second_minus_first_scene_paired,1,0.0,,
5,HEADLAND,10,wrong_row_fraction,fast_livo2_lio,point_lio,second_minus_first_scene_paired,0,,,
5,HEADLAND,10,row_entropy,fast_livo2_lio,point_lio,second_minus_first_scene_paired,0,,,
5,HEADLAND,10,score_margin_m12,fast_livo2_lio,point_lio,second_minus_first_scene_paired,1,0.007131760450489988,,
5,HEADLAND,10,mean_radius_m,fast_livo2_lio,point_lio,second_minus_first_scene_paired,1,-2.3862124524956965,,
5,HEADLAND,10,longitudinal_median_m,fast_livo2_lio,point_lio,second_minus_first_scene_paired,0,,,
5,HEADLAND,10,bbs_basin_hit,fast_livo2_lio,point_lio,second_minus_first_scene_paired,1,-1.0,,
5,HEADLAND,10,gicp_final_success,fast_livo2_lio,point_lio,second_minus_first_scene_paired,0,,,
5,ROW_MIDDLE,1,physical_row_recall,fast_livo2_lio,point_lio,second_minus_first_scene_paired,0,,,
5,ROW_MIDDLE,1,pose_region_recall_1m,fast_livo2_lio,point_lio,second_minus_first_scene_paired,0,,,
5,ROW_MIDDLE,1,pose_region_recall_2m,fast_livo2_lio,point_lio,second_minus_first_scene_paired,0,,,
5,ROW_MIDDLE,1,pose_region_recall_5m,fast_livo2_lio,point_lio,second_minus_first_scene_paired,0,,,
5,ROW_MIDDLE,1,headland_region_recall,fast_livo2_lio,point_lio,second_minus_first_scene_paired,0,,,
5,ROW_MIDDLE,1,xy_region_recall_1m,fast_livo2_lio,point_lio,second_minus_first_scene_paired,1,0.0,,
5,ROW_MIDDLE,1,xy_region_recall_2m,fast_livo2_lio,point_lio,second_minus_first_scene_paired,1,-1.0,,
5,ROW_MIDDLE,1,xy_region_recall_5m,fast_livo2_lio,point_lio,second_minus_first_scene_paired,1,-1.0,,
5,ROW_MIDDLE,1,wrong_row_fraction,fast_livo2_lio,point_lio,second_minus_first_scene_paired,0,,,
5,ROW_MIDDLE,1,row_entropy,fast_livo2_lio,point_lio,second_minus_first_scene_paired,0,,,
5,ROW_MIDDLE,1,score_margin_m12,fast_livo2_lio,point_lio,second_minus_first_scene_paired,1,-0.002261525705994892,,
5,ROW_MIDDLE,1,mean_radius_m,fast_livo2_lio,point_lio,second_minus_first_scene_paired,1,0.0,,
5,ROW_MIDDLE,1,longitudinal_median_m,fast_livo2_lio,point_lio,second_minus_first_scene_paired,0,,,
5,ROW_MIDDLE,1,bbs_basin_hit,fast_livo2_lio,point_lio,second_minus_first_scene_paired,1,0.0,,
5,ROW_MIDDLE,1,gicp_final_success,fast_livo2_lio,point_lio,second_minus_first_scene_paired,0,,,
5,ROW_MIDDLE,3,physical_row_recall,fast_livo2_lio,point_lio,second_minus_first_scene_paired,0,,,
5,ROW_MIDDLE,3,pose_region_recall_1m,fast_livo2_lio,point_lio,second_minus_first_scene_paired,0,,,
5,ROW_MIDDLE,3,pose_region_recall_2m,fast_livo2_lio,point_lio,second_minus_first_scene_paired,0,,,
5,ROW_MIDDLE,3,pose_region_recall_5m,fast_livo2_lio,point_lio,second_minus_first_scene_paired,0,,,
5,ROW_MIDDLE,3,headland_region_recall,fast_livo2_lio,point_lio,second_minus_first_scene_paired,0,,,
5,ROW_MIDDLE,3,xy_region_recall_1m,fast_livo2_lio,point_lio,second_minus_first_scene_paired,1,0.0,,
5,ROW_MIDDLE,3,xy_region_recall_2m,fast_livo2_lio,point_lio,second_minus_first_scene_paired,1,-1.0,,
5,ROW_MIDDLE,3,xy_region_recall_5m,fast_livo2_lio,point_lio,second_minus_first_scene_paired,1,-1.0,,
5,ROW_MIDDLE,3,wrong_row_fraction,fast_livo2_lio,point_lio,second_minus_first_scene_paired,0,,,
5,ROW_MIDDLE,3,row_entropy,fast_livo2_lio,point_lio,second_minus_first_scene_paired,0,,,
5,ROW_MIDDLE,3,score_margin_m12,fast_livo2_lio,point_lio,second_minus_first_scene_paired,1,-0.002261525705994892,,
5,ROW_MIDDLE,3,mean_radius_m,fast_livo2_lio,point_lio,second_minus_first_scene_paired,1,1.908816582541478,,
5,ROW_MIDDLE,3,longitudinal_median_m,fast_livo2_lio,point_lio,second_minus_first_scene_paired,0,,,
5,ROW_MIDDLE,3,bbs_basin_hit,fast_livo2_lio,point_lio,second_minus_first_scene_paired,1,0.0,,
5,ROW_MIDDLE,3,gicp_final_success,fast_livo2_lio,point_lio,second_minus_first_scene_paired,0,,,
5,ROW_MIDDLE,5,physical_row_recall,fast_livo2_lio,point_lio,second_minus_first_scene_paired,0,,,
5,ROW_MIDDLE,5,pose_region_recall_1m,fast_livo2_lio,point_lio,second_minus_first_scene_paired,0,,,
5,ROW_MIDDLE,5,pose_region_recall_2m,fast_livo2_lio,point_lio,second_minus_first_scene_paired,0,,,
5,ROW_MIDDLE,5,pose_region_recall_5m,fast_livo2_lio,point_lio,second_minus_first_scene_paired,0,,,
5,ROW_MIDDLE,5,headland_region_recall,fast_livo2_lio,point_lio,second_minus_first_scene_paired,0,,,
5,ROW_MIDDLE,5,xy_region_recall_1m,fast_livo2_lio,point_lio,second_minus_first_scene_paired,1,0.0,,
5,ROW_MIDDLE,5,xy_region_recall_2m,fast_livo2_lio,point_lio,second_minus_first_scene_paired,1,0.0,,
5,ROW_MIDDLE,5,xy_region_recall_5m,fast_livo2_lio,point_lio,second_minus_first_scene_paired,1,0.0,,
5,ROW_MIDDLE,5,wrong_row_fraction,fast_livo2_lio,point_lio,second_minus_first_scene_paired,0,,,
5,ROW_MIDDLE,5,row_entropy,fast_livo2_lio,point_lio,second_minus_first_scene_paired,0,,,
5,ROW_MIDDLE,5,score_margin_m12,fast_livo2_lio,point_lio,second_minus_first_scene_paired,1,-0.002261525705994892,,
5,ROW_MIDDLE,5,mean_radius_m,fast_livo2_lio,point_lio,second_minus_first_scene_paired,1,0.36342092383903246,,
5,ROW_MIDDLE,5,longitudinal_median_m,fast_livo2_lio,point_lio,second_minus_first_scene_paired,0,,,
5,ROW_MIDDLE,5,bbs_basin_hit,fast_livo2_lio,point_lio,second_minus_first_scene_paired,1,0.0,,
5,ROW_MIDDLE,5,gicp_final_success,fast_livo2_lio,point_lio,second_minus_first_scene_paired,0,,,
5,ROW_MIDDLE,10,physical_row_recall,fast_livo2_lio,point_lio,second_minus_first_scene_paired,0,,,
5,ROW_MIDDLE,10,pose_region_recall_1m,fast_livo2_lio,point_lio,second_minus_first_scene_paired,0,,,
5,ROW_MIDDLE,10,pose_region_recall_2m,fast_livo2_lio,point_lio,second_minus_first_scene_paired,0,,,
5,ROW_MIDDLE,10,pose_region_recall_5m,fast_livo2_lio,point_lio,second_minus_first_scene_paired,0,,,
5,ROW_MIDDLE,10,headland_region_recall,fast_livo2_lio,point_lio,second_minus_first_scene_paired,0,,,
5,ROW_MIDDLE,10,xy_region_recall_1m,fast_livo2_lio,point_lio,second_minus_first_scene_paired,1,0.0,,
5,ROW_MIDDLE,10,xy_region_recall_2m,fast_livo2_lio,point_lio,second_minus_first_scene_paired,1,0.0,,
5,ROW_MIDDLE,10,xy_region_recall_5m,fast_livo2_lio,point_lio,second_minus_first_scene_paired,1,0.0,,
5,ROW_MIDDLE,10,wrong_row_fraction,fast_livo2_lio,point_lio,second_minus_first_scene_paired,0,,,
5,ROW_MIDDLE,10,row_entropy,fast_livo2_lio,point_lio,second_minus_first_scene_paired,0,,,
5,ROW_MIDDLE,10,score_margin_m12,fast_livo2_lio,point_lio,second_minus_first_scene_paired,1,-0.002261525705994892,,
5,ROW_MIDDLE,10,mean_radius_m,fast_livo2_lio,point_lio,second_minus_first_scene_paired,1,-0.22440874054393856,,
5,ROW_MIDDLE,10,longitudinal_median_m,fast_livo2_lio,point_lio,second_minus_first_scene_paired,0,,,
5,ROW_MIDDLE,10,bbs_basin_hit,fast_livo2_lio,point_lio,second_minus_first_scene_paired,1,1.0,,
5,ROW_MIDDLE,10,gicp_final_success,fast_livo2_lio,point_lio,second_minus_first_scene_paired,0,,,
