backend_id,scene_type,k,metric,first,second,effect_definition,paired_scene_count,mean_difference,ci95_lower,ci95_upper
fast_livo2_lio,HEADLAND,1,physical_row_recall,1,3,second_minus_first_scene_paired,0,,,
fast_livo2_lio,HEADLAND,1,pose_region_recall_1m,1,3,second_minus_first_scene_paired,0,,,
fast_livo2_lio,HEADLAND,1,pose_region_recall_2m,1,3,second_minus_first_scene_paired,0,,,
fast_livo2_lio,HEADLAND,1,pose_region_recall_5m,1,3,second_minus_first_scene_paired,0,,,
fast_livo2_lio,HEADLAND,1,headland_region_recall,1,3,second_minus_first_scene_paired,0,,,
fast_livo2_lio,HEADLAND,1,xy_region_recall_1m,1,3,second_minus_first_scene_paired,1,0.0,,
fast_livo2_lio,HEADLAND,1,xy_region_recall_2m,1,3,second_minus_first_scene_paired,1,1.0,,
fast_livo2_lio,HEADLAND,1,xy_region_recall_5m,1,3,second_minus_first_scene_paired,1,1.0,,
fast_livo2_lio,HEADLAND,1,wrong_row_fraction,1,3,second_minus_first_scene_paired,0,,,
fast_livo2_lio,HEADLAND,1,row_entropy,1,3,second_minus_first_scene_paired,0,,,
fast_livo2_lio,HEADLAND,1,score_margin_m12,1,3,second_minus_first_scene_paired,1,0.006575382643947142,,
fast_livo2_lio,HEADLAND,1,mean_radius_m,1,3,second_minus_first_scene_paired,1,0.0,,
fast_livo2_lio,HEADLAND,1,longitudinal_median_m,1,3,second_minus_first_scene_paired,0,,,
fast_livo2_lio,HEADLAND,1,bbs_basin_hit,1,3,second_minus_first_scene_paired,1,0.0,,
fast_livo2_lio,HEADLAND,1,gicp_final_success,1,3,second_minus_first_scene_paired,0,,,
fast_livo2_lio,HEADLAND,1,physical_row_recall,1,5,second_minus_first_scene_paired,0,,,
fast_livo2_lio,HEADLAND,1,pose_region_recall_1m,1,5,second_minus_first_scene_paired,0,,,
fast_livo2_lio,HEADLAND,1,pose_region_recall_2m,1,5,second_minus_first_scene_paired,0,,,
fast_livo2_lio,HEADLAND,1,pose_region_recall_5m,1,5,second_minus_first_scene_paired,0,,,
fast_livo2_lio,HEADLAND,1,headland_region_recall,1,5,second_minus_first_scene_paired,0,,,
fast_livo2_lio,HEADLAND,1,xy_region_recall_1m,1,5,second_minus_first_scene_paired,1,0.0,,
fast_livo2_lio,HEADLAND,1,xy_region_recall_2m,1,5,second_minus_first_scene_paired,1,0.0,,
fast_livo2_lio,HEADLAND,1,xy_region_recall_5m,1,5,second_minus_first_scene_paired,1,1.0,,
fast_livo2_lio,HEADLAND,1,wrong_row_fraction,1,5,second_minus_first_scene_paired,0,,,
fast_livo2_lio,HEADLAND,1,row_entropy,1,5,second_minus_first_scene_paired,0,,,
fast_livo2_lio,HEADLAND,1,score_margin_m12,1,5,second_minus_first_scene_paired,1,0.002513204421055358,,
fast_livo2_lio,HEADLAND,1,mean_radius_m,1,5,second_minus_first_scene_paired,1,0.0,,
fast_livo2_lio,HEADLAND,1,longitudinal_median_m,1,5,second_minus_first_scene_paired,0,,,
fast_livo2_lio,HEADLAND,1,bbs_basin_hit,1,5,second_minus_first_scene_paired,1,0.0,,
fast_livo2_lio,HEADLAND,1,gicp_final_success,1,5,second_minus_first_scene_paired,0,,,
fast_livo2_lio,HEADLAND,1,physical_row_recall,3,5,second_minus_first_scene_paired,0,,,
fast_livo2_lio,HEADLAND,1,pose_region_recall_1m,3,5,second_minus_first_scene_paired,0,,,
fast_livo2_lio,HEADLAND,1,pose_region_recall_2m,3,5,second_minus_first_scene_paired,0,,,
fast_livo2_lio,HEADLAND,1,pose_region_recall_5m,3,5,second_minus_first_scene_paired,0,,,
fast_livo2_lio,HEADLAND,1,headland_region_recall,3,5,second_minus_first_scene_paired,0,,,
fast_livo2_lio,HEADLAND,1,xy_region_recall_1m,3,5,second_minus_first_scene_paired,1,0.0,,
fast_livo2_lio,HEADLAND,1,xy_region_recall_2m,3,5,second_minus_first_scene_paired,1,-1.0,,
fast_livo2_lio,HEADLAND,1,xy_region_recall_5m,3,5,second_minus_first_scene_paired,1,0.0,,
fast_livo2_lio,HEADLAND,1,wrong_row_fraction,3,5,second_minus_first_scene_paired,0,,,
fast_livo2_lio,HEADLAND,1,row_entropy,3,5,second_minus_first_scene_paired,0,,,
fast_livo2_lio,HEADLAND,1,score_margin_m12,3,5,second_minus_first_scene_paired,1,-0.0040621782228917845,,
fast_livo2_lio,HEADLAND,1,mean_radius_m,3,5,second_minus_first_scene_paired,1,0.0,,
fast_livo2_lio,HEADLAND,1,longitudinal_median_m,3,5,second_minus_first_scene_paired,0,,,
fast_livo2_lio,HEADLAND,1,bbs_basin_hit,3,5,second_minus_first_scene_paired,1,0.0,,
fast_livo2_lio,HEADLAND,1,gicp_final_success,3,5,second_minus_first_scene_paired,0,,,
fast_livo2_lio,HEADLAND,3,physical_row_recall,1,3,second_minus_first_scene_paired,0,,,
fast_livo2_lio,HEADLAND,3,pose_region_recall_1m,1,3,second_minus_first_scene_paired,0,,,
fast_livo2_lio,HEADLAND,3,pose_region_recall_2m,1,3,second_minus_first_scene_paired,0,,,
fast_livo2_lio,HEADLAND,3,pose_region_recall_5m,1,3,second_minus_first_scene_paired,0,,,
fast_livo2_lio,HEADLAND,3,headland_region_recall,1,3,second_minus_first_scene_paired,0,,,
fast_livo2_lio,HEADLAND,3,xy_region_recall_1m,1,3,second_minus_first_scene_paired,1,0.0,,
fast_livo2_lio,HEADLAND,3,xy_region_recall_2m,1,3,second_minus_first_scene_paired,1,1.0,,
fast_livo2_lio,HEADLAND,3,xy_region_recall_5m,1,3,second_minus_first_scene_paired,1,1.0,,
fast_livo2_lio,HEADLAND,3,wrong_row_fraction,1,3,second_minus_first_scene_paired,0,,,
fast_livo2_lio,HEADLAND,3,row_entropy,1,3,second_minus_first_scene_paired,0,,,
fast_livo2_lio,HEADLAND,3,score_margin_m12,1,3,second_minus_first_scene_paired,1,0.006575382643947142,,
fast_livo2_lio,HEADLAND,3,mean_radius_m,1,3,second_minus_first_scene_paired,1,1.6331613629852375,,
fast_livo2_lio,HEADLAND,3,longitudinal_median_m,1,3,second_minus_first_scene_paired,0,,,
fast_livo2_lio,HEADLAND,3,bbs_basin_hit,1,3,second_minus_first_scene_paired,1,0.0,,
fast_livo2_lio,HEADLAND,3,gicp_final_success,1,3,second_minus_first_scene_paired,0,,,
fast_livo2_lio,HEADLAND,3,physical_row_recall,1,5,second_minus_first_scene_paired,0,,,
fast_livo2_lio,HEADLAND,3,pose_region_recall_1m,1,5,second_minus_first_scene_paired,0,,,
fast_livo2_lio,HEADLAND,3,pose_region_recall_2m,1,5,second_minus_first_scene_paired,0,,,
fast_livo2_lio,HEADLAND,3,pose_region_recall_5m,1,5,second_minus_first_scene_paired,0,,,
fast_livo2_lio,HEADLAND,3,headland_region_recall,1,5,second_minus_first_scene_paired,0,,,
fast_livo2_lio,HEADLAND,3,xy_region_recall_1m,1,5,second_minus_first_scene_paired,1,0.0,,
fast_livo2_lio,HEADLAND,3,xy_region_recall_2m,1,5,second_minus_first_scene_paired,1,0.0,,
fast_livo2_lio,HEADLAND,3,xy_region_recall_5m,1,5,second_minus_first_scene_paired,1,1.0,,
fast_livo2_lio,HEADLAND,3,wrong_row_fraction,1,5,second_minus_first_scene_paired,0,,,
fast_livo2_lio,HEADLAND,3,row_entropy,1,5,second_minus_first_scene_paired,0,,,
fast_livo2_lio,HEADLAND,3,score_margin_m12,1,5,second_minus_first_scene_paired,1,0.002513204421055358,,
fast_livo2_lio,HEADLAND,3,mean_radius_m,1,5,second_minus_first_scene_paired,1,1.793576348017104,,
fast_livo2_lio,HEADLAND,3,longitudinal_median_m,1,5,second_minus_first_scene_paired,0,,,
fast_livo2_lio,HEADLAND,3,bbs_basin_hit,1,5,second_minus_first_scene_paired,1,1.0,,
fast_livo2_lio,HEADLAND,3,gicp_final_success,1,5,second_minus_first_scene_paired,0,,,
fast_livo2_lio,HEADLAND,3,physical_row_recall,3,5,second_minus_first_scene_paired,0,,,
fast_livo2_lio,HEADLAND,3,pose_region_recall_1m,3,5,second_minus_first_scene_paired,0,,,
fast_livo2_lio,HEADLAND,3,pose_region_recall_2m,3,5,second_minus_first_scene_paired,0,,,
fast_livo2_lio,HEADLAND,3,pose_region_recall_5m,3,5,second_minus_first_scene_paired,0,,,
fast_livo2_lio,HEADLAND,3,headland_region_recall,3,5,second_minus_first_scene_paired,0,,,
fast_livo2_lio,HEADLAND,3,xy_region_recall_1m,3,5,second_minus_first_scene_paired,1,0.0,,
fast_livo2_lio,HEADLAND,3,xy_region_recall_2m,3,5,second_minus_first_scene_paired,1,-1.0,,
fast_livo2_lio,HEADLAND,3,xy_region_recall_5m,3,5,second_minus_first_scene_paired,1,0.0,,
fast_livo2_lio,HEADLAND,3,wrong_row_fraction,3,5,second_minus_first_scene_paired,0,,,
fast_livo2_lio,HEADLAND,3,row_entropy,3,5,second_minus_first_scene_paired,0,,,
fast_livo2_lio,HEADLAND,3,score_margin_m12,3,5,second_minus_first_scene_paired,1,-0.0040621782228917845,,
fast_livo2_lio,HEADLAND,3,mean_radius_m,3,5,second_minus_first_scene_paired,1,0.16041498503186657,,
fast_livo2_lio,HEADLAND,3,longitudinal_median_m,3,5,second_minus_first_scene_paired,0,,,
fast_livo2_lio,HEADLAND,3,bbs_basin_hit,3,5,second_minus_first_scene_paired,1,1.0,,
fast_livo2_lio,HEADLAND,3,gicp_final_success,3,5,second_minus_first_scene_paired,0,,,
fast_livo2_lio,HEADLAND,5,physical_row_recall,1,3,second_minus_first_scene_paired,0,,,
fast_livo2_lio,HEADLAND,5,pose_region_recall_1m,1,3,second_minus_first_scene_paired,0,,,
fast_livo2_lio,HEADLAND,5,pose_region_recall_2m,1,3,second_minus_first_scene_paired,0,,,
fast_livo2_lio,HEADLAND,5,pose_region_recall_5m,1,3,second_minus_first_scene_paired,0,,,
fast_livo2_lio,HEADLAND,5,headland_region_recall,1,3,second_minus_first_scene_paired,0,,,
fast_livo2_lio,HEADLAND,5,xy_region_recall_1m,1,3,second_minus_first_scene_paired,1,0.0,,
fast_livo2_lio,HEADLAND,5,xy_region_recall_2m,1,3,second_minus_first_scene_paired,1,1.0,,
fast_livo2_lio,HEADLAND,5,xy_region_recall_5m,1,3,second_minus_first_scene_paired,1,1.0,,
fast_livo2_lio,HEADLAND,5,wrong_row_fraction,1,3,second_minus_first_scene_paired,0,,,
fast_livo2_lio,HEADLAND,5,row_entropy,1,3,second_minus_first_scene_paired,0,,,
fast_livo2_lio,HEADLAND,5,score_margin_m12,1,3,second_minus_first_scene_paired,1,0.006575382643947142,,
fast_livo2_lio,HEADLAND,5,mean_radius_m,1,3,second_minus_first_scene_paired,1,2.097265883068131,,
fast_livo2_lio,HEADLAND,5,longitudinal_median_m,1,3,second_minus_first_scene_paired,0,,,
fast_livo2_lio,HEADLAND,5,bbs_basin_hit,1,3,second_minus_first_scene_paired,1,1.0,,
fast_livo2_lio,HEADLAND,5,gicp_final_success,1,3,second_minus_first_scene_paired,0,,,
fast_livo2_lio,HEADLAND,5,physical_row_recall,1,5,second_minus_first_scene_paired,0,,,
fast_livo2_lio,HEADLAND,5,pose_region_recall_1m,1,5,second_minus_first_scene_paired,0,,,
fast_livo2_lio,HEADLAND,5,pose_region_recall_2m,1,5,second_minus_first_scene_paired,0,,,
fast_livo2_lio,HEADLAND,5,pose_region_recall_5m,1,5,second_minus_first_scene_paired,0,,,
fast_livo2_lio,HEADLAND,5,headland_region_recall,1,5,second_minus_first_scene_paired,0,,,
fast_livo2_lio,HEADLAND,5,xy_region_recall_1m,1,5,second_minus_first_scene_paired,1,0.0,,
fast_livo2_lio,HEADLAND,5,xy_region_recall_2m,1,5,second_minus_first_scene_paired,1,0.0,,
fast_livo2_lio,HEADLAND,5,xy_region_recall_5m,1,5,second_minus_first_scene_paired,1,1.0,,
fast_livo2_lio,HEADLAND,5,wrong_row_fraction,1,5,second_minus_first_scene_paired,0,,,
fast_livo2_lio,HEADLAND,5,row_entropy,1,5,second_minus_first_scene_paired,0,,,
fast_livo2_lio,HEADLAND,5,score_margin_m12,1,5,second_minus_first_scene_paired,1,0.002513204421055358,,
fast_livo2_lio,HEADLAND,5,mean_radius_m,1,5,second_minus_first_scene_paired,1,3.217000080313906,,
fast_livo2_lio,HEADLAND,5,longitudinal_median_m,1,5,second_minus_first_scene_paired,0,,,
fast_livo2_lio,HEADLAND,5,bbs_basin_hit,1,5,second_minus_first_scene_paired,1,1.0,,
fast_livo2_lio,HEADLAND,5,gicp_final_success,1,5,second_minus_first_scene_paired,0,,,
fast_livo2_lio,HEADLAND,5,physical_row_recall,3,5,second_minus_first_scene_paired,0,,,
fast_livo2_lio,HEADLAND,5,pose_region_recall_1m,3,5,second_minus_first_scene_paired,0,,,
fast_livo2_lio,HEADLAND,5,pose_region_recall_2m,3,5,second_minus_first_scene_paired,0,,,
fast_livo2_lio,HEADLAND,5,pose_region_recall_5m,3,5,second_minus_first_scene_paired,0,,,
fast_livo2_lio,HEADLAND,5,headland_region_recall,3,5,second_minus_first_scene_paired,0,,,
fast_livo2_lio,HEADLAND,5,xy_region_recall_1m,3,5,second_minus_first_scene_paired,1,0.0,,
fast_livo2_lio,HEADLAND,5,xy_region_recall_2m,3,5,second_minus_first_scene_paired,1,-1.0,,
fast_livo2_lio,HEADLAND,5,xy_region_recall_5m,3,5,second_minus_first_scene_paired,1,0.0,,
fast_livo2_lio,HEADLAND,5,wrong_row_fraction,3,5,second_minus_first_scene_paired,0,,,
fast_livo2_lio,HEADLAND,5,row_entropy,3,5,second_minus_first_scene_paired,0,,,
fast_livo2_lio,HEADLAND,5,score_margin_m12,3,5,second_minus_first_scene_paired,1,-0.0040621782228917845,,
fast_livo2_lio,HEADLAND,5,mean_radius_m,3,5,second_minus_first_scene_paired,1,1.1197341972457746,,
fast_livo2_lio,HEADLAND,5,longitudinal_median_m,3,5,second_minus_first_scene_paired,0,,,
fast_livo2_lio,HEADLAND,5,bbs_basin_hit,3,5,second_minus_first_scene_paired,1,0.0,,
fast_livo2_lio,HEADLAND,5,gicp_final_success,3,5,second_minus_first_scene_paired,0,,,
fast_livo2_lio,HEADLAND,10,physical_row_recall,1,3,second_minus_first_scene_paired,0,,,
fast_livo2_lio,HEADLAND,10,pose_region_recall_1m,1,3,second_minus_first_scene_paired,0,,,
fast_livo2_lio,HEADLAND,10,pose_region_recall_2m,1,3,second_minus_first_scene_paired,0,,,
fast_livo2_lio,HEADLAND,10,pose_region_recall_5m,1,3,second_minus_first_scene_paired,0,,,
fast_livo2_lio,HEADLAND,10,headland_region_recall,1,3,second_minus_first_scene_paired,0,,,
fast_livo2_lio,HEADLAND,10,xy_region_recall_1m,1,3,second_minus_first_scene_paired,1,0.0,,
fast_livo2_lio,HEADLAND,10,xy_region_recall_2m,1,3,second_minus_first_scene_paired,1,1.0,,
fast_livo2_lio,HEADLAND,10,xy_region_recall_5m,1,3,second_minus_first_scene_paired,1,1.0,,
fast_livo2_lio,HEADLAND,10,wrong_row_fraction,1,3,second_minus_first_scene_paired,0,,,
fast_livo2_lio,HEADLAND,10,row_entropy,1,3,second_minus_first_scene_paired,0,,,
fast_livo2_lio,HEADLAND,10,score_margin_m12,1,3,second_minus_first_scene_paired,1,0.006575382643947142,,
fast_livo2_lio,HEADLAND,10,mean_radius_m,1,3,second_minus_first_scene_paired,1,0.23434186571176596,,
fast_livo2_lio,HEADLAND,10,longitudinal_median_m,1,3,second_minus_first_scene_paired,0,,,
fast_livo2_lio,HEADLAND,10,bbs_basin_hit,1,3,second_minus_first_scene_paired,1,1.0,,
fast_livo2_lio,HEADLAND,10,gicp_final_success,1,3,second_minus_first_scene_paired,0,,,
fast_livo2_lio,HEADLAND,10,physical_row_recall,1,5,second_minus_first_scene_paired,0,,,
fast_livo2_lio,HEADLAND,10,pose_region_recall_1m,1,5,second_minus_first_scene_paired,0,,,
fast_livo2_lio,HEADLAND,10,pose_region_recall_2m,1,5,second_minus_first_scene_paired,0,,,
fast_livo2_lio,HEADLAND,10,pose_region_recall_5m,1,5,second_minus_first_scene_paired,0,,,
fast_livo2_lio,HEADLAND,10,headland_region_recall,1,5,second_minus_first_scene_paired,0,,,
fast_livo2_lio,HEADLAND,10,xy_region_recall_1m,1,5,second_minus_first_scene_paired,1,0.0,,
fast_livo2_lio,HEADLAND,10,xy_region_recall_2m,1,5,second_minus_first_scene_paired,1,0.0,,
fast_livo2_lio,HEADLAND,10,xy_region_recall_5m,1,5,second_minus_first_scene_paired,1,1.0,,
fast_livo2_lio,HEADLAND,10,wrong_row_fraction,1,5,second_minus_first_scene_paired,0,,,
fast_livo2_lio,HEADLAND,10,row_entropy,1,5,second_minus_first_scene_paired,0,,,
fast_livo2_lio,HEADLAND,10,score_margin_m12,1,5,second_minus_first_scene_paired,1,0.002513204421055358,,
fast_livo2_lio,HEADLAND,10,mean_radius_m,1,5,second_minus_first_scene_paired,1,1.3074462655202597,,
fast_livo2_lio,HEADLAND,10,longitudinal_median_m,1,5,second_minus_first_scene_paired,0,,,
fast_livo2_lio,HEADLAND,10,bbs_basin_hit,1,5,second_minus_first_scene_paired,1,1.0,,
fast_livo2_lio,HEADLAND,10,gicp_final_success,1,5,second_minus_first_scene_paired,0,,,
fast_livo2_lio,HEADLAND,10,physical_row_recall,3,5,second_minus_first_scene_paired,0,,,
fast_livo2_lio,HEADLAND,10,pose_region_recall_1m,3,5,second_minus_first_scene_paired,0,,,
fast_livo2_lio,HEADLAND,10,pose_region_recall_2m,3,5,second_minus_first_scene_paired,0,,,
fast_livo2_lio,HEADLAND,10,pose_region_recall_5m,3,5,second_minus_first_scene_paired,0,,,
fast_livo2_lio,HEADLAND,10,headland_region_recall,3,5,second_minus_first_scene_paired,0,,,
fast_livo2_lio,HEADLAND,10,xy_region_recall_1m,3,5,second_minus_first_scene_paired,1,0.0,,
fast_livo2_lio,HEADLAND,10,xy_region_recall_2m,3,5,second_minus_first_scene_paired,1,-1.0,,
fast_livo2_lio,HEADLAND,10,xy_region_recall_5m,3,5,second_minus_first_scene_paired,1,0.0,,
fast_livo2_lio,HEADLAND,10,wrong_row_fraction,3,5,second_minus_first_scene_paired,0,,,
fast_livo2_lio,HEADLAND,10,row_entropy,3,5,second_minus_first_scene_paired,0,,,
fast_livo2_lio,HEADLAND,10,score_margin_m12,3,5,second_minus_first_scene_paired,1,-0.0040621782228917845,,
fast_livo2_lio,HEADLAND,10,mean_radius_m,3,5,second_minus_first_scene_paired,1,1.0731043998084937,,
fast_livo2_lio,HEADLAND,10,longitudinal_median_m,3,5,second_minus_first_scene_paired,0,,,
fast_livo2_lio,HEADLAND,10,bbs_basin_hit,3,5,second_minus_first_scene_paired,1,0.0,,
fast_livo2_lio,HEADLAND,10,gicp_final_success,3,5,second_minus_first_scene_paired,0,,,
fast_livo2_lio,ROW_MIDDLE,1,physical_row_recall,1,3,second_minus_first_scene_paired,0,,,
fast_livo2_lio,ROW_MIDDLE,1,pose_region_recall_1m,1,3,second_minus_first_scene_paired,0,,,
fast_livo2_lio,ROW_MIDDLE,1,pose_region_recall_2m,1,3,second_minus_first_scene_paired,0,,,
fast_livo2_lio,ROW_MIDDLE,1,pose_region_recall_5m,1,3,second_minus_first_scene_paired,0,,,
fast_livo2_lio,ROW_MIDDLE,1,headland_region_recall,1,3,second_minus_first_scene_paired,0,,,
fast_livo2_lio,ROW_MIDDLE,1,xy_region_recall_1m,1,3,second_minus_first_scene_paired,1,0.0,,
fast_livo2_lio,ROW_MIDDLE,1,xy_region_recall_2m,1,3,second_minus_first_scene_paired,1,1.0,,
fast_livo2_lio,ROW_MIDDLE,1,xy_region_recall_5m,1,3,second_minus_first_scene_paired,1,1.0,,
fast_livo2_lio,ROW_MIDDLE,1,wrong_row_fraction,1,3,second_minus_first_scene_paired,0,,,
fast_livo2_lio,ROW_MIDDLE,1,row_entropy,1,3,second_minus_first_scene_paired,0,,,
fast_livo2_lio,ROW_MIDDLE,1,score_margin_m12,1,3,second_minus_first_scene_paired,1,5.877188943479838e-05,,
fast_livo2_lio,ROW_MIDDLE,1,mean_radius_m,1,3,second_minus_first_scene_paired,1,0.0,,
fast_livo2_lio,ROW_MIDDLE,1,longitudinal_median_m,1,3,second_minus_first_scene_paired,0,,,
fast_livo2_lio,ROW_MIDDLE,1,bbs_basin_hit,1,3,second_minus_first_scene_paired,1,0.0,,
fast_livo2_lio,ROW_MIDDLE,1,gicp_final_success,1,3,second_minus_first_scene_paired,0,,,
fast_livo2_lio,ROW_MIDDLE,1,physical_row_recall,1,5,second_minus_first_scene_paired,0,,,
fast_livo2_lio,ROW_MIDDLE,1,pose_region_recall_1m,1,5,second_minus_first_scene_paired,0,,,
fast_livo2_lio,ROW_MIDDLE,1,pose_region_recall_2m,1,5,second_minus_first_scene_paired,0,,,
fast_livo2_lio,ROW_MIDDLE,1,pose_region_recall_5m,1,5,second_minus_first_scene_paired,0,,,
fast_livo2_lio,ROW_MIDDLE,1,headland_region_recall,1,5,second_minus_first_scene_paired,0,,,
fast_livo2_lio,ROW_MIDDLE,1,xy_region_recall_1m,1,5,second_minus_first_scene_paired,1,0.0,,
fast_livo2_lio,ROW_MIDDLE,1,xy_region_recall_2m,1,5,second_minus_first_scene_paired,1,1.0,,
fast_livo2_lio,ROW_MIDDLE,1,xy_region_recall_5m,1,5,second_minus_first_scene_paired,1,1.0,,
fast_livo2_lio,ROW_MIDDLE,1,wrong_row_fraction,1,5,second_minus_first_scene_paired,0,,,
fast_livo2_lio,ROW_MIDDLE,1,row_entropy,1,5,second_minus_first_scene_paired,0,,,
fast_livo2_lio,ROW_MIDDLE,1,score_margin_m12,1,5,second_minus_first_scene_paired,1,0.003500191866363439,,
fast_livo2_lio,ROW_MIDDLE,1,mean_radius_m,1,5,second_minus_first_scene_paired,1,0.0,,
fast_livo2_lio,ROW_MIDDLE,1,longitudinal_median_m,1,5,second_minus_first_scene_paired,0,,,
fast_livo2_lio,ROW_MIDDLE,1,bbs_basin_hit,1,5,second_minus_first_scene_paired,1,0.0,,
fast_livo2_lio,ROW_MIDDLE,1,gicp_final_success,1,5,second_minus_first_scene_paired,0,,,
fast_livo2_lio,ROW_MIDDLE,1,physical_row_recall,3,5,second_minus_first_scene_paired,0,,,
fast_livo2_lio,ROW_MIDDLE,1,pose_region_recall_1m,3,5,second_minus_first_scene_paired,0,,,
fast_livo2_lio,ROW_MIDDLE,1,pose_region_recall_2m,3,5,second_minus_first_scene_paired,0,,,
fast_livo2_lio,ROW_MIDDLE,1,pose_region_recall_5m,3,5,second_minus_first_scene_paired,0,,,
fast_livo2_lio,ROW_MIDDLE,1,headland_region_recall,3,5,second_minus_first_scene_paired,0,,,
fast_livo2_lio,ROW_MIDDLE,1,xy_region_recall_1m,3,5,second_minus_first_scene_paired,1,0.0,,
fast_livo2_lio,ROW_MIDDLE,1,xy_region_recall_2m,3,5,second_minus_first_scene_paired,1,0.0,,
fast_livo2_lio,ROW_MIDDLE,1,xy_region_recall_5m,3,5,second_minus_first_scene_paired,1,0.0,,
fast_livo2_lio,ROW_MIDDLE,1,wrong_row_fraction,3,5,second_minus_first_scene_paired,0,,,
fast_livo2_lio,ROW_MIDDLE,1,row_entropy,3,5,second_minus_first_scene_paired,0,,,
fast_livo2_lio,ROW_MIDDLE,1,score_margin_m12,3,5,second_minus_first_scene_paired,1,0.0034414199769286407,,
fast_livo2_lio,ROW_MIDDLE,1,mean_radius_m,3,5,second_minus_first_scene_paired,1,0.0,,
fast_livo2_lio,ROW_MIDDLE,1,longitudinal_median_m,3,5,second_minus_first_scene_paired,0,,,
fast_livo2_lio,ROW_MIDDLE,1,bbs_basin_hit,3,5,second_minus_first_scene_paired,1,0.0,,
fast_livo2_lio,ROW_MIDDLE,1,gicp_final_success,3,5,second_minus_first_scene_paired,0,,,
fast_livo2_lio,ROW_MIDDLE,3,physical_row_recall,1,3,second_minus_first_scene_paired,0,,,
fast_livo2_lio,ROW_MIDDLE,3,pose_region_recall_1m,1,3,second_minus_first_scene_paired,0,,,
fast_livo2_lio,ROW_MIDDLE,3,pose_region_recall_2m,1,3,second_minus_first_scene_paired,0,,,
fast_livo2_lio,ROW_MIDDLE,3,pose_region_recall_5m,1,3,second_minus_first_scene_paired,0,,,
fast_livo2_lio,ROW_MIDDLE,3,headland_region_recall,1,3,second_minus_first_scene_paired,0,,,
fast_livo2_lio,ROW_MIDDLE,3,xy_region_recall_1m,1,3,second_minus_first_scene_paired,1,0.0,,
fast_livo2_lio,ROW_MIDDLE,3,xy_region_recall_2m,1,3,second_minus_first_scene_paired,1,0.0,,
fast_livo2_lio,ROW_MIDDLE,3,xy_region_recall_5m,1,3,second_minus_first_scene_paired,1,0.0,,
fast_livo2_lio,ROW_MIDDLE,3,wrong_row_fraction,1,3,second_minus_first_scene_paired,0,,,
fast_livo2_lio,ROW_MIDDLE,3,row_entropy,1,3,second_minus_first_scene_paired,0,,,
fast_livo2_lio,ROW_MIDDLE,3,score_margin_m12,1,3,second_minus_first_scene_paired,1,5.877188943479838e-05,,
fast_livo2_lio,ROW_MIDDLE,3,mean_radius_m,1,3,second_minus_first_scene_paired,1,2.4351972607626395,,
fast_livo2_lio,ROW_MIDDLE,3,longitudinal_median_m,1,3,second_minus_first_scene_paired,0,,,
fast_livo2_lio,ROW_MIDDLE,3,bbs_basin_hit,1,3,second_minus_first_scene_paired,1,0.0,,
fast_livo2_lio,ROW_MIDDLE,3,gicp_final_success,1,3,second_minus_first_scene_paired,0,,,
fast_livo2_lio,ROW_MIDDLE,3,physical_row_recall,1,5,second_minus_first_scene_paired,0,,,
fast_livo2_lio,ROW_MIDDLE,3,pose_region_recall_1m,1,5,second_minus_first_scene_paired,0,,,
fast_livo2_lio,ROW_MIDDLE,3,pose_region_recall_2m,1,5,second_minus_first_scene_paired,0,,,
fast_livo2_lio,ROW_MIDDLE,3,pose_region_recall_5m,1,5,second_minus_first_scene_paired,0,,,
fast_livo2_lio,ROW_MIDDLE,3,headland_region_recall,1,5,second_minus_first_scene_paired,0,,,
fast_livo2_lio,ROW_MIDDLE,3,xy_region_recall_1m,1,5,second_minus_first_scene_paired,1,0.0,,
fast_livo2_lio,ROW_MIDDLE,3,xy_region_recall_2m,1,5,second_minus_first_scene_paired,1,0.0,,
fast_livo2_lio,ROW_MIDDLE,3,xy_region_recall_5m,1,5,second_minus_first_scene_paired,1,0.0,,
fast_livo2_lio,ROW_MIDDLE,3,wrong_row_fraction,1,5,second_minus_first_scene_paired,0,,,
fast_livo2_lio,ROW_MIDDLE,3,row_entropy,1,5,second_minus_first_scene_paired,0,,,
fast_livo2_lio,ROW_MIDDLE,3,score_margin_m12,1,5,second_minus_first_scene_paired,1,0.003500191866363439,,
fast_livo2_lio,ROW_MIDDLE,3,mean_radius_m,1,5,second_minus_first_scene_paired,1,2.4351972607626395,,
fast_livo2_lio,ROW_MIDDLE,3,longitudinal_median_m,1,5,second_minus_first_scene_paired,0,,,
fast_livo2_lio,ROW_MIDDLE,3,bbs_basin_hit,1,5,second_minus_first_scene_paired,1,0.0,,
fast_livo2_lio,ROW_MIDDLE,3,gicp_final_success,1,5,second_minus_first_scene_paired,0,,,
fast_livo2_lio,ROW_MIDDLE,3,physical_row_recall,3,5,second_minus_first_scene_paired,0,,,
fast_livo2_lio,ROW_MIDDLE,3,pose_region_recall_1m,3,5,second_minus_first_scene_paired,0,,,
fast_livo2_lio,ROW_MIDDLE,3,pose_region_recall_2m,3,5,second_minus_first_scene_paired,0,,,
fast_livo2_lio,ROW_MIDDLE,3,pose_region_recall_5m,3,5,second_minus_first_scene_paired,0,,,
fast_livo2_lio,ROW_MIDDLE,3,headland_region_recall,3,5,second_minus_first_scene_paired,0,,,
fast_livo2_lio,ROW_MIDDLE,3,xy_region_recall_1m,3,5,second_minus_first_scene_paired,1,0.0,,
fast_livo2_lio,ROW_MIDDLE,3,xy_region_recall_2m,3,5,second_minus_first_scene_paired,1,0.0,,
fast_livo2_lio,ROW_MIDDLE,3,xy_region_recall_5m,3,5,second_minus_first_scene_paired,1,0.0,,
fast_livo2_lio,ROW_MIDDLE,3,wrong_row_fraction,3,5,second_minus_first_scene_paired,0,,,
fast_livo2_lio,ROW_MIDDLE,3,row_entropy,3,5,second_minus_first_scene_paired,0,,,
fast_livo2_lio,ROW_MIDDLE,3,score_margin_m12,3,5,second_minus_first_scene_paired,1,0.0034414199769286407,,
fast_livo2_lio,ROW_MIDDLE,3,mean_radius_m,3,5,second_minus_first_scene_paired,1,0.0,,
fast_livo2_lio,ROW_MIDDLE,3,longitudinal_median_m,3,5,second_minus_first_scene_paired,0,,,
fast_livo2_lio,ROW_MIDDLE,3,bbs_basin_hit,3,5,second_minus_first_scene_paired,1,0.0,,
fast_livo2_lio,ROW_MIDDLE,3,gicp_final_success,3,5,second_minus_first_scene_paired,0,,,
fast_livo2_lio,ROW_MIDDLE,5,physical_row_recall,1,3,second_minus_first_scene_paired,0,,,
fast_livo2_lio,ROW_MIDDLE,5,pose_region_recall_1m,1,3,second_minus_first_scene_paired,0,,,
fast_livo2_lio,ROW_MIDDLE,5,pose_region_recall_2m,1,3,second_minus_first_scene_paired,0,,,
fast_livo2_lio,ROW_MIDDLE,5,pose_region_recall_5m,1,3,second_minus_first_scene_paired,0,,,
fast_livo2_lio,ROW_MIDDLE,5,headland_region_recall,1,3,second_minus_first_scene_paired,0,,,
fast_livo2_lio,ROW_MIDDLE,5,xy_region_recall_1m,1,3,second_minus_first_scene_paired,1,0.0,,
fast_livo2_lio,ROW_MIDDLE,5,xy_region_recall_2m,1,3,second_minus_first_scene_paired,1,0.0,,
fast_livo2_lio,ROW_MIDDLE,5,xy_region_recall_5m,1,3,second_minus_first_scene_paired,1,0.0,,
fast_livo2_lio,ROW_MIDDLE,5,wrong_row_fraction,1,3,second_minus_first_scene_paired,0,,,
fast_livo2_lio,ROW_MIDDLE,5,row_entropy,1,3,second_minus_first_scene_paired,0,,,
fast_livo2_lio,ROW_MIDDLE,5,score_margin_m12,1,3,second_minus_first_scene_paired,1,5.877188943479838e-05,,
fast_livo2_lio,ROW_MIDDLE,5,mean_radius_m,1,3,second_minus_first_scene_paired,1,-8.881784197001252e-16,,
fast_livo2_lio,ROW_MIDDLE,5,longitudinal_median_m,1,3,second_minus_first_scene_paired,0,,,
fast_livo2_lio,ROW_MIDDLE,5,bbs_basin_hit,1,3,second_minus_first_scene_paired,1,0.0,,
fast_livo2_lio,ROW_MIDDLE,5,gicp_final_success,1,3,second_minus_first_scene_paired,0,,,
fast_livo2_lio,ROW_MIDDLE,5,physical_row_recall,1,5,second_minus_first_scene_paired,0,,,
fast_livo2_lio,ROW_MIDDLE,5,pose_region_recall_1m,1,5,second_minus_first_scene_paired,0,,,
fast_livo2_lio,ROW_MIDDLE,5,pose_region_recall_2m,1,5,second_minus_first_scene_paired,0,,,
fast_livo2_lio,ROW_MIDDLE,5,pose_region_recall_5m,1,5,second_minus_first_scene_paired,0,,,
fast_livo2_lio,ROW_MIDDLE,5,headland_region_recall,1,5,second_minus_first_scene_paired,0,,,
fast_livo2_lio,ROW_MIDDLE,5,xy_region_recall_1m,1,5,second_minus_first_scene_paired,1,0.0,,
fast_livo2_lio,ROW_MIDDLE,5,xy_region_recall_2m,1,5,second_minus_first_scene_paired,1,0.0,,
fast_livo2_lio,ROW_MIDDLE,5,xy_region_recall_5m,1,5,second_minus_first_scene_paired,1,0.0,,
fast_livo2_lio,ROW_MIDDLE,5,wrong_row_fraction,1,5,second_minus_first_scene_paired,0,,,
fast_livo2_lio,ROW_MIDDLE,5,row_entropy,1,5,second_minus_first_scene_paired,0,,,
fast_livo2_lio,ROW_MIDDLE,5,score_margin_m12,1,5,second_minus_first_scene_paired,1,0.003500191866363439,,
fast_livo2_lio,ROW_MIDDLE,5,mean_radius_m,1,5,second_minus_first_scene_paired,1,-8.881784197001252e-16,,
fast_livo2_lio,ROW_MIDDLE,5,longitudinal_median_m,1,5,second_minus_first_scene_paired,0,,,
fast_livo2_lio,ROW_MIDDLE,5,bbs_basin_hit,1,5,second_minus_first_scene_paired,1,0.0,,
fast_livo2_lio,ROW_MIDDLE,5,gicp_final_success,1,5,second_minus_first_scene_paired,0,,,
fast_livo2_lio,ROW_MIDDLE,5,physical_row_recall,3,5,second_minus_first_scene_paired,0,,,
fast_livo2_lio,ROW_MIDDLE,5,pose_region_recall_1m,3,5,second_minus_first_scene_paired,0,,,
fast_livo2_lio,ROW_MIDDLE,5,pose_region_recall_2m,3,5,second_minus_first_scene_paired,0,,,
fast_livo2_lio,ROW_MIDDLE,5,pose_region_recall_5m,3,5,second_minus_first_scene_paired,0,,,
fast_livo2_lio,ROW_MIDDLE,5,headland_region_recall,3,5,second_minus_first_scene_paired,0,,,
fast_livo2_lio,ROW_MIDDLE,5,xy_region_recall_1m,3,5,second_minus_first_scene_paired,1,0.0,,
fast_livo2_lio,ROW_MIDDLE,5,xy_region_recall_2m,3,5,second_minus_first_scene_paired,1,0.0,,
fast_livo2_lio,ROW_MIDDLE,5,xy_region_recall_5m,3,5,second_minus_first_scene_paired,1,0.0,,
fast_livo2_lio,ROW_MIDDLE,5,wrong_row_fraction,3,5,second_minus_first_scene_paired,0,,,
fast_livo2_lio,ROW_MIDDLE,5,row_entropy,3,5,second_minus_first_scene_paired,0,,,
fast_livo2_lio,ROW_MIDDLE,5,score_margin_m12,3,5,second_minus_first_scene_paired,1,0.0034414199769286407,,
fast_livo2_lio,ROW_MIDDLE,5,mean_radius_m,3,5,second_minus_first_scene_paired,1,0.0,,
fast_livo2_lio,ROW_MIDDLE,5,longitudinal_median_m,3,5,second_minus_first_scene_paired,0,,,
fast_livo2_lio,ROW_MIDDLE,5,bbs_basin_hit,3,5,second_minus_first_scene_paired,1,0.0,,
fast_livo2_lio,ROW_MIDDLE,5,gicp_final_success,3,5,second_minus_first_scene_paired,0,,,
fast_livo2_lio,ROW_MIDDLE,10,physical_row_recall,1,3,second_minus_first_scene_paired,0,,,
fast_livo2_lio,ROW_MIDDLE,10,pose_region_recall_1m,1,3,second_minus_first_scene_paired,0,,,
fast_livo2_lio,ROW_MIDDLE,10,pose_region_recall_2m,1,3,second_minus_first_scene_paired,0,,,
fast_livo2_lio,ROW_MIDDLE,10,pose_region_recall_5m,1,3,second_minus_first_scene_paired,0,,,
fast_livo2_lio,ROW_MIDDLE,10,headland_region_recall,1,3,second_minus_first_scene_paired,0,,,
fast_livo2_lio,ROW_MIDDLE,10,xy_region_recall_1m,1,3,second_minus_first_scene_paired,1,0.0,,
fast_livo2_lio,ROW_MIDDLE,10,xy_region_recall_2m,1,3,second_minus_first_scene_paired,1,0.0,,
fast_livo2_lio,ROW_MIDDLE,10,xy_region_recall_5m,1,3,second_minus_first_scene_paired,1,0.0,,
fast_livo2_lio,ROW_MIDDLE,10,wrong_row_fraction,1,3,second_minus_first_scene_paired,0,,,
fast_livo2_lio,ROW_MIDDLE,10,row_entropy,1,3,second_minus_first_scene_paired,0,,,
fast_livo2_lio,ROW_MIDDLE,10,score_margin_m12,1,3,second_minus_first_scene_paired,1,5.877188943479838e-05,,
fast_livo2_lio,ROW_MIDDLE,10,mean_radius_m,1,3,second_minus_first_scene_paired,1,-0.11528984513839813,,
fast_livo2_lio,ROW_MIDDLE,10,longitudinal_median_m,1,3,second_minus_first_scene_paired,0,,,
fast_livo2_lio,ROW_MIDDLE,10,bbs_basin_hit,1,3,second_minus_first_scene_paired,1,1.0,,
fast_livo2_lio,ROW_MIDDLE,10,gicp_final_success,1,3,second_minus_first_scene_paired,0,,,
fast_livo2_lio,ROW_MIDDLE,10,physical_row_recall,1,5,second_minus_first_scene_paired,0,,,
fast_livo2_lio,ROW_MIDDLE,10,pose_region_recall_1m,1,5,second_minus_first_scene_paired,0,,,
fast_livo2_lio,ROW_MIDDLE,10,pose_region_recall_2m,1,5,second_minus_first_scene_paired,0,,,
fast_livo2_lio,ROW_MIDDLE,10,pose_region_recall_5m,1,5,second_minus_first_scene_paired,0,,,
fast_livo2_lio,ROW_MIDDLE,10,headland_region_recall,1,5,second_minus_first_scene_paired,0,,,
fast_livo2_lio,ROW_MIDDLE,10,xy_region_recall_1m,1,5,second_minus_first_scene_paired,1,0.0,,
fast_livo2_lio,ROW_MIDDLE,10,xy_region_recall_2m,1,5,second_minus_first_scene_paired,1,0.0,,
fast_livo2_lio,ROW_MIDDLE,10,xy_region_recall_5m,1,5,second_minus_first_scene_paired,1,0.0,,
fast_livo2_lio,ROW_MIDDLE,10,wrong_row_fraction,1,5,second_minus_first_scene_paired,0,,,
fast_livo2_lio,ROW_MIDDLE,10,row_entropy,1,5,second_minus_first_scene_paired,0,,,
fast_livo2_lio,ROW_MIDDLE,10,score_margin_m12,1,5,second_minus_first_scene_paired,1,0.003500191866363439,,
fast_livo2_lio,ROW_MIDDLE,10,mean_radius_m,1,5,second_minus_first_scene_paired,1,-0.17707485855544736,,
fast_livo2_lio,ROW_MIDDLE,10,longitudinal_median_m,1,5,second_minus_first_scene_paired,0,,,
fast_livo2_lio,ROW_MIDDLE,10,bbs_basin_hit,1,5,second_minus_first_scene_paired,1,0.0,,
fast_livo2_lio,ROW_MIDDLE,10,gicp_final_success,1,5,second_minus_first_scene_paired,0,,,
fast_livo2_lio,ROW_MIDDLE,10,physical_row_recall,3,5,second_minus_first_scene_paired,0,,,
fast_livo2_lio,ROW_MIDDLE,10,pose_region_recall_1m,3,5,second_minus_first_scene_paired,0,,,
fast_livo2_lio,ROW_MIDDLE,10,pose_region_recall_2m,3,5,second_minus_first_scene_paired,0,,,
fast_livo2_lio,ROW_MIDDLE,10,pose_region_recall_5m,3,5,second_minus_first_scene_paired,0,,,
fast_livo2_lio,ROW_MIDDLE,10,headland_region_recall,3,5,second_minus_first_scene_paired,0,,,
fast_livo2_lio,ROW_MIDDLE,10,xy_region_recall_1m,3,5,second_minus_first_scene_paired,1,0.0,,
fast_livo2_lio,ROW_MIDDLE,10,xy_region_recall_2m,3,5,second_minus_first_scene_paired,1,0.0,,
fast_livo2_lio,ROW_MIDDLE,10,xy_region_recall_5m,3,5,second_minus_first_scene_paired,1,0.0,,
fast_livo2_lio,ROW_MIDDLE,10,wrong_row_fraction,3,5,second_minus_first_scene_paired,0,,,
fast_livo2_lio,ROW_MIDDLE,10,row_entropy,3,5,second_minus_first_scene_paired,0,,,
fast_livo2_lio,ROW_MIDDLE,10,score_margin_m12,3,5,second_minus_first_scene_paired,1,0.0034414199769286407,,
fast_livo2_lio,ROW_MIDDLE,10,mean_radius_m,3,5,second_minus_first_scene_paired,1,-0.06178501341704923,,
fast_livo2_lio,ROW_MIDDLE,10,longitudinal_median_m,3,5,second_minus_first_scene_paired,0,,,
fast_livo2_lio,ROW_MIDDLE,10,bbs_basin_hit,3,5,second_minus_first_scene_paired,1,-1.0,,
fast_livo2_lio,ROW_MIDDLE,10,gicp_final_success,3,5,second_minus_first_scene_paired,0,,,
point_lio,HEADLAND,1,physical_row_recall,1,3,second_minus_first_scene_paired,0,,,
point_lio,HEADLAND,1,pose_region_recall_1m,1,3,second_minus_first_scene_paired,0,,,
point_lio,HEADLAND,1,pose_region_recall_2m,1,3,second_minus_first_scene_paired,0,,,
point_lio,HEADLAND,1,pose_region_recall_5m,1,3,second_minus_first_scene_paired,0,,,
point_lio,HEADLAND,1,headland_region_recall,1,3,second_minus_first_scene_paired,0,,,
point_lio,HEADLAND,1,xy_region_recall_1m,1,3,second_minus_first_scene_paired,1,0.0,,
point_lio,HEADLAND,1,xy_region_recall_2m,1,3,second_minus_first_scene_paired,1,1.0,,
point_lio,HEADLAND,1,xy_region_recall_5m,1,3,second_minus_first_scene_paired,1,1.0,,
point_lio,HEADLAND,1,wrong_row_fraction,1,3,second_minus_first_scene_paired,0,,,
point_lio,HEADLAND,1,row_entropy,1,3,second_minus_first_scene_paired,0,,,
point_lio,HEADLAND,1,score_margin_m12,1,3,second_minus_first_scene_paired,1,0.019451116951609813,,
point_lio,HEADLAND,1,mean_radius_m,1,3,second_minus_first_scene_paired,1,0.0,,
point_lio,HEADLAND,1,longitudinal_median_m,1,3,second_minus_first_scene_paired,0,,,
point_lio,HEADLAND,1,bbs_basin_hit,1,3,second_minus_first_scene_paired,1,0.0,,
point_lio,HEADLAND,1,gicp_final_success,1,3,second_minus_first_scene_paired,0,,,
point_lio,HEADLAND,1,physical_row_recall,1,5,second_minus_first_scene_paired,0,,,
point_lio,HEADLAND,1,pose_region_recall_1m,1,5,second_minus_first_scene_paired,0,,,
point_lio,HEADLAND,1,pose_region_recall_2m,1,5,second_minus_first_scene_paired,0,,,
point_lio,HEADLAND,1,pose_region_recall_5m,1,5,second_minus_first_scene_paired,0,,,
point_lio,HEADLAND,1,headland_region_recall,1,5,second_minus_first_scene_paired,0,,,
point_lio,HEADLAND,1,xy_region_recall_1m,1,5,second_minus_first_scene_paired,1,0.0,,
point_lio,HEADLAND,1,xy_region_recall_2m,1,5,second_minus_first_scene_paired,1,0.0,,
point_lio,HEADLAND,1,xy_region_recall_5m,1,5,second_minus_first_scene_paired,1,0.0,,
point_lio,HEADLAND,1,wrong_row_fraction,1,5,second_minus_first_scene_paired,0,,,
point_lio,HEADLAND,1,row_entropy,1,5,second_minus_first_scene_paired,0,,,
point_lio,HEADLAND,1,score_margin_m12,1,5,second_minus_first_scene_paired,1,0.014979415046788952,,
point_lio,HEADLAND,1,mean_radius_m,1,5,second_minus_first_scene_paired,1,0.0,,
point_lio,HEADLAND,1,longitudinal_median_m,1,5,second_minus_first_scene_paired,0,,,
point_lio,HEADLAND,1,bbs_basin_hit,1,5,second_minus_first_scene_paired,1,0.0,,
point_lio,HEADLAND,1,gicp_final_success,1,5,second_minus_first_scene_paired,0,,,
point_lio,HEADLAND,1,physical_row_recall,3,5,second_minus_first_scene_paired,0,,,
point_lio,HEADLAND,1,pose_region_recall_1m,3,5,second_minus_first_scene_paired,0,,,
point_lio,HEADLAND,1,pose_region_recall_2m,3,5,second_minus_first_scene_paired,0,,,
point_lio,HEADLAND,1,pose_region_recall_5m,3,5,second_minus_first_scene_paired,0,,,
point_lio,HEADLAND,1,headland_region_recall,3,5,second_minus_first_scene_paired,0,,,
point_lio,HEADLAND,1,xy_region_recall_1m,3,5,second_minus_first_scene_paired,1,0.0,,
point_lio,HEADLAND,1,xy_region_recall_2m,3,5,second_minus_first_scene_paired,1,-1.0,,
point_lio,HEADLAND,1,xy_region_recall_5m,3,5,second_minus_first_scene_paired,1,-1.0,,
point_lio,HEADLAND,1,wrong_row_fraction,3,5,second_minus_first_scene_paired,0,,,
point_lio,HEADLAND,1,row_entropy,3,5,second_minus_first_scene_paired,0,,,
point_lio,HEADLAND,1,score_margin_m12,3,5,second_minus_first_scene_paired,1,-0.004471701904820862,,
point_lio,HEADLAND,1,mean_radius_m,3,5,second_minus_first_scene_paired,1,0.0,,
point_lio,HEADLAND,1,longitudinal_median_m,3,5,second_minus_first_scene_paired,0,,,
point_lio,HEADLAND,1,bbs_basin_hit,3,5,second_minus_first_scene_paired,1,0.0,,
point_lio,HEADLAND,1,gicp_final_success,3,5,second_minus_first_scene_paired,0,,,
point_lio,HEADLAND,3,physical_row_recall,1,3,second_minus_first_scene_paired,0,,,
point_lio,HEADLAND,3,pose_region_recall_1m,1,3,second_minus_first_scene_paired,0,,,
point_lio,HEADLAND,3,pose_region_recall_2m,1,3,second_minus_first_scene_paired,0,,,
point_lio,HEADLAND,3,pose_region_recall_5m,1,3,second_minus_first_scene_paired,0,,,
point_lio,HEADLAND,3,headland_region_recall,1,3,second_minus_first_scene_paired,0,,,
point_lio,HEADLAND,3,xy_region_recall_1m,1,3,second_minus_first_scene_paired,1,0.0,,
point_lio,HEADLAND,3,xy_region_recall_2m,1,3,second_minus_first_scene_paired,1,1.0,,
point_lio,HEADLAND,3,xy_region_recall_5m,1,3,second_minus_first_scene_paired,1,1.0,,
point_lio,HEADLAND,3,wrong_row_fraction,1,3,second_minus_first_scene_paired,0,,,
point_lio,HEADLAND,3,row_entropy,1,3,second_minus_first_scene_paired,0,,,
point_lio,HEADLAND,3,score_margin_m12,1,3,second_minus_first_scene_paired,1,0.019451116951609813,,
point_lio,HEADLAND,3,mean_radius_m,1,3,second_minus_first_scene_paired,1,3.372793261825594,,
point_lio,HEADLAND,3,longitudinal_median_m,1,3,second_minus_first_scene_paired,0,,,
point_lio,HEADLAND,3,bbs_basin_hit,1,3,second_minus_first_scene_paired,1,0.0,,
point_lio,HEADLAND,3,gicp_final_success,1,3,second_minus_first_scene_paired,0,,,
point_lio,HEADLAND,3,physical_row_recall,1,5,second_minus_first_scene_paired,0,,,
point_lio,HEADLAND,3,pose_region_recall_1m,1,5,second_minus_first_scene_paired,0,,,
point_lio,HEADLAND,3,pose_region_recall_2m,1,5,second_minus_first_scene_paired,0,,,
point_lio,HEADLAND,3,pose_region_recall_5m,1,5,second_minus_first_scene_paired,0,,,
point_lio,HEADLAND,3,headland_region_recall,1,5,second_minus_first_scene_paired,0,,,
point_lio,HEADLAND,3,xy_region_recall_1m,1,5,second_minus_first_scene_paired,1,0.0,,
point_lio,HEADLAND,3,xy_region_recall_2m,1,5,second_minus_first_scene_paired,1,0.0,,
point_lio,HEADLAND,3,xy_region_recall_5m,1,5,second_minus_first_scene_paired,1,0.0,,
point_lio,HEADLAND,3,wrong_row_fraction,1,5,second_minus_first_scene_paired,0,,,
point_lio,HEADLAND,3,row_entropy,1,5,second_minus_first_scene_paired,0,,,
point_lio,HEADLAND,3,score_margin_m12,1,5,second_minus_first_scene_paired,1,0.014979415046788952,,
point_lio,HEADLAND,3,mean_radius_m,1,5,second_minus_first_scene_paired,1,0.6162450491732623,,
point_lio,HEADLAND,3,longitudinal_median_m,1,5,second_minus_first_scene_paired,0,,,
point_lio,HEADLAND,3,bbs_basin_hit,1,5,second_minus_first_scene_paired,1,0.0,,
point_lio,HEADLAND,3,gicp_final_success,1,5,second_minus_first_scene_paired,0,,,
point_lio,HEADLAND,3,physical_row_recall,3,5,second_minus_first_scene_paired,0,,,
point_lio,HEADLAND,3,pose_region_recall_1m,3,5,second_minus_first_scene_paired,0,,,
point_lio,HEADLAND,3,pose_region_recall_2m,3,5,second_minus_first_scene_paired,0,,,
point_lio,HEADLAND,3,pose_region_recall_5m,3,5,second_minus_first_scene_paired,0,,,
point_lio,HEADLAND,3,headland_region_recall,3,5,second_minus_first_scene_paired,0,,,
point_lio,HEADLAND,3,xy_region_recall_1m,3,5,second_minus_first_scene_paired,1,0.0,,
point_lio,HEADLAND,3,xy_region_recall_2m,3,5,second_minus_first_scene_paired,1,-1.0,,
point_lio,HEADLAND,3,xy_region_recall_5m,3,5,second_minus_first_scene_paired,1,-1.0,,
point_lio,HEADLAND,3,wrong_row_fraction,3,5,second_minus_first_scene_paired,0,,,
point_lio,HEADLAND,3,row_entropy,3,5,second_minus_first_scene_paired,0,,,
point_lio,HEADLAND,3,score_margin_m12,3,5,second_minus_first_scene_paired,1,-0.004471701904820862,,
point_lio,HEADLAND,3,mean_radius_m,3,5,second_minus_first_scene_paired,1,-2.7565482126523313,,
point_lio,HEADLAND,3,longitudinal_median_m,3,5,second_minus_first_scene_paired,0,,,
point_lio,HEADLAND,3,bbs_basin_hit,3,5,second_minus_first_scene_paired,1,0.0,,
point_lio,HEADLAND,3,gicp_final_success,3,5,second_minus_first_scene_paired,0,,,
point_lio,HEADLAND,5,physical_row_recall,1,3,second_minus_first_scene_paired,0,,,
point_lio,HEADLAND,5,pose_region_recall_1m,1,3,second_minus_first_scene_paired,0,,,
point_lio,HEADLAND,5,pose_region_recall_2m,1,3,second_minus_first_scene_paired,0,,,
point_lio,HEADLAND,5,pose_region_recall_5m,1,3,second_minus_first_scene_paired,0,,,
point_lio,HEADLAND,5,headland_region_recall,1,3,second_minus_first_scene_paired,0,,,
point_lio,HEADLAND,5,xy_region_recall_1m,1,3,second_minus_first_scene_paired,1,0.0,,
point_lio,HEADLAND,5,xy_region_recall_2m,1,3,second_minus_first_scene_paired,1,1.0,,
point_lio,HEADLAND,5,xy_region_recall_5m,1,3,second_minus_first_scene_paired,1,1.0,,
point_lio,HEADLAND,5,wrong_row_fraction,1,3,second_minus_first_scene_paired,0,,,
point_lio,HEADLAND,5,row_entropy,1,3,second_minus_first_scene_paired,0,,,
point_lio,HEADLAND,5,score_margin_m12,1,3,second_minus_first_scene_paired,1,0.019451116951609813,,
point_lio,HEADLAND,5,mean_radius_m,1,3,second_minus_first_scene_paired,1,3.2500520370957484,,
point_lio,HEADLAND,5,longitudinal_median_m,1,3,second_minus_first_scene_paired,0,,,
point_lio,HEADLAND,5,bbs_basin_hit,1,3,second_minus_first_scene_paired,1,0.0,,
point_lio,HEADLAND,5,gicp_final_success,1,3,second_minus_first_scene_paired,0,,,
point_lio,HEADLAND,5,physical_row_recall,1,5,second_minus_first_scene_paired,0,,,
point_lio,HEADLAND,5,pose_region_recall_1m,1,5,second_minus_first_scene_paired,0,,,
point_lio,HEADLAND,5,pose_region_recall_2m,1,5,second_minus_first_scene_paired,0,,,
point_lio,HEADLAND,5,pose_region_recall_5m,1,5,second_minus_first_scene_paired,0,,,
point_lio,HEADLAND,5,headland_region_recall,1,5,second_minus_first_scene_paired,0,,,
point_lio,HEADLAND,5,xy_region_recall_1m,1,5,second_minus_first_scene_paired,1,0.0,,
point_lio,HEADLAND,5,xy_region_recall_2m,1,5,second_minus_first_scene_paired,1,0.0,,
point_lio,HEADLAND,5,xy_region_recall_5m,1,5,second_minus_first_scene_paired,1,1.0,,
point_lio,HEADLAND,5,wrong_row_fraction,1,5,second_minus_first_scene_paired,0,,,
point_lio,HEADLAND,5,row_entropy,1,5,second_minus_first_scene_paired,0,,,
point_lio,HEADLAND,5,score_margin_m12,1,5,second_minus_first_scene_paired,1,0.014979415046788952,,
point_lio,HEADLAND,5,mean_radius_m,1,5,second_minus_first_scene_paired,1,1.8181004010476585,,
point_lio,HEADLAND,5,longitudinal_median_m,1,5,second_minus_first_scene_paired,0,,,
point_lio,HEADLAND,5,bbs_basin_hit,1,5,second_minus_first_scene_paired,1,0.0,,
point_lio,HEADLAND,5,gicp_final_success,1,5,second_minus_first_scene_paired,0,,,
point_lio,HEADLAND,5,physical_row_recall,3,5,second_minus_first_scene_paired,0,,,
point_lio,HEADLAND,5,pose_region_recall_1m,3,5,second_minus_first_scene_paired,0,,,
point_lio,HEADLAND,5,pose_region_recall_2m,3,5,second_minus_first_scene_paired,0,,,
point_lio,HEADLAND,5,pose_region_recall_5m,3,5,second_minus_first_scene_paired,0,,,
point_lio,HEADLAND,5,headland_region_recall,3,5,second_minus_first_scene_paired,0,,,
point_lio,HEADLAND,5,xy_region_recall_1m,3,5,second_minus_first_scene_paired,1,0.0,,
point_lio,HEADLAND,5,xy_region_recall_2m,3,5,second_minus_first_scene_paired,1,-1.0,,
point_lio,HEADLAND,5,xy_region_recall_5m,3,5,second_minus_first_scene_paired,1,0.0,,
point_lio,HEADLAND,5,wrong_row_fraction,3,5,second_minus_first_scene_paired,0,,,
point_lio,HEADLAND,5,row_entropy,3,5,second_minus_first_scene_paired,0,,,
point_lio,HEADLAND,5,score_margin_m12,3,5,second_minus_first_scene_paired,1,-0.004471701904820862,,
point_lio,HEADLAND,5,mean_radius_m,3,5,second_minus_first_scene_paired,1,-1.43195163604809,,
point_lio,HEADLAND,5,longitudinal_median_m,3,5,second_minus_first_scene_paired,0,,,
point_lio,HEADLAND,5,bbs_basin_hit,3,5,second_minus_first_scene_paired,1,0.0,,
point_lio,HEADLAND,5,gicp_final_success,3,5,second_minus_first_scene_paired,0,,,
point_lio,HEADLAND,10,physical_row_recall,1,3,second_minus_first_scene_paired,0,,,
point_lio,HEADLAND,10,pose_region_recall_1m,1,3,second_minus_first_scene_paired,0,,,
point_lio,HEADLAND,10,pose_region_recall_2m,1,3,second_minus_first_scene_paired,0,,,
point_lio,HEADLAND,10,pose_region_recall_5m,1,3,second_minus_first_scene_paired,0,,,
point_lio,HEADLAND,10,headland_region_recall,1,3,second_minus_first_scene_paired,0,,,
point_lio,HEADLAND,10,xy_region_recall_1m,1,3,second_minus_first_scene_paired,1,-1.0,,
point_lio,HEADLAND,10,xy_region_recall_2m,1,3,second_minus_first_scene_paired,1,0.0,,
point_lio,HEADLAND,10,xy_region_recall_5m,1,3,second_minus_first_scene_paired,1,0.0,,
point_lio,HEADLAND,10,wrong_row_fraction,1,3,second_minus_first_scene_paired,0,,,
point_lio,HEADLAND,10,row_entropy,1,3,second_minus_first_scene_paired,0,,,
point_lio,HEADLAND,10,score_margin_m12,1,3,second_minus_first_scene_paired,1,0.019451116951609813,,
point_lio,HEADLAND,10,mean_radius_m,1,3,second_minus_first_scene_paired,1,-1.689655400040154,,
point_lio,HEADLAND,10,longitudinal_median_m,1,3,second_minus_first_scene_paired,0,,,
point_lio,HEADLAND,10,bbs_basin_hit,1,3,second_minus_first_scene_paired,1,0.0,,
point_lio,HEADLAND,10,gicp_final_success,1,3,second_minus_first_scene_paired,0,,,
point_lio,HEADLAND,10,physical_row_recall,1,5,second_minus_first_scene_paired,0,,,
point_lio,HEADLAND,10,pose_region_recall_1m,1,5,second_minus_first_scene_paired,0,,,
point_lio,HEADLAND,10,pose_region_recall_2m,1,5,second_minus_first_scene_paired,0,,,
point_lio,HEADLAND,10,pose_region_recall_5m,1,5,second_minus_first_scene_paired,0,,,
point_lio,HEADLAND,10,headland_region_recall,1,5,second_minus_first_scene_paired,0,,,
point_lio,HEADLAND,10,xy_region_recall_1m,1,5,second_minus_first_scene_paired,1,-1.0,,
point_lio,HEADLAND,10,xy_region_recall_2m,1,5,second_minus_first_scene_paired,1,0.0,,
point_lio,HEADLAND,10,xy_region_recall_5m,1,5,second_minus_first_scene_paired,1,0.0,,
point_lio,HEADLAND,10,wrong_row_fraction,1,5,second_minus_first_scene_paired,0,,,
point_lio,HEADLAND,10,row_entropy,1,5,second_minus_first_scene_paired,0,,,
point_lio,HEADLAND,10,score_margin_m12,1,5,second_minus_first_scene_paired,1,0.014979415046788952,,
point_lio,HEADLAND,10,mean_radius_m,1,5,second_minus_first_scene_paired,1,-2.0117375911739828,,
point_lio,HEADLAND,10,longitudinal_median_m,1,5,second_minus_first_scene_paired,0,,,
point_lio,HEADLAND,10,bbs_basin_hit,1,5,second_minus_first_scene_paired,1,0.0,,
point_lio,HEADLAND,10,gicp_final_success,1,5,second_minus_first_scene_paired,0,,,
point_lio,HEADLAND,10,physical_row_recall,3,5,second_minus_first_scene_paired,0,,,
point_lio,HEADLAND,10,pose_region_recall_1m,3,5,second_minus_first_scene_paired,0,,,
point_lio,HEADLAND,10,pose_region_recall_2m,3,5,second_minus_first_scene_paired,0,,,
point_lio,HEADLAND,10,pose_region_recall_5m,3,5,second_minus_first_scene_paired,0,,,
point_lio,HEADLAND,10,headland_region_recall,3,5,second_minus_first_scene_paired,0,,,
point_lio,HEADLAND,10,xy_region_recall_1m,3,5,second_minus_first_scene_paired,1,0.0,,
point_lio,HEADLAND,10,xy_region_recall_2m,3,5,second_minus_first_scene_paired,1,0.0,,
point_lio,HEADLAND,10,xy_region_recall_5m,3,5,second_minus_first_scene_paired,1,0.0,,
point_lio,HEADLAND,10,wrong_row_fraction,3,5,second_minus_first_scene_paired,0,,,
point_lio,HEADLAND,10,row_entropy,3,5,second_minus_first_scene_paired,0,,,
point_lio,HEADLAND,10,score_margin_m12,3,5,second_minus_first_scene_paired,1,-0.004471701904820862,,
point_lio,HEADLAND,10,mean_radius_m,3,5,second_minus_first_scene_paired,1,-0.32208219113382874,,
point_lio,HEADLAND,10,longitudinal_median_m,3,5,second_minus_first_scene_paired,0,,,
point_lio,HEADLAND,10,bbs_basin_hit,3,5,second_minus_first_scene_paired,1,0.0,,
point_lio,HEADLAND,10,gicp_final_success,3,5,second_minus_first_scene_paired,0,,,
point_lio,ROW_MIDDLE,1,physical_row_recall,1,3,second_minus_first_scene_paired,0,,,
point_lio,ROW_MIDDLE,1,pose_region_recall_1m,1,3,second_minus_first_scene_paired,0,,,
point_lio,ROW_MIDDLE,1,pose_region_recall_2m,1,3,second_minus_first_scene_paired,0,,,
point_lio,ROW_MIDDLE,1,pose_region_recall_5m,1,3,second_minus_first_scene_paired,0,,,
point_lio,ROW_MIDDLE,1,headland_region_recall,1,3,second_minus_first_scene_paired,0,,,
point_lio,ROW_MIDDLE,1,xy_region_recall_1m,1,3,second_minus_first_scene_paired,1,0.0,,
point_lio,ROW_MIDDLE,1,xy_region_recall_2m,1,3,second_minus_first_scene_paired,1,0.0,,
point_lio,ROW_MIDDLE,1,xy_region_recall_5m,1,3,second_minus_first_scene_paired,1,-1.0,,
point_lio,ROW_MIDDLE,1,wrong_row_fraction,1,3,second_minus_first_scene_paired,0,,,
point_lio,ROW_MIDDLE,1,row_entropy,1,3,second_minus_first_scene_paired,0,,,
point_lio,ROW_MIDDLE,1,score_margin_m12,1,3,second_minus_first_scene_paired,1,-0.008129590848742707,,
point_lio,ROW_MIDDLE,1,mean_radius_m,1,3,second_minus_first_scene_paired,1,0.0,,
point_lio,ROW_MIDDLE,1,longitudinal_median_m,1,3,second_minus_first_scene_paired,0,,,
point_lio,ROW_MIDDLE,1,bbs_basin_hit,1,3,second_minus_first_scene_paired,1,0.0,,
point_lio,ROW_MIDDLE,1,gicp_final_success,1,3,second_minus_first_scene_paired,0,,,
point_lio,ROW_MIDDLE,1,physical_row_recall,1,5,second_minus_first_scene_paired,0,,,
point_lio,ROW_MIDDLE,1,pose_region_recall_1m,1,5,second_minus_first_scene_paired,0,,,
point_lio,ROW_MIDDLE,1,pose_region_recall_2m,1,5,second_minus_first_scene_paired,0,,,
point_lio,ROW_MIDDLE,1,pose_region_recall_5m,1,5,second_minus_first_scene_paired,0,,,
point_lio,ROW_MIDDLE,1,headland_region_recall,1,5,second_minus_first_scene_paired,0,,,
point_lio,ROW_MIDDLE,1,xy_region_recall_1m,1,5,second_minus_first_scene_paired,1,0.0,,
point_lio,ROW_MIDDLE,1,xy_region_recall_2m,1,5,second_minus_first_scene_paired,1,0.0,,
point_lio,ROW_MIDDLE,1,xy_region_recall_5m,1,5,second_minus_first_scene_paired,1,-1.0,,
point_lio,ROW_MIDDLE,1,wrong_row_fraction,1,5,second_minus_first_scene_paired,0,,,
point_lio,ROW_MIDDLE,1,row_entropy,1,5,second_minus_first_scene_paired,0,,,
point_lio,ROW_MIDDLE,1,score_margin_m12,1,5,second_minus_first_scene_paired,1,-0.007473008209058694,,
point_lio,ROW_MIDDLE,1,mean_radius_m,1,5,second_minus_first_scene_paired,1,0.0,,
point_lio,ROW_MIDDLE,1,longitudinal_median_m,1,5,second_minus_first_scene_paired,0,,,
point_lio,ROW_MIDDLE,1,bbs_basin_hit,1,5,second_minus_first_scene_paired,1,0.0,,
point_lio,ROW_MIDDLE,1,gicp_final_success,1,5,second_minus_first_scene_paired,0,,,
point_lio,ROW_MIDDLE,1,physical_row_recall,3,5,second_minus_first_scene_paired,0,,,
point_lio,ROW_MIDDLE,1,pose_region_recall_1m,3,5,second_minus_first_scene_paired,0,,,
point_lio,ROW_MIDDLE,1,pose_region_recall_2m,3,5,second_minus_first_scene_paired,0,,,
point_lio,ROW_MIDDLE,1,pose_region_recall_5m,3,5,second_minus_first_scene_paired,0,,,
point_lio,ROW_MIDDLE,1,headland_region_recall,3,5,second_minus_first_scene_paired,0,,,
point_lio,ROW_MIDDLE,1,xy_region_recall_1m,3,5,second_minus_first_scene_paired,1,0.0,,
point_lio,ROW_MIDDLE,1,xy_region_recall_2m,3,5,second_minus_first_scene_paired,1,0.0,,
point_lio,ROW_MIDDLE,1,xy_region_recall_5m,3,5,second_minus_first_scene_paired,1,0.0,,
point_lio,ROW_MIDDLE,1,wrong_row_fraction,3,5,second_minus_first_scene_paired,0,,,
point_lio,ROW_MIDDLE,1,row_entropy,3,5,second_minus_first_scene_paired,0,,,
point_lio,ROW_MIDDLE,1,score_margin_m12,3,5,second_minus_first_scene_paired,1,0.0006565826396840145,,
point_lio,ROW_MIDDLE,1,mean_radius_m,3,5,second_minus_first_scene_paired,1,0.0,,
point_lio,ROW_MIDDLE,1,longitudinal_median_m,3,5,second_minus_first_scene_paired,0,,,
point_lio,ROW_MIDDLE,1,bbs_basin_hit,3,5,second_minus_first_scene_paired,1,0.0,,
point_lio,ROW_MIDDLE,1,gicp_final_success,3,5,second_minus_first_scene_paired,0,,,
point_lio,ROW_MIDDLE,3,physical_row_recall,1,3,second_minus_first_scene_paired,0,,,
point_lio,ROW_MIDDLE,3,pose_region_recall_1m,1,3,second_minus_first_scene_paired,0,,,
point_lio,ROW_MIDDLE,3,pose_region_recall_2m,1,3,second_minus_first_scene_paired,0,,,
point_lio,ROW_MIDDLE,3,pose_region_recall_5m,1,3,second_minus_first_scene_paired,0,,,
point_lio,ROW_MIDDLE,3,headland_region_recall,1,3,second_minus_first_scene_paired,0,,,
point_lio,ROW_MIDDLE,3,xy_region_recall_1m,1,3,second_minus_first_scene_paired,1,0.0,,
point_lio,ROW_MIDDLE,3,xy_region_recall_2m,1,3,second_minus_first_scene_paired,1,-1.0,,
point_lio,ROW_MIDDLE,3,xy_region_recall_5m,1,3,second_minus_first_scene_paired,1,-1.0,,
point_lio,ROW_MIDDLE,3,wrong_row_fraction,1,3,second_minus_first_scene_paired,0,,,
point_lio,ROW_MIDDLE,3,row_entropy,1,3,second_minus_first_scene_paired,0,,,
point_lio,ROW_MIDDLE,3,score_margin_m12,1,3,second_minus_first_scene_paired,1,-0.008129590848742707,,
point_lio,ROW_MIDDLE,3,mean_radius_m,1,3,second_minus_first_scene_paired,1,5.273562014300394,,
point_lio,ROW_MIDDLE,3,longitudinal_median_m,1,3,second_minus_first_scene_paired,0,,,
point_lio,ROW_MIDDLE,3,bbs_basin_hit,1,3,second_minus_first_scene_paired,1,-1.0,,
point_lio,ROW_MIDDLE,3,gicp_final_success,1,3,second_minus_first_scene_paired,0,,,
point_lio,ROW_MIDDLE,3,physical_row_recall,1,5,second_minus_first_scene_paired,0,,,
point_lio,ROW_MIDDLE,3,pose_region_recall_1m,1,5,second_minus_first_scene_paired,0,,,
point_lio,ROW_MIDDLE,3,pose_region_recall_2m,1,5,second_minus_first_scene_paired,0,,,
point_lio,ROW_MIDDLE,3,pose_region_recall_5m,1,5,second_minus_first_scene_paired,0,,,
point_lio,ROW_MIDDLE,3,headland_region_recall,1,5,second_minus_first_scene_paired,0,,,
point_lio,ROW_MIDDLE,3,xy_region_recall_1m,1,5,second_minus_first_scene_paired,1,0.0,,
point_lio,ROW_MIDDLE,3,xy_region_recall_2m,1,5,second_minus_first_scene_paired,1,-1.0,,
point_lio,ROW_MIDDLE,3,xy_region_recall_5m,1,5,second_minus_first_scene_paired,1,-1.0,,
point_lio,ROW_MIDDLE,3,wrong_row_fraction,1,5,second_minus_first_scene_paired,0,,,
point_lio,ROW_MIDDLE,3,row_entropy,1,5,second_minus_first_scene_paired,0,,,
point_lio,ROW_MIDDLE,3,score_margin_m12,1,5,second_minus_first_scene_paired,1,-0.007473008209058694,,
point_lio,ROW_MIDDLE,3,mean_radius_m,1,5,second_minus_first_scene_paired,1,5.273562014300394,,
point_lio,ROW_MIDDLE,3,longitudinal_median_m,1,5,second_minus_first_scene_paired,0,,,
point_lio,ROW_MIDDLE,3,bbs_basin_hit,1,5,second_minus_first_scene_paired,1,-1.0,,
point_lio,ROW_MIDDLE,3,gicp_final_success,1,5,second_minus_first_scene_paired,0,,,
point_lio,ROW_MIDDLE,3,physical_row_recall,3,5,second_minus_first_scene_paired,0,,,
point_lio,ROW_MIDDLE,3,pose_region_recall_1m,3,5,second_minus_first_scene_paired,0,,,
point_lio,ROW_MIDDLE,3,pose_region_recall_2m,3,5,second_minus_first_scene_paired,0,,,
point_lio,ROW_MIDDLE,3,pose_region_recall_5m,3,5,second_minus_first_scene_paired,0,,,
point_lio,ROW_MIDDLE,3,headland_region_recall,3,5,second_minus_first_scene_paired,0,,,
point_lio,ROW_MIDDLE,3,xy_region_recall_1m,3,5,second_minus_first_scene_paired,1,0.0,,
point_lio,ROW_MIDDLE,3,xy_region_recall_2m,3,5,second_minus_first_scene_paired,1,0.0,,
point_lio,ROW_MIDDLE,3,xy_region_recall_5m,3,5,second_minus_first_scene_paired,1,0.0,,
point_lio,ROW_MIDDLE,3,wrong_row_fraction,3,5,second_minus_first_scene_paired,0,,,
point_lio,ROW_MIDDLE,3,row_entropy,3,5,second_minus_first_scene_paired,0,,,
point_lio,ROW_MIDDLE,3,score_margin_m12,3,5,second_minus_first_scene_paired,1,0.0006565826396840145,,
point_lio,ROW_MIDDLE,3,mean_radius_m,3,5,second_minus_first_scene_paired,1,0.0,,
point_lio,ROW_MIDDLE,3,longitudinal_median_m,3,5,second_minus_first_scene_paired,0,,,
point_lio,ROW_MIDDLE,3,bbs_basin_hit,3,5,second_minus_first_scene_paired,1,0.0,,
point_lio,ROW_MIDDLE,3,gicp_final_success,3,5,second_minus_first_scene_paired,0,,,
point_lio,ROW_MIDDLE,5,physical_row_recall,1,3,second_minus_first_scene_paired,0,,,
point_lio,ROW_MIDDLE,5,pose_region_recall_1m,1,3,second_minus_first_scene_paired,0,,,
point_lio,ROW_MIDDLE,5,pose_region_recall_2m,1,3,second_minus_first_scene_paired,0,,,
point_lio,ROW_MIDDLE,5,pose_region_recall_5m,1,3,second_minus_first_scene_paired,0,,,
point_lio,ROW_MIDDLE,5,headland_region_recall,1,3,second_minus_first_scene_paired,0,,,
point_lio,ROW_MIDDLE,5,xy_region_recall_1m,1,3,second_minus_first_scene_paired,1,0.0,,
point_lio,ROW_MIDDLE,5,xy_region_recall_2m,1,3,second_minus_first_scene_paired,1,0.0,,
point_lio,ROW_MIDDLE,5,xy_region_recall_5m,1,3,second_minus_first_scene_paired,1,0.0,,
point_lio,ROW_MIDDLE,5,wrong_row_fraction,1,3,second_minus_first_scene_paired,0,,,
point_lio,ROW_MIDDLE,5,row_entropy,1,3,second_minus_first_scene_paired,0,,,
point_lio,ROW_MIDDLE,5,score_margin_m12,1,3,second_minus_first_scene_paired,1,-0.008129590848742707,,
point_lio,ROW_MIDDLE,5,mean_radius_m,1,3,second_minus_first_scene_paired,1,1.4008465497953573,,
point_lio,ROW_MIDDLE,5,longitudinal_median_m,1,3,second_minus_first_scene_paired,0,,,
point_lio,ROW_MIDDLE,5,bbs_basin_hit,1,3,second_minus_first_scene_paired,1,-1.0,,
point_lio,ROW_MIDDLE,5,gicp_final_success,1,3,second_minus_first_scene_paired,0,,,
point_lio,ROW_MIDDLE,5,physical_row_recall,1,5,second_minus_first_scene_paired,0,,,
point_lio,ROW_MIDDLE,5,pose_region_recall_1m,1,5,second_minus_first_scene_paired,0,,,
point_lio,ROW_MIDDLE,5,pose_region_recall_2m,1,5,second_minus_first_scene_paired,0,,,
point_lio,ROW_MIDDLE,5,pose_region_recall_5m,1,5,second_minus_first_scene_paired,0,,,
point_lio,ROW_MIDDLE,5,headland_region_recall,1,5,second_minus_first_scene_paired,0,,,
point_lio,ROW_MIDDLE,5,xy_region_recall_1m,1,5,second_minus_first_scene_paired,1,0.0,,
point_lio,ROW_MIDDLE,5,xy_region_recall_2m,1,5,second_minus_first_scene_paired,1,0.0,,
point_lio,ROW_MIDDLE,5,xy_region_recall_5m,1,5,second_minus_first_scene_paired,1,0.0,,
point_lio,ROW_MIDDLE,5,wrong_row_fraction,1,5,second_minus_first_scene_paired,0,,,
point_lio,ROW_MIDDLE,5,row_entropy,1,5,second_minus_first_scene_paired,0,,,
point_lio,ROW_MIDDLE,5,score_margin_m12,1,5,second_minus_first_scene_paired,1,-0.007473008209058694,,
point_lio,ROW_MIDDLE,5,mean_radius_m,1,5,second_minus_first_scene_paired,1,1.4008465497953573,,
point_lio,ROW_MIDDLE,5,longitudinal_median_m,1,5,second_minus_first_scene_paired,0,,,
point_lio,ROW_MIDDLE,5,bbs_basin_hit,1,5,second_minus_first_scene_paired,1,-1.0,,
point_lio,ROW_MIDDLE,5,gicp_final_success,1,5,second_minus_first_scene_paired,0,,,
point_lio,ROW_MIDDLE,5,physical_row_recall,3,5,second_minus_first_scene_paired,0,,,
point_lio,ROW_MIDDLE,5,pose_region_recall_1m,3,5,second_minus_first_scene_paired,0,,,
point_lio,ROW_MIDDLE,5,pose_region_recall_2m,3,5,second_minus_first_scene_paired,0,,,
point_lio,ROW_MIDDLE,5,pose_region_recall_5m,3,5,second_minus_first_scene_paired,0,,,
point_lio,ROW_MIDDLE,5,headland_region_recall,3,5,second_minus_first_scene_paired,0,,,
point_lio,ROW_MIDDLE,5,xy_region_recall_1m,3,5,second_minus_first_scene_paired,1,0.0,,
point_lio,ROW_MIDDLE,5,xy_region_recall_2m,3,5,second_minus_first_scene_paired,1,0.0,,
point_lio,ROW_MIDDLE,5,xy_region_recall_5m,3,5,second_minus_first_scene_paired,1,0.0,,
point_lio,ROW_MIDDLE,5,wrong_row_fraction,3,5,second_minus_first_scene_paired,0,,,
point_lio,ROW_MIDDLE,5,row_entropy,3,5,second_minus_first_scene_paired,0,,,
point_lio,ROW_MIDDLE,5,score_margin_m12,3,5,second_minus_first_scene_paired,1,0.0006565826396840145,,
point_lio,ROW_MIDDLE,5,mean_radius_m,3,5,second_minus_first_scene_paired,1,0.0,,
point_lio,ROW_MIDDLE,5,longitudinal_median_m,3,5,second_minus_first_scene_paired,0,,,
point_lio,ROW_MIDDLE,5,bbs_basin_hit,3,5,second_minus_first_scene_paired,1,0.0,,
point_lio,ROW_MIDDLE,5,gicp_final_success,3,5,second_minus_first_scene_paired,0,,,
point_lio,ROW_MIDDLE,10,physical_row_recall,1,3,second_minus_first_scene_paired,0,,,
point_lio,ROW_MIDDLE,10,pose_region_recall_1m,1,3,second_minus_first_scene_paired,0,,,
point_lio,ROW_MIDDLE,10,pose_region_recall_2m,1,3,second_minus_first_scene_paired,0,,,
point_lio,ROW_MIDDLE,10,pose_region_recall_5m,1,3,second_minus_first_scene_paired,0,,,
point_lio,ROW_MIDDLE,10,headland_region_recall,1,3,second_minus_first_scene_paired,0,,,
point_lio,ROW_MIDDLE,10,xy_region_recall_1m,1,3,second_minus_first_scene_paired,1,0.0,,
point_lio,ROW_MIDDLE,10,xy_region_recall_2m,1,3,second_minus_first_scene_paired,1,0.0,,
point_lio,ROW_MIDDLE,10,xy_region_recall_5m,1,3,second_minus_first_scene_paired,1,0.0,,
point_lio,ROW_MIDDLE,10,wrong_row_fraction,1,3,second_minus_first_scene_paired,0,,,
point_lio,ROW_MIDDLE,10,row_entropy,1,3,second_minus_first_scene_paired,0,,,
point_lio,ROW_MIDDLE,10,score_margin_m12,1,3,second_minus_first_scene_paired,1,-0.008129590848742707,,
point_lio,ROW_MIDDLE,10,mean_radius_m,1,3,second_minus_first_scene_paired,1,-1.5589463904582264,,
point_lio,ROW_MIDDLE,10,longitudinal_median_m,1,3,second_minus_first_scene_paired,0,,,
point_lio,ROW_MIDDLE,10,bbs_basin_hit,1,3,second_minus_first_scene_paired,1,0.0,,
point_lio,ROW_MIDDLE,10,gicp_final_success,1,3,second_minus_first_scene_paired,1,0.0,,
point_lio,ROW_MIDDLE,10,physical_row_recall,1,5,second_minus_first_scene_paired,0,,,
point_lio,ROW_MIDDLE,10,pose_region_recall_1m,1,5,second_minus_first_scene_paired,0,,,
point_lio,ROW_MIDDLE,10,pose_region_recall_2m,1,5,second_minus_first_scene_paired,0,,,
point_lio,ROW_MIDDLE,10,pose_region_recall_5m,1,5,second_minus_first_scene_paired,0,,,
point_lio,ROW_MIDDLE,10,headland_region_recall,1,5,second_minus_first_scene_paired,0,,,
point_lio,ROW_MIDDLE,10,xy_region_recall_1m,1,5,second_minus_first_scene_paired,1,0.0,,
point_lio,ROW_MIDDLE,10,xy_region_recall_2m,1,5,second_minus_first_scene_paired,1,0.0,,
point_lio,ROW_MIDDLE,10,xy_region_recall_5m,1,5,second_minus_first_scene_paired,1,0.0,,
point_lio,ROW_MIDDLE,10,wrong_row_fraction,1,5,second_minus_first_scene_paired,0,,,
point_lio,ROW_MIDDLE,10,row_entropy,1,5,second_minus_first_scene_paired,0,,,
point_lio,ROW_MIDDLE,10,score_margin_m12,1,5,second_minus_first_scene_paired,1,-0.007473008209058694,,
point_lio,ROW_MIDDLE,10,mean_radius_m,1,5,second_minus_first_scene_paired,1,-0.7607708561340285,,
point_lio,ROW_MIDDLE,10,longitudinal_median_m,1,5,second_minus_first_scene_paired,0,,,
point_lio,ROW_MIDDLE,10,bbs_basin_hit,1,5,second_minus_first_scene_paired,1,0.0,,
point_lio,ROW_MIDDLE,10,gicp_final_success,1,5,second_minus_first_scene_paired,1,0.0,,
point_lio,ROW_MIDDLE,10,physical_row_recall,3,5,second_minus_first_scene_paired,0,,,
point_lio,ROW_MIDDLE,10,pose_region_recall_1m,3,5,second_minus_first_scene_paired,0,,,
point_lio,ROW_MIDDLE,10,pose_region_recall_2m,3,5,second_minus_first_scene_paired,0,,,
point_lio,ROW_MIDDLE,10,pose_region_recall_5m,3,5,second_minus_first_scene_paired,0,,,
point_lio,ROW_MIDDLE,10,headland_region_recall,3,5,second_minus_first_scene_paired,0,,,
point_lio,ROW_MIDDLE,10,xy_region_recall_1m,3,5,second_minus_first_scene_paired,1,0.0,,
point_lio,ROW_MIDDLE,10,xy_region_recall_2m,3,5,second_minus_first_scene_paired,1,0.0,,
point_lio,ROW_MIDDLE,10,xy_region_recall_5m,3,5,second_minus_first_scene_paired,1,0.0,,
point_lio,ROW_MIDDLE,10,wrong_row_fraction,3,5,second_minus_first_scene_paired,0,,,
point_lio,ROW_MIDDLE,10,row_entropy,3,5,second_minus_first_scene_paired,0,,,
point_lio,ROW_MIDDLE,10,score_margin_m12,3,5,second_minus_first_scene_paired,1,0.0006565826396840145,,
point_lio,ROW_MIDDLE,10,mean_radius_m,3,5,second_minus_first_scene_paired,1,0.7981755343241979,,
point_lio,ROW_MIDDLE,10,longitudinal_median_m,3,5,second_minus_first_scene_paired,0,,,
point_lio,ROW_MIDDLE,10,bbs_basin_hit,3,5,second_minus_first_scene_paired,1,0.0,,
point_lio,ROW_MIDDLE,10,gicp_final_success,3,5,second_minus_first_scene_paired,1,0.0,,
