backend,criterion,contrast,probability_left,probability_row_middle,absolute_difference,bootstrap_ci95_low,bootstrap_ci95_high,relative_ratio,unit
point_lio,strict,HEADLAND_vs_ROW_MIDDLE,0.15123456790123457,0.10449735449735449,0.04673721340388008,-0.09082892416225746,0.1644620811287478,1.4472573839662448,scene; resample 4 scene IDs within each semantic group
point_lio,strict,ROW_END_vs_ROW_MIDDLE,0.15123456790123457,0.10449735449735449,0.04673721340388008,-0.10317460317460318,0.19400352733686066,1.4472573839662448,scene; resample 4 scene IDs within each semantic group
point_lio,nominal,HEADLAND_vs_ROW_MIDDLE,0.32319223985890655,0.10493827160493827,0.21825396825396828,0.058641975308642014,0.376587301587301,3.07983193277311,scene; resample 4 scene IDs within each semantic group
point_lio,nominal,ROW_END_vs_ROW_MIDDLE,0.15696649029982362,0.10493827160493827,0.05202821869488536,-0.10319664902998234,0.20590828924162258,1.495798319327731,scene; resample 4 scene IDs within each semantic group
point_lio,loose,HEADLAND_vs_ROW_MIDDLE,0.3271604938271605,0.11067019400352733,0.21649029982363316,0.06261022927689591,0.3743496472663138,2.956175298804781,scene; resample 4 scene IDs within each semantic group
point_lio,loose,ROW_END_vs_ROW_MIDDLE,0.16005291005291006,0.11067019400352733,0.04938271604938273,-0.10185185185185186,0.1984678130511456,1.4462151394422311,scene; resample 4 scene IDs within each semantic group
fast_livo2_lio,strict,HEADLAND_vs_ROW_MIDDLE,0.533068783068783,0.12742504409171074,0.4056437389770723,0.2592592592592593,0.5343915343915344,4.1833910034602075,scene; resample 4 scene IDs within each semantic group
fast_livo2_lio,strict,ROW_END_vs_ROW_MIDDLE,0.48280423280423285,0.12742504409171074,0.3553791887125221,0.09479717813051147,0.5590939153439152,3.7889273356401394,scene; resample 4 scene IDs within each semantic group
fast_livo2_lio,nominal,HEADLAND_vs_ROW_MIDDLE,0.533068783068783,0.12742504409171074,0.4056437389770723,0.2592592592592593,0.5343915343915344,4.1833910034602075,scene; resample 4 scene IDs within each semantic group
fast_livo2_lio,nominal,ROW_END_vs_ROW_MIDDLE,0.48280423280423285,0.12742504409171074,0.3553791887125221,0.09479717813051147,0.5590939153439152,3.7889273356401394,scene; resample 4 scene IDs within each semantic group
fast_livo2_lio,loose,HEADLAND_vs_ROW_MIDDLE,0.5343915343915344,0.13139329805996472,0.4029982363315697,0.25749559082892415,0.5291005291005291,4.067114093959732,scene; resample 4 scene IDs within each semantic group
fast_livo2_lio,loose,ROW_END_vs_ROW_MIDDLE,0.49470899470899476,0.13139329805996472,0.3633156966490301,0.1265432098765432,0.5551146384479717,3.76510067114094,scene; resample 4 scene IDs within each semantic group
