scene_id,scene_type,bag_timestamp,backend,keyframe_index,keyframe_stamp,delta_to_bag_timestamp_s
ENTRY_01,ROW_ENTRY,1767659518.1242228,point_lio,2,1767659518.0036602,-0.12056255340576172
ENTRY_02,ROW_ENTRY,1767659671.3542228,point_lio,296,1767659671.402171,0.04794812202453613
ENTRY_03,ROW_ENTRY,1767659816.3542228,point_lio,553,1767659816.5023193,0.14809656143188477
ENTRY_04,ROW_ENTRY,1767659986.3542228,point_lio,929,1767659986.3021855,-0.05203723907470703
MIDDLE_01,ROW_MIDDLE,1767659531.3542228,point_lio,23,1767659531.4044387,0.050215959548950195
MIDDLE_02,ROW_MIDDLE,1767659601.3542228,point_lio,147,1767659601.4025576,0.04833483695983887
MIDDLE_03,ROW_MIDDLE,1767659756.3542228,point_lio,426,1767659756.501836,0.1476132869720459
MIDDLE_04,ROW_MIDDLE,1767659941.3542228,point_lio,828,1767659941.1015017,-0.25272107124328613
END_01,ROW_END,1767659546.3542228,point_lio,47,1767659546.2015378,-0.15268492698669434
END_02,ROW_END,1767659614.3542228,point_lio,169,1767659614.2021701,-0.152052640914917
END_03,ROW_END,1767659774.3542228,point_lio,460,1767659774.601787,0.24756431579589844
END_04,ROW_END,1767659951.3542228,point_lio,847,1767659951.2023883,-0.15183448791503906
HEADLAND_01,HEADLAND,1767659549.8542228,point_lio,55,1767659550.1024132,0.24819040298461914
HEADLAND_02,HEADLAND,1767659586.3542228,point_lio,115,1767659586.3016605,-0.05256223678588867
HEADLAND_03,HEADLAND,1767659730.3542228,point_lio,400,1767659730.4018116,0.04758882522583008
HEADLAND_04,HEADLAND,1767659981.8542228,point_lio,917,1767659981.9022503,0.04802751541137695
ENTRY_01,ROW_ENTRY,1767659518.1242228,fast_livo2_lio,2,1767659518.1212032,-0.003019571304321289
ENTRY_02,ROW_ENTRY,1767659671.3542228,fast_livo2_lio,294,1767659671.3198447,-0.0343780517578125
ENTRY_03,ROW_ENTRY,1767659816.3542228,fast_livo2_lio,549,1767659816.6435,0.2892773151397705
ENTRY_04,ROW_ENTRY,1767659986.3542228,fast_livo2_lio,920,1767659986.2168489,-0.1373739242553711
MIDDLE_01,ROW_MIDDLE,1767659531.3542228,fast_livo2_lio,22,1767659531.1461039,-0.20811891555786133
MIDDLE_02,ROW_MIDDLE,1767659601.3542228,fast_livo2_lio,146,1767659601.4204364,0.06621360778808594
MIDDLE_03,ROW_MIDDLE,1767659756.3542228,fast_livo2_lio,423,1767659756.619013,0.26479029655456543
MIDDLE_04,ROW_MIDDLE,1767659941.3542228,fast_livo2_lio,819,1767659941.3172812,-0.0369415283203125
END_01,ROW_END,1767659546.3542228,fast_livo2_lio,46,1767659546.2466779,-0.1075448989868164
END_02,ROW_END,1767659614.3542228,fast_livo2_lio,169,1767659614.6453846,0.29116177558898926
END_03,ROW_END,1767659774.3542228,fast_livo2_lio,455,1767659774.119201,-0.23502182960510254
END_04,ROW_END,1767659951.3542228,fast_livo2_lio,837,1767659951.4171956,0.0629727840423584
HEADLAND_01,HEADLAND,1767659549.8542228,fast_livo2_lio,54,1767659550.1209629,0.266740083694458
HEADLAND_02,HEADLAND,1767659586.3542228,fast_livo2_lio,115,1767659586.4455922,0.0913693904876709
HEADLAND_03,HEADLAND,1767659730.3542228,fast_livo2_lio,398,1767659730.4442904,0.09006762504577637
HEADLAND_04,HEADLAND,1767659981.8542228,fast_livo2_lio,906,1767659981.9168863,0.06266355514526367
