backend,grid_profile,scene_id,scene_type,bag_timestamp,frames,criterion,successes,trials,basin_area_fraction
point_lio,full_standard_f1,ENTRY_01,ROW_ENTRY,1767659518.1242228,1,strict,222,567,0.3915343915343915
point_lio,full_standard_f1,ENTRY_01,ROW_ENTRY,1767659518.1242228,1,nominal,222,567,0.3915343915343915
point_lio,full_standard_f1,ENTRY_01,ROW_ENTRY,1767659518.1242228,1,loose,222,567,0.3915343915343915
point_lio,full_standard_f1,ENTRY_02,ROW_ENTRY,1767659671.3542228,1,strict,6,567,0.010582010582010581
point_lio,full_standard_f1,ENTRY_02,ROW_ENTRY,1767659671.3542228,1,nominal,6,567,0.010582010582010581
point_lio,full_standard_f1,ENTRY_02,ROW_ENTRY,1767659671.3542228,1,loose,10,567,0.01763668430335097
point_lio,full_standard_f1,ENTRY_03,ROW_ENTRY,1767659816.3542228,1,strict,15,567,0.026455026455026454
point_lio,full_standard_f1,ENTRY_03,ROW_ENTRY,1767659816.3542228,1,nominal,15,567,0.026455026455026454
point_lio,full_standard_f1,ENTRY_03,ROW_ENTRY,1767659816.3542228,1,loose,22,567,0.03880070546737213
point_lio,full_standard_f1,ENTRY_04,ROW_ENTRY,1767659986.3542228,1,strict,54,567,0.09523809523809523
point_lio,full_standard_f1,ENTRY_04,ROW_ENTRY,1767659986.3542228,1,nominal,58,567,0.10229276895943562
point_lio,full_standard_f1,ENTRY_04,ROW_ENTRY,1767659986.3542228,1,loose,72,567,0.12698412698412698
point_lio,full_standard_f1,MIDDLE_01,ROW_MIDDLE,1767659531.3542228,1,strict,149,567,0.26278659611992944
point_lio,full_standard_f1,MIDDLE_01,ROW_MIDDLE,1767659531.3542228,1,nominal,150,567,0.26455026455026454
point_lio,full_standard_f1,MIDDLE_01,ROW_MIDDLE,1767659531.3542228,1,loose,150,567,0.26455026455026454
point_lio,full_standard_f1,MIDDLE_02,ROW_MIDDLE,1767659601.3542228,1,strict,21,567,0.037037037037037035
point_lio,full_standard_f1,MIDDLE_02,ROW_MIDDLE,1767659601.3542228,1,nominal,21,567,0.037037037037037035
point_lio,full_standard_f1,MIDDLE_02,ROW_MIDDLE,1767659601.3542228,1,loose,23,567,0.04056437389770723
point_lio,full_standard_f1,MIDDLE_03,ROW_MIDDLE,1767659756.3542228,1,strict,7,567,0.012345679012345678
point_lio,full_standard_f1,MIDDLE_03,ROW_MIDDLE,1767659756.3542228,1,nominal,7,567,0.012345679012345678
point_lio,full_standard_f1,MIDDLE_03,ROW_MIDDLE,1767659756.3542228,1,loose,11,567,0.019400352733686066
point_lio,full_standard_f1,MIDDLE_04,ROW_MIDDLE,1767659941.3542228,1,strict,60,567,0.10582010582010581
point_lio,full_standard_f1,MIDDLE_04,ROW_MIDDLE,1767659941.3542228,1,nominal,60,567,0.10582010582010581
point_lio,full_standard_f1,MIDDLE_04,ROW_MIDDLE,1767659941.3542228,1,loose,67,567,0.11816578483245149
point_lio,full_standard_f1,END_01,ROW_END,1767659546.3542228,1,strict,106,567,0.18694885361552027
point_lio,full_standard_f1,END_01,ROW_END,1767659546.3542228,1,nominal,110,567,0.19400352733686066
point_lio,full_standard_f1,END_01,ROW_END,1767659546.3542228,1,loose,110,567,0.19400352733686066
point_lio,full_standard_f1,END_02,ROW_END,1767659614.3542228,1,strict,184,567,0.32451499118165783
point_lio,full_standard_f1,END_02,ROW_END,1767659614.3542228,1,nominal,193,567,0.3403880070546737
point_lio,full_standard_f1,END_02,ROW_END,1767659614.3542228,1,loose,193,567,0.3403880070546737
point_lio,full_standard_f1,END_03,ROW_END,1767659774.3542228,1,strict,17,567,0.029982363315696647
point_lio,full_standard_f1,END_03,ROW_END,1767659774.3542228,1,nominal,17,567,0.029982363315696647
point_lio,full_standard_f1,END_03,ROW_END,1767659774.3542228,1,loose,21,567,0.037037037037037035
point_lio,full_standard_f1,END_04,ROW_END,1767659951.3542228,1,strict,36,567,0.06349206349206349
point_lio,full_standard_f1,END_04,ROW_END,1767659951.3542228,1,nominal,36,567,0.06349206349206349
point_lio,full_standard_f1,END_04,ROW_END,1767659951.3542228,1,loose,39,567,0.06878306878306878
point_lio,full_standard_f1,HEADLAND_01,HEADLAND,1767659549.8542228,1,strict,99,567,0.1746031746031746
point_lio,full_standard_f1,HEADLAND_01,HEADLAND,1767659549.8542228,1,nominal,104,567,0.18342151675485008
point_lio,full_standard_f1,HEADLAND_01,HEADLAND,1767659549.8542228,1,loose,108,567,0.19047619047619047
point_lio,full_standard_f1,HEADLAND_02,HEADLAND,1767659586.3542228,1,strict,104,567,0.18342151675485008
point_lio,full_standard_f1,HEADLAND_02,HEADLAND,1767659586.3542228,1,nominal,299,567,0.527336860670194
point_lio,full_standard_f1,HEADLAND_02,HEADLAND,1767659586.3542228,1,loose,299,567,0.527336860670194
point_lio,full_standard_f1,HEADLAND_03,HEADLAND,1767659730.3542228,1,strict,136,567,0.23985890652557318
point_lio,full_standard_f1,HEADLAND_03,HEADLAND,1767659730.3542228,1,nominal,136,567,0.23985890652557318
point_lio,full_standard_f1,HEADLAND_03,HEADLAND,1767659730.3542228,1,loose,139,567,0.24514991181657847
point_lio,full_standard_f1,HEADLAND_04,HEADLAND,1767659981.8542228,1,strict,4,567,0.007054673721340388
point_lio,full_standard_f1,HEADLAND_04,HEADLAND,1767659981.8542228,1,nominal,194,567,0.3421516754850088
point_lio,full_standard_f1,HEADLAND_04,HEADLAND,1767659981.8542228,1,loose,196,567,0.345679012345679
point_lio,multiframe_paired_grid,ENTRY_01,ROW_ENTRY,1767659518.1242228,1,strict,93,125,0.744
point_lio,multiframe_paired_grid,ENTRY_01,ROW_ENTRY,1767659518.1242228,1,nominal,93,125,0.744
point_lio,multiframe_paired_grid,ENTRY_01,ROW_ENTRY,1767659518.1242228,1,loose,93,125,0.744
point_lio,multiframe_paired_grid,ENTRY_01,ROW_ENTRY,1767659518.1242228,3,strict,110,125,0.88
point_lio,multiframe_paired_grid,ENTRY_01,ROW_ENTRY,1767659518.1242228,3,nominal,110,125,0.88
point_lio,multiframe_paired_grid,ENTRY_01,ROW_ENTRY,1767659518.1242228,3,loose,110,125,0.88
point_lio,multiframe_paired_grid,ENTRY_01,ROW_ENTRY,1767659518.1242228,5,strict,104,125,0.832
point_lio,multiframe_paired_grid,ENTRY_01,ROW_ENTRY,1767659518.1242228,5,nominal,104,125,0.832
point_lio,multiframe_paired_grid,ENTRY_01,ROW_ENTRY,1767659518.1242228,5,loose,104,125,0.832
point_lio,multiframe_paired_grid,ENTRY_02,ROW_ENTRY,1767659671.3542228,1,strict,7,125,0.056
point_lio,multiframe_paired_grid,ENTRY_02,ROW_ENTRY,1767659671.3542228,1,nominal,7,125,0.056
point_lio,multiframe_paired_grid,ENTRY_02,ROW_ENTRY,1767659671.3542228,1,loose,11,125,0.088
point_lio,multiframe_paired_grid,ENTRY_02,ROW_ENTRY,1767659671.3542228,3,strict,24,125,0.192
point_lio,multiframe_paired_grid,ENTRY_02,ROW_ENTRY,1767659671.3542228,3,nominal,24,125,0.192
point_lio,multiframe_paired_grid,ENTRY_02,ROW_ENTRY,1767659671.3542228,3,loose,24,125,0.192
point_lio,multiframe_paired_grid,ENTRY_02,ROW_ENTRY,1767659671.3542228,5,strict,17,125,0.136
point_lio,multiframe_paired_grid,ENTRY_02,ROW_ENTRY,1767659671.3542228,5,nominal,17,125,0.136
point_lio,multiframe_paired_grid,ENTRY_02,ROW_ENTRY,1767659671.3542228,5,loose,18,125,0.144
point_lio,multiframe_paired_grid,ENTRY_03,ROW_ENTRY,1767659816.3542228,1,strict,19,125,0.152
point_lio,multiframe_paired_grid,ENTRY_03,ROW_ENTRY,1767659816.3542228,1,nominal,19,125,0.152
point_lio,multiframe_paired_grid,ENTRY_03,ROW_ENTRY,1767659816.3542228,1,loose,22,125,0.176
point_lio,multiframe_paired_grid,ENTRY_03,ROW_ENTRY,1767659816.3542228,3,strict,26,125,0.208
point_lio,multiframe_paired_grid,ENTRY_03,ROW_ENTRY,1767659816.3542228,3,nominal,26,125,0.208
point_lio,multiframe_paired_grid,ENTRY_03,ROW_ENTRY,1767659816.3542228,3,loose,28,125,0.224
point_lio,multiframe_paired_grid,ENTRY_03,ROW_ENTRY,1767659816.3542228,5,strict,29,125,0.232
point_lio,multiframe_paired_grid,ENTRY_03,ROW_ENTRY,1767659816.3542228,5,nominal,29,125,0.232
point_lio,multiframe_paired_grid,ENTRY_03,ROW_ENTRY,1767659816.3542228,5,loose,29,125,0.232
point_lio,multiframe_paired_grid,ENTRY_04,ROW_ENTRY,1767659986.3542228,1,strict,26,125,0.208
point_lio,multiframe_paired_grid,ENTRY_04,ROW_ENTRY,1767659986.3542228,1,nominal,29,125,0.232
point_lio,multiframe_paired_grid,ENTRY_04,ROW_ENTRY,1767659986.3542228,1,loose,42,125,0.336
point_lio,multiframe_paired_grid,ENTRY_04,ROW_ENTRY,1767659986.3542228,3,strict,31,125,0.248
point_lio,multiframe_paired_grid,ENTRY_04,ROW_ENTRY,1767659986.3542228,3,nominal,32,125,0.256
point_lio,multiframe_paired_grid,ENTRY_04,ROW_ENTRY,1767659986.3542228,3,loose,42,125,0.336
point_lio,multiframe_paired_grid,ENTRY_04,ROW_ENTRY,1767659986.3542228,5,strict,25,125,0.2
point_lio,multiframe_paired_grid,ENTRY_04,ROW_ENTRY,1767659986.3542228,5,nominal,28,125,0.224
point_lio,multiframe_paired_grid,ENTRY_04,ROW_ENTRY,1767659986.3542228,5,loose,36,125,0.288
point_lio,multiframe_paired_grid,MIDDLE_01,ROW_MIDDLE,1767659531.3542228,1,strict,87,125,0.696
point_lio,multiframe_paired_grid,MIDDLE_01,ROW_MIDDLE,1767659531.3542228,1,nominal,89,125,0.712
point_lio,multiframe_paired_grid,MIDDLE_01,ROW_MIDDLE,1767659531.3542228,1,loose,89,125,0.712
point_lio,multiframe_paired_grid,MIDDLE_01,ROW_MIDDLE,1767659531.3542228,3,strict,101,125,0.808
point_lio,multiframe_paired_grid,MIDDLE_01,ROW_MIDDLE,1767659531.3542228,3,nominal,101,125,0.808
point_lio,multiframe_paired_grid,MIDDLE_01,ROW_MIDDLE,1767659531.3542228,3,loose,101,125,0.808
point_lio,multiframe_paired_grid,MIDDLE_01,ROW_MIDDLE,1767659531.3542228,5,strict,95,125,0.76
point_lio,multiframe_paired_grid,MIDDLE_01,ROW_MIDDLE,1767659531.3542228,5,nominal,95,125,0.76
point_lio,multiframe_paired_grid,MIDDLE_01,ROW_MIDDLE,1767659531.3542228,5,loose,95,125,0.76
point_lio,multiframe_paired_grid,MIDDLE_02,ROW_MIDDLE,1767659601.3542228,1,strict,16,125,0.128
point_lio,multiframe_paired_grid,MIDDLE_02,ROW_MIDDLE,1767659601.3542228,1,nominal,17,125,0.136
point_lio,multiframe_paired_grid,MIDDLE_02,ROW_MIDDLE,1767659601.3542228,1,loose,22,125,0.176
point_lio,multiframe_paired_grid,MIDDLE_02,ROW_MIDDLE,1767659601.3542228,3,strict,20,125,0.16
point_lio,multiframe_paired_grid,MIDDLE_02,ROW_MIDDLE,1767659601.3542228,3,nominal,20,125,0.16
point_lio,multiframe_paired_grid,MIDDLE_02,ROW_MIDDLE,1767659601.3542228,3,loose,20,125,0.16
point_lio,multiframe_paired_grid,MIDDLE_02,ROW_MIDDLE,1767659601.3542228,5,strict,32,125,0.256
point_lio,multiframe_paired_grid,MIDDLE_02,ROW_MIDDLE,1767659601.3542228,5,nominal,32,125,0.256
point_lio,multiframe_paired_grid,MIDDLE_02,ROW_MIDDLE,1767659601.3542228,5,loose,33,125,0.264
point_lio,multiframe_paired_grid,MIDDLE_03,ROW_MIDDLE,1767659756.3542228,1,strict,14,125,0.112
point_lio,multiframe_paired_grid,MIDDLE_03,ROW_MIDDLE,1767659756.3542228,1,nominal,14,125,0.112
point_lio,multiframe_paired_grid,MIDDLE_03,ROW_MIDDLE,1767659756.3542228,1,loose,16,125,0.128
point_lio,multiframe_paired_grid,MIDDLE_03,ROW_MIDDLE,1767659756.3542228,3,strict,35,125,0.28
point_lio,multiframe_paired_grid,MIDDLE_03,ROW_MIDDLE,1767659756.3542228,3,nominal,35,125,0.28
point_lio,multiframe_paired_grid,MIDDLE_03,ROW_MIDDLE,1767659756.3542228,3,loose,36,125,0.288
point_lio,multiframe_paired_grid,MIDDLE_03,ROW_MIDDLE,1767659756.3542228,5,strict,22,125,0.176
point_lio,multiframe_paired_grid,MIDDLE_03,ROW_MIDDLE,1767659756.3542228,5,nominal,22,125,0.176
point_lio,multiframe_paired_grid,MIDDLE_03,ROW_MIDDLE,1767659756.3542228,5,loose,25,125,0.2
point_lio,multiframe_paired_grid,MIDDLE_04,ROW_MIDDLE,1767659941.3542228,1,strict,50,125,0.4
point_lio,multiframe_paired_grid,MIDDLE_04,ROW_MIDDLE,1767659941.3542228,1,nominal,50,125,0.4
point_lio,multiframe_paired_grid,MIDDLE_04,ROW_MIDDLE,1767659941.3542228,1,loose,52,125,0.416
point_lio,multiframe_paired_grid,MIDDLE_04,ROW_MIDDLE,1767659941.3542228,3,strict,28,125,0.224
point_lio,multiframe_paired_grid,MIDDLE_04,ROW_MIDDLE,1767659941.3542228,3,nominal,28,125,0.224
point_lio,multiframe_paired_grid,MIDDLE_04,ROW_MIDDLE,1767659941.3542228,3,loose,28,125,0.224
point_lio,multiframe_paired_grid,MIDDLE_04,ROW_MIDDLE,1767659941.3542228,5,strict,39,125,0.312
point_lio,multiframe_paired_grid,MIDDLE_04,ROW_MIDDLE,1767659941.3542228,5,nominal,39,125,0.312
point_lio,multiframe_paired_grid,MIDDLE_04,ROW_MIDDLE,1767659941.3542228,5,loose,41,125,0.328
point_lio,multiframe_paired_grid,END_01,ROW_END,1767659546.3542228,1,strict,81,125,0.648
point_lio,multiframe_paired_grid,END_01,ROW_END,1767659546.3542228,1,nominal,81,125,0.648
point_lio,multiframe_paired_grid,END_01,ROW_END,1767659546.3542228,1,loose,81,125,0.648
point_lio,multiframe_paired_grid,END_01,ROW_END,1767659546.3542228,3,strict,93,125,0.744
point_lio,multiframe_paired_grid,END_01,ROW_END,1767659546.3542228,3,nominal,93,125,0.744
point_lio,multiframe_paired_grid,END_01,ROW_END,1767659546.3542228,3,loose,93,125,0.744
point_lio,multiframe_paired_grid,END_01,ROW_END,1767659546.3542228,5,strict,75,125,0.6
point_lio,multiframe_paired_grid,END_01,ROW_END,1767659546.3542228,5,nominal,75,125,0.6
point_lio,multiframe_paired_grid,END_01,ROW_END,1767659546.3542228,5,loose,75,125,0.6
point_lio,multiframe_paired_grid,END_02,ROW_END,1767659614.3542228,1,strict,84,125,0.672
point_lio,multiframe_paired_grid,END_02,ROW_END,1767659614.3542228,1,nominal,84,125,0.672
point_lio,multiframe_paired_grid,END_02,ROW_END,1767659614.3542228,1,loose,87,125,0.696
point_lio,multiframe_paired_grid,END_02,ROW_END,1767659614.3542228,3,strict,81,125,0.648
point_lio,multiframe_paired_grid,END_02,ROW_END,1767659614.3542228,3,nominal,81,125,0.648
point_lio,multiframe_paired_grid,END_02,ROW_END,1767659614.3542228,3,loose,81,125,0.648
point_lio,multiframe_paired_grid,END_02,ROW_END,1767659614.3542228,5,strict,92,125,0.736
point_lio,multiframe_paired_grid,END_02,ROW_END,1767659614.3542228,5,nominal,92,125,0.736
point_lio,multiframe_paired_grid,END_02,ROW_END,1767659614.3542228,5,loose,92,125,0.736
point_lio,multiframe_paired_grid,END_03,ROW_END,1767659774.3542228,1,strict,17,125,0.136
point_lio,multiframe_paired_grid,END_03,ROW_END,1767659774.3542228,1,nominal,17,125,0.136
point_lio,multiframe_paired_grid,END_03,ROW_END,1767659774.3542228,1,loose,19,125,0.152
point_lio,multiframe_paired_grid,END_03,ROW_END,1767659774.3542228,3,strict,25,125,0.2
point_lio,multiframe_paired_grid,END_03,ROW_END,1767659774.3542228,3,nominal,25,125,0.2
point_lio,multiframe_paired_grid,END_03,ROW_END,1767659774.3542228,3,loose,30,125,0.24
point_lio,multiframe_paired_grid,END_03,ROW_END,1767659774.3542228,5,strict,46,125,0.368
point_lio,multiframe_paired_grid,END_03,ROW_END,1767659774.3542228,5,nominal,46,125,0.368
point_lio,multiframe_paired_grid,END_03,ROW_END,1767659774.3542228,5,loose,47,125,0.376
point_lio,multiframe_paired_grid,END_04,ROW_END,1767659951.3542228,1,strict,38,125,0.304
point_lio,multiframe_paired_grid,END_04,ROW_END,1767659951.3542228,1,nominal,38,125,0.304
point_lio,multiframe_paired_grid,END_04,ROW_END,1767659951.3542228,1,loose,42,125,0.336
point_lio,multiframe_paired_grid,END_04,ROW_END,1767659951.3542228,3,strict,65,125,0.52
point_lio,multiframe_paired_grid,END_04,ROW_END,1767659951.3542228,3,nominal,65,125,0.52
point_lio,multiframe_paired_grid,END_04,ROW_END,1767659951.3542228,3,loose,65,125,0.52
point_lio,multiframe_paired_grid,END_04,ROW_END,1767659951.3542228,5,strict,82,125,0.656
point_lio,multiframe_paired_grid,END_04,ROW_END,1767659951.3542228,5,nominal,82,125,0.656
point_lio,multiframe_paired_grid,END_04,ROW_END,1767659951.3542228,5,loose,82,125,0.656
point_lio,multiframe_paired_grid,HEADLAND_01,HEADLAND,1767659549.8542228,1,strict,71,125,0.568
point_lio,multiframe_paired_grid,HEADLAND_01,HEADLAND,1767659549.8542228,1,nominal,72,125,0.576
point_lio,multiframe_paired_grid,HEADLAND_01,HEADLAND,1767659549.8542228,1,loose,72,125,0.576
point_lio,multiframe_paired_grid,HEADLAND_01,HEADLAND,1767659549.8542228,3,strict,63,125,0.504
point_lio,multiframe_paired_grid,HEADLAND_01,HEADLAND,1767659549.8542228,3,nominal,63,125,0.504
point_lio,multiframe_paired_grid,HEADLAND_01,HEADLAND,1767659549.8542228,3,loose,65,125,0.52
point_lio,multiframe_paired_grid,HEADLAND_01,HEADLAND,1767659549.8542228,5,strict,70,125,0.56
point_lio,multiframe_paired_grid,HEADLAND_01,HEADLAND,1767659549.8542228,5,nominal,70,125,0.56
point_lio,multiframe_paired_grid,HEADLAND_01,HEADLAND,1767659549.8542228,5,loose,70,125,0.56
point_lio,multiframe_paired_grid,HEADLAND_02,HEADLAND,1767659586.3542228,1,strict,44,125,0.352
point_lio,multiframe_paired_grid,HEADLAND_02,HEADLAND,1767659586.3542228,1,nominal,106,125,0.848
point_lio,multiframe_paired_grid,HEADLAND_02,HEADLAND,1767659586.3542228,1,loose,107,125,0.856
point_lio,multiframe_paired_grid,HEADLAND_02,HEADLAND,1767659586.3542228,3,strict,14,125,0.112
point_lio,multiframe_paired_grid,HEADLAND_02,HEADLAND,1767659586.3542228,3,nominal,79,125,0.632
point_lio,multiframe_paired_grid,HEADLAND_02,HEADLAND,1767659586.3542228,3,loose,79,125,0.632
point_lio,multiframe_paired_grid,HEADLAND_02,HEADLAND,1767659586.3542228,5,strict,88,125,0.704
point_lio,multiframe_paired_grid,HEADLAND_02,HEADLAND,1767659586.3542228,5,nominal,92,125,0.736
point_lio,multiframe_paired_grid,HEADLAND_02,HEADLAND,1767659586.3542228,5,loose,92,125,0.736
point_lio,multiframe_paired_grid,HEADLAND_03,HEADLAND,1767659730.3542228,1,strict,75,125,0.6
point_lio,multiframe_paired_grid,HEADLAND_03,HEADLAND,1767659730.3542228,1,nominal,75,125,0.6
point_lio,multiframe_paired_grid,HEADLAND_03,HEADLAND,1767659730.3542228,1,loose,75,125,0.6
point_lio,multiframe_paired_grid,HEADLAND_03,HEADLAND,1767659730.3542228,3,strict,75,125,0.6
point_lio,multiframe_paired_grid,HEADLAND_03,HEADLAND,1767659730.3542228,3,nominal,75,125,0.6
point_lio,multiframe_paired_grid,HEADLAND_03,HEADLAND,1767659730.3542228,3,loose,75,125,0.6
point_lio,multiframe_paired_grid,HEADLAND_03,HEADLAND,1767659730.3542228,5,strict,0,125,0.0
point_lio,multiframe_paired_grid,HEADLAND_03,HEADLAND,1767659730.3542228,5,nominal,61,125,0.488
point_lio,multiframe_paired_grid,HEADLAND_03,HEADLAND,1767659730.3542228,5,loose,61,125,0.488
point_lio,multiframe_paired_grid,HEADLAND_04,HEADLAND,1767659981.8542228,1,strict,0,125,0.0
point_lio,multiframe_paired_grid,HEADLAND_04,HEADLAND,1767659981.8542228,1,nominal,50,125,0.4
point_lio,multiframe_paired_grid,HEADLAND_04,HEADLAND,1767659981.8542228,1,loose,58,125,0.464
point_lio,multiframe_paired_grid,HEADLAND_04,HEADLAND,1767659981.8542228,3,strict,0,125,0.0
point_lio,multiframe_paired_grid,HEADLAND_04,HEADLAND,1767659981.8542228,3,nominal,64,125,0.512
point_lio,multiframe_paired_grid,HEADLAND_04,HEADLAND,1767659981.8542228,3,loose,64,125,0.512
point_lio,multiframe_paired_grid,HEADLAND_04,HEADLAND,1767659981.8542228,5,strict,0,125,0.0
point_lio,multiframe_paired_grid,HEADLAND_04,HEADLAND,1767659981.8542228,5,nominal,57,125,0.456
point_lio,multiframe_paired_grid,HEADLAND_04,HEADLAND,1767659981.8542228,5,loose,57,125,0.456
fast_livo2_lio,full_standard_f1,ENTRY_01,ROW_ENTRY,1767659518.1242228,1,strict,264,567,0.4656084656084656
fast_livo2_lio,full_standard_f1,ENTRY_01,ROW_ENTRY,1767659518.1242228,1,nominal,264,567,0.4656084656084656
fast_livo2_lio,full_standard_f1,ENTRY_01,ROW_ENTRY,1767659518.1242228,1,loose,264,567,0.4656084656084656
fast_livo2_lio,full_standard_f1,ENTRY_02,ROW_ENTRY,1767659671.3542228,1,strict,25,567,0.04409171075837742
fast_livo2_lio,full_standard_f1,ENTRY_02,ROW_ENTRY,1767659671.3542228,1,nominal,25,567,0.04409171075837742
fast_livo2_lio,full_standard_f1,ENTRY_02,ROW_ENTRY,1767659671.3542228,1,loose,27,567,0.047619047619047616
fast_livo2_lio,full_standard_f1,ENTRY_03,ROW_ENTRY,1767659816.3542228,1,strict,21,567,0.037037037037037035
fast_livo2_lio,full_standard_f1,ENTRY_03,ROW_ENTRY,1767659816.3542228,1,nominal,21,567,0.037037037037037035
fast_livo2_lio,full_standard_f1,ENTRY_03,ROW_ENTRY,1767659816.3542228,1,loose,30,567,0.05291005291005291
fast_livo2_lio,full_standard_f1,ENTRY_04,ROW_ENTRY,1767659986.3542228,1,strict,122,567,0.21516754850088182
fast_livo2_lio,full_standard_f1,ENTRY_04,ROW_ENTRY,1767659986.3542228,1,nominal,122,567,0.21516754850088182
fast_livo2_lio,full_standard_f1,ENTRY_04,ROW_ENTRY,1767659986.3542228,1,loose,126,567,0.2222222222222222
fast_livo2_lio,full_standard_f1,MIDDLE_01,ROW_MIDDLE,1767659531.3542228,1,strict,163,567,0.2874779541446208
fast_livo2_lio,full_standard_f1,MIDDLE_01,ROW_MIDDLE,1767659531.3542228,1,nominal,163,567,0.2874779541446208
fast_livo2_lio,full_standard_f1,MIDDLE_01,ROW_MIDDLE,1767659531.3542228,1,loose,163,567,0.2874779541446208
fast_livo2_lio,full_standard_f1,MIDDLE_02,ROW_MIDDLE,1767659601.3542228,1,strict,27,567,0.047619047619047616
fast_livo2_lio,full_standard_f1,MIDDLE_02,ROW_MIDDLE,1767659601.3542228,1,nominal,27,567,0.047619047619047616
fast_livo2_lio,full_standard_f1,MIDDLE_02,ROW_MIDDLE,1767659601.3542228,1,loose,28,567,0.04938271604938271
fast_livo2_lio,full_standard_f1,MIDDLE_03,ROW_MIDDLE,1767659756.3542228,1,strict,17,567,0.029982363315696647
fast_livo2_lio,full_standard_f1,MIDDLE_03,ROW_MIDDLE,1767659756.3542228,1,nominal,17,567,0.029982363315696647
fast_livo2_lio,full_standard_f1,MIDDLE_03,ROW_MIDDLE,1767659756.3542228,1,loose,22,567,0.03880070546737213
fast_livo2_lio,full_standard_f1,MIDDLE_04,ROW_MIDDLE,1767659941.3542228,1,strict,82,567,0.14462081128747795
fast_livo2_lio,full_standard_f1,MIDDLE_04,ROW_MIDDLE,1767659941.3542228,1,nominal,82,567,0.14462081128747795
fast_livo2_lio,full_standard_f1,MIDDLE_04,ROW_MIDDLE,1767659941.3542228,1,loose,85,567,0.14991181657848324
fast_livo2_lio,full_standard_f1,END_01,ROW_END,1767659546.3542228,1,strict,385,567,0.6790123456790124
fast_livo2_lio,full_standard_f1,END_01,ROW_END,1767659546.3542228,1,nominal,385,567,0.6790123456790124
fast_livo2_lio,full_standard_f1,END_01,ROW_END,1767659546.3542228,1,loose,385,567,0.6790123456790124
fast_livo2_lio,full_standard_f1,END_02,ROW_END,1767659614.3542228,1,strict,324,567,0.5714285714285714
fast_livo2_lio,full_standard_f1,END_02,ROW_END,1767659614.3542228,1,nominal,324,567,0.5714285714285714
fast_livo2_lio,full_standard_f1,END_02,ROW_END,1767659614.3542228,1,loose,324,567,0.5714285714285714
fast_livo2_lio,full_standard_f1,END_03,ROW_END,1767659774.3542228,1,strict,59,567,0.10405643738977072
fast_livo2_lio,full_standard_f1,END_03,ROW_END,1767659774.3542228,1,nominal,59,567,0.10405643738977072
fast_livo2_lio,full_standard_f1,END_03,ROW_END,1767659774.3542228,1,loose,86,567,0.15167548500881833
fast_livo2_lio,full_standard_f1,END_04,ROW_END,1767659951.3542228,1,strict,327,567,0.5767195767195767
fast_livo2_lio,full_standard_f1,END_04,ROW_END,1767659951.3542228,1,nominal,327,567,0.5767195767195767
fast_livo2_lio,full_standard_f1,END_04,ROW_END,1767659951.3542228,1,loose,327,567,0.5767195767195767
fast_livo2_lio,full_standard_f1,HEADLAND_01,HEADLAND,1767659549.8542228,1,strict,224,567,0.3950617283950617
fast_livo2_lio,full_standard_f1,HEADLAND_01,HEADLAND,1767659549.8542228,1,nominal,224,567,0.3950617283950617
fast_livo2_lio,full_standard_f1,HEADLAND_01,HEADLAND,1767659549.8542228,1,loose,224,567,0.3950617283950617
fast_livo2_lio,full_standard_f1,HEADLAND_02,HEADLAND,1767659586.3542228,1,strict,363,567,0.6402116402116402
fast_livo2_lio,full_standard_f1,HEADLAND_02,HEADLAND,1767659586.3542228,1,nominal,363,567,0.6402116402116402
fast_livo2_lio,full_standard_f1,HEADLAND_02,HEADLAND,1767659586.3542228,1,loose,363,567,0.6402116402116402
fast_livo2_lio,full_standard_f1,HEADLAND_03,HEADLAND,1767659730.3542228,1,strict,341,567,0.6014109347442681
fast_livo2_lio,full_standard_f1,HEADLAND_03,HEADLAND,1767659730.3542228,1,nominal,341,567,0.6014109347442681
fast_livo2_lio,full_standard_f1,HEADLAND_03,HEADLAND,1767659730.3542228,1,loose,341,567,0.6014109347442681
fast_livo2_lio,full_standard_f1,HEADLAND_04,HEADLAND,1767659981.8542228,1,strict,281,567,0.49559082892416223
fast_livo2_lio,full_standard_f1,HEADLAND_04,HEADLAND,1767659981.8542228,1,nominal,281,567,0.49559082892416223
fast_livo2_lio,full_standard_f1,HEADLAND_04,HEADLAND,1767659981.8542228,1,loose,284,567,0.5008818342151675
fast_livo2_lio,multiframe_paired_grid,ENTRY_01,ROW_ENTRY,1767659518.1242228,1,strict,107,125,0.856
fast_livo2_lio,multiframe_paired_grid,ENTRY_01,ROW_ENTRY,1767659518.1242228,1,nominal,107,125,0.856
fast_livo2_lio,multiframe_paired_grid,ENTRY_01,ROW_ENTRY,1767659518.1242228,1,loose,107,125,0.856
fast_livo2_lio,multiframe_paired_grid,ENTRY_01,ROW_ENTRY,1767659518.1242228,3,strict,110,125,0.88
fast_livo2_lio,multiframe_paired_grid,ENTRY_01,ROW_ENTRY,1767659518.1242228,3,nominal,110,125,0.88
fast_livo2_lio,multiframe_paired_grid,ENTRY_01,ROW_ENTRY,1767659518.1242228,3,loose,110,125,0.88
fast_livo2_lio,multiframe_paired_grid,ENTRY_01,ROW_ENTRY,1767659518.1242228,5,strict,108,125,0.864
fast_livo2_lio,multiframe_paired_grid,ENTRY_01,ROW_ENTRY,1767659518.1242228,5,nominal,108,125,0.864
fast_livo2_lio,multiframe_paired_grid,ENTRY_01,ROW_ENTRY,1767659518.1242228,5,loose,108,125,0.864
fast_livo2_lio,multiframe_paired_grid,ENTRY_02,ROW_ENTRY,1767659671.3542228,1,strict,30,125,0.24
fast_livo2_lio,multiframe_paired_grid,ENTRY_02,ROW_ENTRY,1767659671.3542228,1,nominal,30,125,0.24
fast_livo2_lio,multiframe_paired_grid,ENTRY_02,ROW_ENTRY,1767659671.3542228,1,loose,34,125,0.272
fast_livo2_lio,multiframe_paired_grid,ENTRY_02,ROW_ENTRY,1767659671.3542228,3,strict,51,125,0.408
fast_livo2_lio,multiframe_paired_grid,ENTRY_02,ROW_ENTRY,1767659671.3542228,3,nominal,51,125,0.408
fast_livo2_lio,multiframe_paired_grid,ENTRY_02,ROW_ENTRY,1767659671.3542228,3,loose,53,125,0.424
fast_livo2_lio,multiframe_paired_grid,ENTRY_02,ROW_ENTRY,1767659671.3542228,5,strict,58,125,0.464
fast_livo2_lio,multiframe_paired_grid,ENTRY_02,ROW_ENTRY,1767659671.3542228,5,nominal,58,125,0.464
fast_livo2_lio,multiframe_paired_grid,ENTRY_02,ROW_ENTRY,1767659671.3542228,5,loose,65,125,0.52
fast_livo2_lio,multiframe_paired_grid,ENTRY_03,ROW_ENTRY,1767659816.3542228,1,strict,26,125,0.208
fast_livo2_lio,multiframe_paired_grid,ENTRY_03,ROW_ENTRY,1767659816.3542228,1,nominal,26,125,0.208
fast_livo2_lio,multiframe_paired_grid,ENTRY_03,ROW_ENTRY,1767659816.3542228,1,loose,34,125,0.272
fast_livo2_lio,multiframe_paired_grid,ENTRY_03,ROW_ENTRY,1767659816.3542228,3,strict,59,125,0.472
fast_livo2_lio,multiframe_paired_grid,ENTRY_03,ROW_ENTRY,1767659816.3542228,3,nominal,59,125,0.472
fast_livo2_lio,multiframe_paired_grid,ENTRY_03,ROW_ENTRY,1767659816.3542228,3,loose,59,125,0.472
fast_livo2_lio,multiframe_paired_grid,ENTRY_03,ROW_ENTRY,1767659816.3542228,5,strict,61,125,0.488
fast_livo2_lio,multiframe_paired_grid,ENTRY_03,ROW_ENTRY,1767659816.3542228,5,nominal,61,125,0.488
fast_livo2_lio,multiframe_paired_grid,ENTRY_03,ROW_ENTRY,1767659816.3542228,5,loose,61,125,0.488
fast_livo2_lio,multiframe_paired_grid,ENTRY_04,ROW_ENTRY,1767659986.3542228,1,strict,65,125,0.52
fast_livo2_lio,multiframe_paired_grid,ENTRY_04,ROW_ENTRY,1767659986.3542228,1,nominal,65,125,0.52
fast_livo2_lio,multiframe_paired_grid,ENTRY_04,ROW_ENTRY,1767659986.3542228,1,loose,69,125,0.552
fast_livo2_lio,multiframe_paired_grid,ENTRY_04,ROW_ENTRY,1767659986.3542228,3,strict,88,125,0.704
fast_livo2_lio,multiframe_paired_grid,ENTRY_04,ROW_ENTRY,1767659986.3542228,3,nominal,88,125,0.704
fast_livo2_lio,multiframe_paired_grid,ENTRY_04,ROW_ENTRY,1767659986.3542228,3,loose,89,125,0.712
fast_livo2_lio,multiframe_paired_grid,ENTRY_04,ROW_ENTRY,1767659986.3542228,5,strict,88,125,0.704
fast_livo2_lio,multiframe_paired_grid,ENTRY_04,ROW_ENTRY,1767659986.3542228,5,nominal,88,125,0.704
fast_livo2_lio,multiframe_paired_grid,ENTRY_04,ROW_ENTRY,1767659986.3542228,5,loose,88,125,0.704
fast_livo2_lio,multiframe_paired_grid,MIDDLE_01,ROW_MIDDLE,1767659531.3542228,1,strict,89,125,0.712
fast_livo2_lio,multiframe_paired_grid,MIDDLE_01,ROW_MIDDLE,1767659531.3542228,1,nominal,89,125,0.712
fast_livo2_lio,multiframe_paired_grid,MIDDLE_01,ROW_MIDDLE,1767659531.3542228,1,loose,89,125,0.712
fast_livo2_lio,multiframe_paired_grid,MIDDLE_01,ROW_MIDDLE,1767659531.3542228,3,strict,101,125,0.808
fast_livo2_lio,multiframe_paired_grid,MIDDLE_01,ROW_MIDDLE,1767659531.3542228,3,nominal,101,125,0.808
fast_livo2_lio,multiframe_paired_grid,MIDDLE_01,ROW_MIDDLE,1767659531.3542228,3,loose,101,125,0.808
fast_livo2_lio,multiframe_paired_grid,MIDDLE_01,ROW_MIDDLE,1767659531.3542228,5,strict,111,125,0.888
fast_livo2_lio,multiframe_paired_grid,MIDDLE_01,ROW_MIDDLE,1767659531.3542228,5,nominal,111,125,0.888
fast_livo2_lio,multiframe_paired_grid,MIDDLE_01,ROW_MIDDLE,1767659531.3542228,5,loose,111,125,0.888
fast_livo2_lio,multiframe_paired_grid,MIDDLE_02,ROW_MIDDLE,1767659601.3542228,1,strict,29,125,0.232
fast_livo2_lio,multiframe_paired_grid,MIDDLE_02,ROW_MIDDLE,1767659601.3542228,1,nominal,29,125,0.232
fast_livo2_lio,multiframe_paired_grid,MIDDLE_02,ROW_MIDDLE,1767659601.3542228,1,loose,45,125,0.36
fast_livo2_lio,multiframe_paired_grid,MIDDLE_02,ROW_MIDDLE,1767659601.3542228,3,strict,36,125,0.288
fast_livo2_lio,multiframe_paired_grid,MIDDLE_02,ROW_MIDDLE,1767659601.3542228,3,nominal,36,125,0.288
fast_livo2_lio,multiframe_paired_grid,MIDDLE_02,ROW_MIDDLE,1767659601.3542228,3,loose,43,125,0.344
fast_livo2_lio,multiframe_paired_grid,MIDDLE_02,ROW_MIDDLE,1767659601.3542228,5,strict,49,125,0.392
fast_livo2_lio,multiframe_paired_grid,MIDDLE_02,ROW_MIDDLE,1767659601.3542228,5,nominal,49,125,0.392
fast_livo2_lio,multiframe_paired_grid,MIDDLE_02,ROW_MIDDLE,1767659601.3542228,5,loose,49,125,0.392
fast_livo2_lio,multiframe_paired_grid,MIDDLE_03,ROW_MIDDLE,1767659756.3542228,1,strict,17,125,0.136
fast_livo2_lio,multiframe_paired_grid,MIDDLE_03,ROW_MIDDLE,1767659756.3542228,1,nominal,19,125,0.152
fast_livo2_lio,multiframe_paired_grid,MIDDLE_03,ROW_MIDDLE,1767659756.3542228,1,loose,23,125,0.184
fast_livo2_lio,multiframe_paired_grid,MIDDLE_03,ROW_MIDDLE,1767659756.3542228,3,strict,37,125,0.296
fast_livo2_lio,multiframe_paired_grid,MIDDLE_03,ROW_MIDDLE,1767659756.3542228,3,nominal,37,125,0.296
fast_livo2_lio,multiframe_paired_grid,MIDDLE_03,ROW_MIDDLE,1767659756.3542228,3,loose,37,125,0.296
fast_livo2_lio,multiframe_paired_grid,MIDDLE_03,ROW_MIDDLE,1767659756.3542228,5,strict,43,125,0.344
fast_livo2_lio,multiframe_paired_grid,MIDDLE_03,ROW_MIDDLE,1767659756.3542228,5,nominal,43,125,0.344
fast_livo2_lio,multiframe_paired_grid,MIDDLE_03,ROW_MIDDLE,1767659756.3542228,5,loose,43,125,0.344
fast_livo2_lio,multiframe_paired_grid,MIDDLE_04,ROW_MIDDLE,1767659941.3542228,1,strict,52,125,0.416
fast_livo2_lio,multiframe_paired_grid,MIDDLE_04,ROW_MIDDLE,1767659941.3542228,1,nominal,52,125,0.416
fast_livo2_lio,multiframe_paired_grid,MIDDLE_04,ROW_MIDDLE,1767659941.3542228,1,loose,52,125,0.416
fast_livo2_lio,multiframe_paired_grid,MIDDLE_04,ROW_MIDDLE,1767659941.3542228,3,strict,87,125,0.696
fast_livo2_lio,multiframe_paired_grid,MIDDLE_04,ROW_MIDDLE,1767659941.3542228,3,nominal,87,125,0.696
fast_livo2_lio,multiframe_paired_grid,MIDDLE_04,ROW_MIDDLE,1767659941.3542228,3,loose,87,125,0.696
fast_livo2_lio,multiframe_paired_grid,MIDDLE_04,ROW_MIDDLE,1767659941.3542228,5,strict,87,125,0.696
fast_livo2_lio,multiframe_paired_grid,MIDDLE_04,ROW_MIDDLE,1767659941.3542228,5,nominal,87,125,0.696
fast_livo2_lio,multiframe_paired_grid,MIDDLE_04,ROW_MIDDLE,1767659941.3542228,5,loose,87,125,0.696
fast_livo2_lio,multiframe_paired_grid,END_01,ROW_END,1767659546.3542228,1,strict,117,125,0.936
fast_livo2_lio,multiframe_paired_grid,END_01,ROW_END,1767659546.3542228,1,nominal,117,125,0.936
fast_livo2_lio,multiframe_paired_grid,END_01,ROW_END,1767659546.3542228,1,loose,117,125,0.936
fast_livo2_lio,multiframe_paired_grid,END_01,ROW_END,1767659546.3542228,3,strict,119,125,0.952
fast_livo2_lio,multiframe_paired_grid,END_01,ROW_END,1767659546.3542228,3,nominal,119,125,0.952
fast_livo2_lio,multiframe_paired_grid,END_01,ROW_END,1767659546.3542228,3,loose,119,125,0.952
fast_livo2_lio,multiframe_paired_grid,END_01,ROW_END,1767659546.3542228,5,strict,120,125,0.96
fast_livo2_lio,multiframe_paired_grid,END_01,ROW_END,1767659546.3542228,5,nominal,120,125,0.96
fast_livo2_lio,multiframe_paired_grid,END_01,ROW_END,1767659546.3542228,5,loose,120,125,0.96
fast_livo2_lio,multiframe_paired_grid,END_02,ROW_END,1767659614.3542228,1,strict,115,125,0.92
fast_livo2_lio,multiframe_paired_grid,END_02,ROW_END,1767659614.3542228,1,nominal,115,125,0.92
fast_livo2_lio,multiframe_paired_grid,END_02,ROW_END,1767659614.3542228,1,loose,115,125,0.92
fast_livo2_lio,multiframe_paired_grid,END_02,ROW_END,1767659614.3542228,3,strict,116,125,0.928
fast_livo2_lio,multiframe_paired_grid,END_02,ROW_END,1767659614.3542228,3,nominal,116,125,0.928
fast_livo2_lio,multiframe_paired_grid,END_02,ROW_END,1767659614.3542228,3,loose,116,125,0.928
fast_livo2_lio,multiframe_paired_grid,END_02,ROW_END,1767659614.3542228,5,strict,119,125,0.952
fast_livo2_lio,multiframe_paired_grid,END_02,ROW_END,1767659614.3542228,5,nominal,119,125,0.952
fast_livo2_lio,multiframe_paired_grid,END_02,ROW_END,1767659614.3542228,5,loose,119,125,0.952
fast_livo2_lio,multiframe_paired_grid,END_03,ROW_END,1767659774.3542228,1,strict,45,125,0.36
fast_livo2_lio,multiframe_paired_grid,END_03,ROW_END,1767659774.3542228,1,nominal,45,125,0.36
fast_livo2_lio,multiframe_paired_grid,END_03,ROW_END,1767659774.3542228,1,loose,61,125,0.488
fast_livo2_lio,multiframe_paired_grid,END_03,ROW_END,1767659774.3542228,3,strict,55,125,0.44
fast_livo2_lio,multiframe_paired_grid,END_03,ROW_END,1767659774.3542228,3,nominal,55,125,0.44
fast_livo2_lio,multiframe_paired_grid,END_03,ROW_END,1767659774.3542228,3,loose,55,125,0.44
fast_livo2_lio,multiframe_paired_grid,END_03,ROW_END,1767659774.3542228,5,strict,62,125,0.496
fast_livo2_lio,multiframe_paired_grid,END_03,ROW_END,1767659774.3542228,5,nominal,62,125,0.496
fast_livo2_lio,multiframe_paired_grid,END_03,ROW_END,1767659774.3542228,5,loose,72,125,0.576
fast_livo2_lio,multiframe_paired_grid,END_04,ROW_END,1767659951.3542228,1,strict,121,125,0.968
fast_livo2_lio,multiframe_paired_grid,END_04,ROW_END,1767659951.3542228,1,nominal,121,125,0.968
fast_livo2_lio,multiframe_paired_grid,END_04,ROW_END,1767659951.3542228,1,loose,121,125,0.968
fast_livo2_lio,multiframe_paired_grid,END_04,ROW_END,1767659951.3542228,3,strict,122,125,0.976
fast_livo2_lio,multiframe_paired_grid,END_04,ROW_END,1767659951.3542228,3,nominal,122,125,0.976
fast_livo2_lio,multiframe_paired_grid,END_04,ROW_END,1767659951.3542228,3,loose,122,125,0.976
fast_livo2_lio,multiframe_paired_grid,END_04,ROW_END,1767659951.3542228,5,strict,124,125,0.992
fast_livo2_lio,multiframe_paired_grid,END_04,ROW_END,1767659951.3542228,5,nominal,124,125,0.992
fast_livo2_lio,multiframe_paired_grid,END_04,ROW_END,1767659951.3542228,5,loose,124,125,0.992
fast_livo2_lio,multiframe_paired_grid,HEADLAND_01,HEADLAND,1767659549.8542228,1,strict,112,125,0.896
fast_livo2_lio,multiframe_paired_grid,HEADLAND_01,HEADLAND,1767659549.8542228,1,nominal,112,125,0.896
fast_livo2_lio,multiframe_paired_grid,HEADLAND_01,HEADLAND,1767659549.8542228,1,loose,112,125,0.896
fast_livo2_lio,multiframe_paired_grid,HEADLAND_01,HEADLAND,1767659549.8542228,3,strict,107,125,0.856
fast_livo2_lio,multiframe_paired_grid,HEADLAND_01,HEADLAND,1767659549.8542228,3,nominal,107,125,0.856
fast_livo2_lio,multiframe_paired_grid,HEADLAND_01,HEADLAND,1767659549.8542228,3,loose,107,125,0.856
fast_livo2_lio,multiframe_paired_grid,HEADLAND_01,HEADLAND,1767659549.8542228,5,strict,111,125,0.888
fast_livo2_lio,multiframe_paired_grid,HEADLAND_01,HEADLAND,1767659549.8542228,5,nominal,111,125,0.888
fast_livo2_lio,multiframe_paired_grid,HEADLAND_01,HEADLAND,1767659549.8542228,5,loose,111,125,0.888
fast_livo2_lio,multiframe_paired_grid,HEADLAND_02,HEADLAND,1767659586.3542228,1,strict,123,125,0.984
fast_livo2_lio,multiframe_paired_grid,HEADLAND_02,HEADLAND,1767659586.3542228,1,nominal,123,125,0.984
fast_livo2_lio,multiframe_paired_grid,HEADLAND_02,HEADLAND,1767659586.3542228,1,loose,123,125,0.984
fast_livo2_lio,multiframe_paired_grid,HEADLAND_02,HEADLAND,1767659586.3542228,3,strict,124,125,0.992
fast_livo2_lio,multiframe_paired_grid,HEADLAND_02,HEADLAND,1767659586.3542228,3,nominal,124,125,0.992
fast_livo2_lio,multiframe_paired_grid,HEADLAND_02,HEADLAND,1767659586.3542228,3,loose,124,125,0.992
fast_livo2_lio,multiframe_paired_grid,HEADLAND_02,HEADLAND,1767659586.3542228,5,strict,123,125,0.984
fast_livo2_lio,multiframe_paired_grid,HEADLAND_02,HEADLAND,1767659586.3542228,5,nominal,123,125,0.984
fast_livo2_lio,multiframe_paired_grid,HEADLAND_02,HEADLAND,1767659586.3542228,5,loose,123,125,0.984
fast_livo2_lio,multiframe_paired_grid,HEADLAND_03,HEADLAND,1767659730.3542228,1,strict,114,125,0.912
fast_livo2_lio,multiframe_paired_grid,HEADLAND_03,HEADLAND,1767659730.3542228,1,nominal,114,125,0.912
fast_livo2_lio,multiframe_paired_grid,HEADLAND_03,HEADLAND,1767659730.3542228,1,loose,114,125,0.912
fast_livo2_lio,multiframe_paired_grid,HEADLAND_03,HEADLAND,1767659730.3542228,3,strict,115,125,0.92
fast_livo2_lio,multiframe_paired_grid,HEADLAND_03,HEADLAND,1767659730.3542228,3,nominal,115,125,0.92
fast_livo2_lio,multiframe_paired_grid,HEADLAND_03,HEADLAND,1767659730.3542228,3,loose,115,125,0.92
fast_livo2_lio,multiframe_paired_grid,HEADLAND_03,HEADLAND,1767659730.3542228,5,strict,118,125,0.944
fast_livo2_lio,multiframe_paired_grid,HEADLAND_03,HEADLAND,1767659730.3542228,5,nominal,118,125,0.944
fast_livo2_lio,multiframe_paired_grid,HEADLAND_03,HEADLAND,1767659730.3542228,5,loose,118,125,0.944
fast_livo2_lio,multiframe_paired_grid,HEADLAND_04,HEADLAND,1767659981.8542228,1,strict,111,125,0.888
fast_livo2_lio,multiframe_paired_grid,HEADLAND_04,HEADLAND,1767659981.8542228,1,nominal,111,125,0.888
fast_livo2_lio,multiframe_paired_grid,HEADLAND_04,HEADLAND,1767659981.8542228,1,loose,111,125,0.888
fast_livo2_lio,multiframe_paired_grid,HEADLAND_04,HEADLAND,1767659981.8542228,3,strict,114,125,0.912
fast_livo2_lio,multiframe_paired_grid,HEADLAND_04,HEADLAND,1767659981.8542228,3,nominal,114,125,0.912
fast_livo2_lio,multiframe_paired_grid,HEADLAND_04,HEADLAND,1767659981.8542228,3,loose,114,125,0.912
fast_livo2_lio,multiframe_paired_grid,HEADLAND_04,HEADLAND,1767659981.8542228,5,strict,114,125,0.912
fast_livo2_lio,multiframe_paired_grid,HEADLAND_04,HEADLAND,1767659981.8542228,5,nominal,114,125,0.912
fast_livo2_lio,multiframe_paired_grid,HEADLAND_04,HEADLAND,1767659981.8542228,5,loose,114,125,0.912
