backend,scene_type,criterion,scene_count,mean_scene_basin_fraction,scene_bootstrap_ci95_low,scene_bootstrap_ci95_high,pooled_successes,pooled_trials
point_lio,ROW_ENTRY,strict,4,0.13095238095238093,0.018518518518518517,0.30026455026455023,297,2268
point_lio,ROW_MIDDLE,strict,4,0.10449735449735449,0.024691358024691357,0.20634920634920634,237,2268
point_lio,ROW_END,strict,4,0.15123456790123457,0.04673721340388007,0.25925925925925924,343,2268
point_lio,HEADLAND,strict,4,0.15123456790123457,0.05114638447971781,0.22354497354497355,343,2268
point_lio,ROW_ENTRY,nominal,4,0.13271604938271603,0.018518518518518517,0.30026455026455023,301,2268
point_lio,ROW_MIDDLE,nominal,4,0.10493827160493827,0.024691358024691357,0.20767195767195765,238,2268
point_lio,ROW_END,nominal,4,0.15696649029982362,0.04673721340388007,0.27116402116402116,356,2268
point_lio,HEADLAND,nominal,4,0.32319223985890655,0.21164021164021163,0.4554673721340388,733,2268
point_lio,ROW_ENTRY,loose,4,0.1437389770723104,0.02821869488536155,0.30335097001763667,326,2268
point_lio,ROW_MIDDLE,loose,4,0.11067019400352733,0.029982363315696647,0.20855379188712522,251,2268
point_lio,ROW_END,loose,4,0.16005291005291006,0.05291005291005291,0.27248677248677244,363,2268
point_lio,HEADLAND,loose,4,0.3271604938271605,0.21781305114638447,0.45679012345679015,742,2268
fast_livo2_lio,ROW_ENTRY,strict,4,0.19047619047619044,0.04056437389770723,0.36022927689594353,432,2268
fast_livo2_lio,ROW_MIDDLE,strict,4,0.12742504409171074,0.03880070546737213,0.2275132275132275,289,2268
fast_livo2_lio,ROW_END,strict,4,0.48280423280423285,0.2222222222222222,0.6521164021164021,1095,2268
fast_livo2_lio,HEADLAND,strict,4,0.533068783068783,0.44532627865961194,0.6208112874779542,1209,2268
fast_livo2_lio,ROW_ENTRY,nominal,4,0.19047619047619044,0.04056437389770723,0.36022927689594353,432,2268
fast_livo2_lio,ROW_MIDDLE,nominal,4,0.12742504409171074,0.03880070546737213,0.2275132275132275,289,2268
fast_livo2_lio,ROW_END,nominal,4,0.48280423280423285,0.2222222222222222,0.6521164021164021,1095,2268
fast_livo2_lio,HEADLAND,nominal,4,0.533068783068783,0.44532627865961194,0.6208112874779542,1209,2268
fast_livo2_lio,ROW_ENTRY,loose,4,0.1970899470899471,0.05026455026455026,0.36243386243386244,447,2268
fast_livo2_lio,ROW_MIDDLE,loose,4,0.13139329805996472,0.04409171075837742,0.22795414462081126,298,2268
fast_livo2_lio,ROW_END,loose,4,0.49470899470899476,0.2579365079365079,0.6521164021164021,1122,2268
fast_livo2_lio,HEADLAND,loose,4,0.5343915343915344,0.44664902998236333,0.6208112874779542,1212,2268
