backend,experiment,scene_type,frames_from,frames_to,paired_scenes,improved,unchanged,degraded,success_rate_from,success_rate_to
point_lio,GLOBAL_BBS_GICP,ROW_ENTRY,1,3,4,0,4,0,0.25,0.25
point_lio,GLOBAL_BBS_GICP,ROW_MIDDLE,1,3,4,0,4,0,0.0,0.0
point_lio,GLOBAL_BBS_GICP,ROW_END,1,3,4,0,4,0,0.0,0.0
point_lio,GLOBAL_BBS_GICP,HEADLAND,1,3,4,0,4,0,0.0,0.0
point_lio,GLOBAL_BBS_GICP,ROW_ENTRY,3,5,4,0,4,0,0.25,0.25
point_lio,GLOBAL_BBS_GICP,ROW_MIDDLE,3,5,4,0,4,0,0.0,0.0
point_lio,GLOBAL_BBS_GICP,ROW_END,3,5,4,0,4,0,0.0,0.0
point_lio,GLOBAL_BBS_GICP,HEADLAND,3,5,4,0,4,0,0.0,0.0
point_lio,GLOBAL_BBS_GICP,ROW_ENTRY,1,5,4,0,4,0,0.25,0.25
point_lio,GLOBAL_BBS_GICP,ROW_MIDDLE,1,5,4,0,4,0,0.0,0.0
point_lio,GLOBAL_BBS_GICP,ROW_END,1,5,4,0,4,0,0.0,0.0
point_lio,GLOBAL_BBS_GICP,HEADLAND,1,5,4,0,4,0,0.0,0.0
fast_livo2_lio,GLOBAL_BBS_GICP,ROW_ENTRY,1,3,4,0,4,0,0.0,0.0
fast_livo2_lio,GLOBAL_BBS_GICP,ROW_MIDDLE,1,3,4,0,4,0,0.0,0.0
fast_livo2_lio,GLOBAL_BBS_GICP,ROW_END,1,3,4,0,4,0,0.0,0.0
fast_livo2_lio,GLOBAL_BBS_GICP,HEADLAND,1,3,4,0,4,0,0.0,0.0
fast_livo2_lio,GLOBAL_BBS_GICP,ROW_ENTRY,3,5,4,1,3,0,0.0,0.25
fast_livo2_lio,GLOBAL_BBS_GICP,ROW_MIDDLE,3,5,4,1,3,0,0.0,0.25
fast_livo2_lio,GLOBAL_BBS_GICP,ROW_END,3,5,4,0,4,0,0.0,0.0
fast_livo2_lio,GLOBAL_BBS_GICP,HEADLAND,3,5,4,1,3,0,0.0,0.25
fast_livo2_lio,GLOBAL_BBS_GICP,ROW_ENTRY,1,5,4,1,3,0,0.0,0.25
fast_livo2_lio,GLOBAL_BBS_GICP,ROW_MIDDLE,1,5,4,1,3,0,0.0,0.25
fast_livo2_lio,GLOBAL_BBS_GICP,ROW_END,1,5,4,0,4,0,0.0,0.0
fast_livo2_lio,GLOBAL_BBS_GICP,HEADLAND,1,5,4,1,3,0,0.0,0.25
