backend,run_a,run_b,scene_id,scene_type,bag_timestamp,run_a_keyframe,run_a_time_offset_s,run_b_keyframe,run_b_time_offset_s,points_a_voxel_0_25m,points_b_voxel_0_25m,symmetric_nn_median_m,symmetric_nn_p95_m,symmetric_nn_max_m,within_0_25m_fraction,within_0_5m_fraction,alignment
point_lio,point_lio_run1,point_lio_run2,ENTRY_01,ROW_ENTRY,1767659518.1242228,2,-0.12056255340576172,2,-0.12056255340576172,3698,3700,0.0012904399359961987,0.0027449096291255063,0.24856772039740885,1.0,1.0,raw frontend map coordinates; no ICP fitted
point_lio,point_lio_run1,point_lio_run2,ENTRY_02,ROW_ENTRY,1767659671.3542228,296,0.04794812202453613,297,0.1479184627532959,1356,1374,0.1368937782904207,0.5592017263995592,8.442050162144461,0.8106227106227106,0.9413919413919414,raw frontend map coordinates; no ICP fitted
point_lio,point_lio_run1,point_lio_run2,ENTRY_03,ROW_ENTRY,1767659816.3542228,553,0.14809656143188477,555,0.2484760284423828,1632,1591,0.13115854985733877,0.48279612371995356,3.189866407687683,0.8281104560968042,0.9528389699038163,raw frontend map coordinates; no ICP fitted
point_lio,point_lio_run1,point_lio_run2,ENTRY_04,ROW_ENTRY,1767659986.3542228,929,-0.05203723907470703,933,-0.05203723907470703,1505,1505,0.016495170269866157,0.09812298997293491,0.236995411367077,1.0,1.0,raw frontend map coordinates; no ICP fitted
point_lio,point_lio_run1,point_lio_run2,MIDDLE_01,ROW_MIDDLE,1767659531.3542228,23,0.050215959548950195,23,0.050215959548950195,3229,3239,0.003563005359897024,0.005947410213374244,0.2399721151107335,1.0,1.0,raw frontend map coordinates; no ICP fitted
point_lio,point_lio_run1,point_lio_run2,MIDDLE_02,ROW_MIDDLE,1767659601.3542228,147,0.04833483695983887,147,0.14742517471313477,1242,1319,0.13770380030654428,0.6686894472650183,6.4384521743303536,0.8032018742678642,0.9254197579070675,raw frontend map coordinates; no ICP fitted
point_lio,point_lio_run1,point_lio_run2,MIDDLE_03,ROW_MIDDLE,1767659756.3542228,426,0.1476132869720459,427,0.24763011932373047,1382,1376,0.14809078884804194,0.5419582622514036,5.090158312042418,0.7962291515591008,0.9448875997099347,raw frontend map coordinates; no ICP fitted
point_lio,point_lio_run1,point_lio_run2,MIDDLE_04,ROW_MIDDLE,1767659941.3542228,828,-0.25272107124328613,832,-0.25272107124328613,1460,1436,0.0402205635812274,0.13420749971651963,0.28705362167483434,0.9993093922651933,1.0,raw frontend map coordinates; no ICP fitted
point_lio,point_lio_run1,point_lio_run2,END_01,ROW_END,1767659546.3542228,47,-0.15268492698669434,47,-0.15268492698669434,2714,2723,0.005678938456869466,0.010633074915013146,0.24035686701111225,1.0,1.0,raw frontend map coordinates; no ICP fitted
point_lio,point_lio_run1,point_lio_run2,END_02,ROW_END,1767659614.3542228,169,-0.152052640914917,170,0.24764370918273926,2193,2034,0.19179090574726615,1.0661156079005274,6.8455190060715925,0.614147149278448,0.8289567068843151,raw frontend map coordinates; no ICP fitted
point_lio,point_lio_run1,point_lio_run2,END_03,ROW_END,1767659774.3542228,460,0.24756431579589844,460,0.24756431579589844,1033,1035,0.0209925732422919,0.08934452511997801,0.3273261209441442,0.9985493230174082,1.0,raw frontend map coordinates; no ICP fitted
point_lio,point_lio_run1,point_lio_run2,END_04,ROW_END,1767659951.3542228,847,-0.15183448791503906,852,0.24970579147338867,1466,1577,0.17796864104892388,0.8331711557720072,5.378621863857318,0.6444298389746961,0.8593493263227079,raw frontend map coordinates; no ICP fitted
point_lio,point_lio_run1,point_lio_run2,HEADLAND_01,HEADLAND,1767659549.8542228,55,0.24819040298461914,55,0.24819040298461914,2025,2011,0.009920815454787152,0.046181778132922006,0.3019944893539379,0.9997522299306244,1.0,raw frontend map coordinates; no ICP fitted
point_lio,point_lio_run1,point_lio_run2,HEADLAND_02,HEADLAND,1767659586.3542228,115,-0.05256223678588867,115,-0.05256223678588867,2079,2077,0.0032325944872044505,0.006532906078166781,0.23996673108797403,1.0,1.0,raw frontend map coordinates; no ICP fitted
point_lio,point_lio_run1,point_lio_run2,HEADLAND_03,HEADLAND,1767659730.3542228,400,0.04758882522583008,401,0.04758882522583008,2006,1999,0.010435597528418732,0.06911893244732381,0.26962393882332614,0.9995006242197253,1.0,raw frontend map coordinates; no ICP fitted
point_lio,point_lio_run1,point_lio_run2,HEADLAND_04,HEADLAND,1767659981.8542228,917,0.04802751541137695,921,0.04802751541137695,1423,1412,0.04862839083495737,0.13842394284998508,0.27413287764600464,0.9989417989417989,1.0,raw frontend map coordinates; no ICP fitted
point_lio,point_lio_run1,point_lio_run3,ENTRY_01,ROW_ENTRY,1767659518.1242228,2,-0.12056255340576172,2,-0.12056255340576172,3698,3699,0.0018150494602302894,0.003093137606021019,0.24811449542811684,1.0,1.0,raw frontend map coordinates; no ICP fitted
point_lio,point_lio_run1,point_lio_run3,ENTRY_02,ROW_ENTRY,1767659671.3542228,296,0.04794812202453613,296,0.04794812202453613,1356,1356,0.01726194543306475,0.0913780285422377,0.3125689864188489,0.9988938053097345,1.0,raw frontend map coordinates; no ICP fitted
point_lio,point_lio_run1,point_lio_run3,ENTRY_03,ROW_ENTRY,1767659816.3542228,553,0.14809656143188477,555,0.14809656143188477,1632,1635,0.029571630635791848,0.11803096309957807,0.2817229967552932,0.9987756351392715,1.0,raw frontend map coordinates; no ICP fitted
point_lio,point_lio_run1,point_lio_run3,ENTRY_04,ROW_ENTRY,1767659986.3542228,929,-0.05203723907470703,933,0.24622821807861328,1505,1444,0.16355458943267226,0.7238086325320537,4.572756987746437,0.7148185825703628,0.901322482197355,raw frontend map coordinates; no ICP fitted
point_lio,point_lio_run1,point_lio_run3,MIDDLE_01,ROW_MIDDLE,1767659531.3542228,23,0.050215959548950195,23,0.050215959548950195,3229,3237,0.0045239755240945095,0.01066052323367364,0.2572473688658572,0.9998453448809156,1.0,raw frontend map coordinates; no ICP fitted
point_lio,point_lio_run1,point_lio_run3,MIDDLE_02,ROW_MIDDLE,1767659601.3542228,147,0.04833483695983887,147,0.14742517471313477,1242,1293,0.13714339872997663,0.6618401076772505,6.420156497762508,0.8007889546351085,0.9230769230769231,raw frontend map coordinates; no ICP fitted
point_lio,point_lio_run1,point_lio_run3,MIDDLE_03,ROW_MIDDLE,1767659756.3542228,426,0.1476132869720459,426,0.24763011932373047,1382,1356,0.1402805525425967,0.5345003528771178,5.075489104967114,0.799853907962016,0.9455807158509861,raw frontend map coordinates; no ICP fitted
point_lio,point_lio_run1,point_lio_run3,MIDDLE_04,ROW_MIDDLE,1767659941.3542228,828,-0.25272107124328613,832,0.14792227745056152,1460,1593,0.22223792501534806,1.0500943676065855,4.280538498584255,0.5489682279724861,0.8047821814608582,raw frontend map coordinates; no ICP fitted
point_lio,point_lio_run1,point_lio_run3,END_01,ROW_END,1767659546.3542228,47,-0.15268492698669434,47,-0.15268492698669434,2714,2718,0.0035738403393262416,0.0039037988473459707,0.25451633015724545,0.9998159057437408,1.0,raw frontend map coordinates; no ICP fitted
point_lio,point_lio_run1,point_lio_run3,END_02,ROW_END,1767659614.3542228,169,-0.152052640914917,170,0.24764370918273926,2193,2032,0.1938488495404789,1.0644118135184688,6.862206311631142,0.6118343195266273,0.8286390532544379,raw frontend map coordinates; no ICP fitted
point_lio,point_lio_run1,point_lio_run3,END_03,ROW_END,1767659774.3542228,460,0.24756431579589844,459,0.24756431579589844,1033,1028,0.027863135280367334,0.13421229328746898,0.2953105071541506,0.9990295972828724,1.0,raw frontend map coordinates; no ICP fitted
point_lio,point_lio_run1,point_lio_run3,END_04,ROW_END,1767659951.3542228,847,-0.15183448791503906,850,-0.15183448791503906,1466,1474,0.010443930039784617,0.06422478512624596,0.26441283197648247,0.9989795918367347,1.0,raw frontend map coordinates; no ICP fitted
point_lio,point_lio_run1,point_lio_run3,HEADLAND_01,HEADLAND,1767659549.8542228,55,0.24819040298461914,55,0.24819040298461914,2025,2025,0.005253254691964238,0.018671927679669513,0.24799724009581947,1.0,1.0,raw frontend map coordinates; no ICP fitted
point_lio,point_lio_run1,point_lio_run3,HEADLAND_02,HEADLAND,1767659586.3542228,115,-0.05256223678588867,115,-0.05256223678588867,2079,2083,0.004126100096240452,0.01240615232486421,0.2456892203602264,1.0,1.0,raw frontend map coordinates; no ICP fitted
point_lio,point_lio_run1,point_lio_run3,HEADLAND_03,HEADLAND,1767659730.3542228,400,0.04758882522583008,400,0.04758882522583008,2006,1999,0.005596015575512694,0.016200637777744376,0.2609910043755701,0.9995006242197253,1.0,raw frontend map coordinates; no ICP fitted
point_lio,point_lio_run1,point_lio_run3,HEADLAND_04,HEADLAND,1767659981.8542228,917,0.04802751541137695,920,-0.05157065391540527,1423,1415,0.12151544541593978,0.47495428798511274,6.848160686948898,0.8488372093023255,0.9541930937279774,raw frontend map coordinates; no ICP fitted
point_lio,point_lio_run2,point_lio_run3,ENTRY_01,ROW_ENTRY,1767659518.1242228,2,-0.12056255340576172,2,-0.12056255340576172,3700,3699,0.0009642648144654632,0.00181395563964288,0.20357468533549863,1.0,1.0,raw frontend map coordinates; no ICP fitted
point_lio,point_lio_run2,point_lio_run3,ENTRY_02,ROW_ENTRY,1767659671.3542228,297,0.1479184627532959,296,0.04794812202453613,1374,1356,0.13773306968551371,0.5643491599289262,8.424778309497746,0.8102564102564103,0.9413919413919414,raw frontend map coordinates; no ICP fitted
point_lio,point_lio_run2,point_lio_run3,ENTRY_03,ROW_ENTRY,1767659816.3542228,555,0.2484760284423828,555,0.14809656143188477,1591,1635,0.13140668120872576,0.4842355389718909,3.1857826953707007,0.8282703037817731,0.9507129572225667,raw frontend map coordinates; no ICP fitted
point_lio,point_lio_run2,point_lio_run3,ENTRY_04,ROW_ENTRY,1767659986.3542228,933,-0.05203723907470703,933,0.24622821807861328,1505,1444,0.16502000681712017,0.7301357734650002,4.56960868105392,0.7148185825703628,0.901322482197355,raw frontend map coordinates; no ICP fitted
point_lio,point_lio_run2,point_lio_run3,MIDDLE_01,ROW_MIDDLE,1767659531.3542228,23,0.050215959548950195,23,0.050215959548950195,3239,3237,0.005798146126943826,0.008898436445469655,0.25684475403035495,0.9998455836936381,1.0,raw frontend map coordinates; no ICP fitted
point_lio,point_lio_run2,point_lio_run3,MIDDLE_02,ROW_MIDDLE,1767659601.3542228,147,0.14742517471313477,147,0.14742517471313477,1319,1293,0.03533838849208401,0.14802433671956236,0.3128360575570454,0.9977029096477795,1.0,raw frontend map coordinates; no ICP fitted
point_lio,point_lio_run2,point_lio_run3,MIDDLE_03,ROW_MIDDLE,1767659756.3542228,427,0.24763011932373047,426,0.24763011932373047,1376,1356,0.06136628799113705,0.15944905460473066,0.3074015479484422,0.9952415812591509,1.0,raw frontend map coordinates; no ICP fitted
point_lio,point_lio_run2,point_lio_run3,MIDDLE_04,ROW_MIDDLE,1767659941.3542228,832,-0.25272107124328613,832,0.14792227745056152,1436,1593,0.23170012473107765,1.0443641418554204,4.294289062046999,0.5384615384615384,0.7989435457246616,raw frontend map coordinates; no ICP fitted
point_lio,point_lio_run2,point_lio_run3,END_01,ROW_END,1767659546.3542228,47,-0.15268492698669434,47,-0.15268492698669434,2723,2718,0.006026109223148575,0.012496604837130576,0.2548645458659246,0.9998162102554677,1.0,raw frontend map coordinates; no ICP fitted
point_lio,point_lio_run2,point_lio_run3,END_02,ROW_END,1767659614.3542228,170,0.24764370918273926,170,0.24764370918273926,2034,2032,0.010308258988187194,0.07039650805767847,0.30756177456493905,0.999508116084604,1.0,raw frontend map coordinates; no ICP fitted
point_lio,point_lio_run2,point_lio_run3,END_03,ROW_END,1767659774.3542228,460,0.24756431579589844,459,0.24756431579589844,1035,1028,0.04435231635484401,0.1440722636825208,0.4238552904452996,0.9961221522055259,1.0,raw frontend map coordinates; no ICP fitted
point_lio,point_lio_run2,point_lio_run3,END_04,ROW_END,1767659951.3542228,852,0.24970579147338867,850,-0.15183448791503906,1577,1474,0.1814549746709663,0.8339782381804401,5.361826815671293,0.6411012782694199,0.8584070796460177,raw frontend map coordinates; no ICP fitted
point_lio,point_lio_run2,point_lio_run3,HEADLAND_01,HEADLAND,1767659549.8542228,55,0.24819040298461914,55,0.24819040298461914,2011,2025,0.008641749659898453,0.045230248033463705,0.28718717644052305,0.9997522299306244,1.0,raw frontend map coordinates; no ICP fitted
point_lio,point_lio_run2,point_lio_run3,HEADLAND_02,HEADLAND,1767659586.3542228,115,-0.05256223678588867,115,-0.05256223678588867,2077,2083,0.0045071599161020095,0.012790558620296938,0.24586650378602287,1.0,1.0,raw frontend map coordinates; no ICP fitted
point_lio,point_lio_run2,point_lio_run3,HEADLAND_03,HEADLAND,1767659730.3542228,401,0.04758882522583008,400,0.04758882522583008,1999,1999,0.007412105579079143,0.03425227667114481,0.2737995414213822,0.9994997498749375,1.0,raw frontend map coordinates; no ICP fitted
point_lio,point_lio_run2,point_lio_run3,HEADLAND_04,HEADLAND,1767659981.8542228,921,0.04802751541137695,920,-0.05157065391540527,1412,1415,0.11729838594577945,0.4733822627447654,6.8443528531407845,0.8489564909798373,0.9554297842235585,raw frontend map coordinates; no ICP fitted
fast_livo2_lio,fast_livo2_lio,fast_livo2_lio_run2,ENTRY_01,ROW_ENTRY,1767659518.1242228,2,-0.003019571304321289,2,-0.0800161361694336,5424,5420,0.0017907454847321943,0.006610119533299729,0.3094363805874844,0.999723349317595,1.0,raw frontend map coordinates; no ICP fitted
fast_livo2_lio,fast_livo2_lio,fast_livo2_lio_run2,ENTRY_02,ROW_ENTRY,1767659671.3542228,294,-0.0343780517578125,296,-0.035150766372680664,1777,1785,0.007940095930390028,0.05717279109265805,0.30065872065192645,0.9994385176866929,1.0,raw frontend map coordinates; no ICP fitted
fast_livo2_lio,fast_livo2_lio,fast_livo2_lio_run2,ENTRY_03,ROW_ENTRY,1767659816.3542228,549,0.2892773151397705,551,0.16450762748718262,2107,2096,0.10369444348215853,0.42791721742974104,4.126938127179841,0.8765167737330478,0.9633595051153938,raw frontend map coordinates; no ICP fitted
fast_livo2_lio,fast_livo2_lio,fast_livo2_lio_run2,ENTRY_04,ROW_ENTRY,1767659986.3542228,920,-0.1373739242553711,928,-0.13597941398620605,1904,1913,0.007414781302074693,0.056073379901449255,0.30642439978195024,0.9997380141472361,1.0,raw frontend map coordinates; no ICP fitted
fast_livo2_lio,fast_livo2_lio,fast_livo2_lio_run2,MIDDLE_01,ROW_MIDDLE,1767659531.3542228,22,-0.20811891555786133,22,-0.18501806259155273,4624,4632,0.004995508274092139,0.008048721959147598,0.25100681361498894,0.9998919619706137,1.0,raw frontend map coordinates; no ICP fitted
fast_livo2_lio,fast_livo2_lio,fast_livo2_lio_run2,MIDDLE_02,ROW_MIDDLE,1767659601.3542228,146,0.06621360778808594,146,0.08992648124694824,1672,1666,0.008056032370829016,0.05984186357636825,0.22047314682849956,1.0,1.0,raw frontend map coordinates; no ICP fitted
fast_livo2_lio,fast_livo2_lio,fast_livo2_lio_run2,MIDDLE_03,ROW_MIDDLE,1767659756.3542228,423,0.26479029655456543,425,0.26535916328430176,1834,1842,0.010940278926950833,0.0957989342052996,0.25301898138090995,0.999727965179543,1.0,raw frontend map coordinates; no ICP fitted
fast_livo2_lio,fast_livo2_lio,fast_livo2_lio_run2,MIDDLE_04,ROW_MIDDLE,1767659941.3542228,819,-0.0369415283203125,825,0.2641725540161133,2047,2205,0.16427075154058163,0.890083791271724,3.983616155505796,0.659689557855127,0.8478363123236125,raw frontend map coordinates; no ICP fitted
fast_livo2_lio,fast_livo2_lio,fast_livo2_lio_run2,END_01,ROW_END,1767659546.3542228,46,-0.1075448989868164,46,-0.0850532054901123,3708,3711,0.008325010287599242,0.01167833955713852,0.24152463300756466,1.0,1.0,raw frontend map coordinates; no ICP fitted
fast_livo2_lio,fast_livo2_lio,fast_livo2_lio_run2,END_02,ROW_END,1767659614.3542228,169,0.29116177558898926,169,0.26488661766052246,2642,2641,0.008426213887625579,0.05172246000973167,0.2773038243195348,0.999621427219383,1.0,raw frontend map coordinates; no ICP fitted
fast_livo2_lio,fast_livo2_lio,fast_livo2_lio_run2,END_03,ROW_END,1767659774.3542228,455,-0.23502182960510254,457,0.2646033763885498,1531,1301,0.16131341492933057,0.7831008540340092,50.52043641964775,0.6733757062146892,0.8668785310734464,raw frontend map coordinates; no ICP fitted
fast_livo2_lio,fast_livo2_lio,fast_livo2_lio_run2,END_04,ROW_END,1767659951.3542228,837,0.0629727840423584,843,-0.03586220741271973,1949,1840,0.11277324642359957,0.46076835881286077,36.09242525205053,0.8237001847453154,0.9556611243072051,raw frontend map coordinates; no ICP fitted
fast_livo2_lio,fast_livo2_lio,fast_livo2_lio_run2,HEADLAND_01,HEADLAND,1767659549.8542228,54,0.266740083694458,54,0.29020071029663086,2718,2720,0.006333883846979321,0.009185078601287597,0.28435958724645355,0.9994483265906583,1.0,raw frontend map coordinates; no ICP fitted
fast_livo2_lio,fast_livo2_lio,fast_livo2_lio_run2,HEADLAND_02,HEADLAND,1767659586.3542228,115,0.0913693904876709,115,0.06497454643249512,2673,2673,0.0014680624360441,0.003372268574418027,0.2391825948469479,1.0,1.0,raw frontend map coordinates; no ICP fitted
fast_livo2_lio,fast_livo2_lio,fast_livo2_lio_run2,HEADLAND_03,HEADLAND,1767659730.3542228,398,0.09006762504577637,399,-0.035299062728881836,2695,2698,0.10922980475876547,0.4402426461956579,5.348969763283037,0.862228815130725,0.9597626552938995,raw frontend map coordinates; no ICP fitted
fast_livo2_lio,fast_livo2_lio,fast_livo2_lio_run2,HEADLAND_04,HEADLAND,1767659981.8542228,906,0.06266355514526367,914,0.08901309967041016,1643,1634,0.0035296867681280154,0.008515065890581337,0.24515465606491138,1.0,1.0,raw frontend map coordinates; no ICP fitted
fast_livo2_lio,fast_livo2_lio,fast_livo2_lio_run3,ENTRY_01,ROW_ENTRY,1767659518.1242228,2,-0.003019571304321289,2,-0.00030922889709472656,5424,4888,0.12348832498386202,0.5165675253113498,4.052252943406225,0.808766485647789,0.946567106283941,raw frontend map coordinates; no ICP fitted
fast_livo2_lio,fast_livo2_lio,fast_livo2_lio_run3,ENTRY_02,ROW_ENTRY,1767659671.3542228,294,-0.0343780517578125,296,-0.030182838439941406,1777,1782,0.015106085223833695,0.09941422066008322,0.3083852083977403,0.9991570665917393,1.0,raw frontend map coordinates; no ICP fitted
fast_livo2_lio,fast_livo2_lio,fast_livo2_lio_run3,ENTRY_03,ROW_ENTRY,1767659816.3542228,549,0.2892773151397705,553,0.16827154159545898,2107,2109,0.10534122609436214,0.4247839927232367,4.139200531836219,0.8768975332068312,0.9627609108159393,raw frontend map coordinates; no ICP fitted
fast_livo2_lio,fast_livo2_lio,fast_livo2_lio_run3,ENTRY_04,ROW_ENTRY,1767659986.3542228,920,-0.1373739242553711,930,-0.13254332542419434,1904,1918,0.013092602870531586,0.09004619525333746,0.2730340572752173,0.9994767137624281,1.0,raw frontend map coordinates; no ICP fitted
fast_livo2_lio,fast_livo2_lio,fast_livo2_lio_run3,MIDDLE_01,ROW_MIDDLE,1767659531.3542228,22,-0.20811891555786133,22,-0.23038649559020996,4624,4626,0.008681822410555193,0.01666175163381687,0.28041568115624294,0.9997837837837837,1.0,raw frontend map coordinates; no ICP fitted
fast_livo2_lio,fast_livo2_lio,fast_livo2_lio_run3,MIDDLE_02,ROW_MIDDLE,1767659601.3542228,146,0.06621360778808594,146,-0.030719518661499023,1672,1547,0.11464480554967019,0.6093965859593972,5.305653612235827,0.8362845604224914,0.9369369369369369,raw frontend map coordinates; no ICP fitted
fast_livo2_lio,fast_livo2_lio,fast_livo2_lio_run3,MIDDLE_03,ROW_MIDDLE,1767659756.3542228,423,0.26479029655456543,425,0.2685673236846924,1834,1829,0.012931871720599062,0.08041092363583435,0.31393953619839693,0.9997269997269997,1.0,raw frontend map coordinates; no ICP fitted
fast_livo2_lio,fast_livo2_lio,fast_livo2_lio_run3,MIDDLE_04,ROW_MIDDLE,1767659941.3542228,819,-0.0369415283203125,826,-0.23233604431152344,2047,1948,0.15693874447211936,0.8489232550052105,3.77411441868135,0.6886107634543179,0.8635794743429287,raw frontend map coordinates; no ICP fitted
fast_livo2_lio,fast_livo2_lio,fast_livo2_lio_run3,END_01,ROW_END,1767659546.3542228,46,-0.1075448989868164,46,-0.13043570518493652,3708,3727,0.014703012386191533,0.10327627545931507,0.25534777071528025,0.9998655010087424,1.0,raw frontend map coordinates; no ICP fitted
fast_livo2_lio,fast_livo2_lio,fast_livo2_lio_run3,END_02,ROW_END,1767659614.3542228,169,0.29116177558898926,169,0.2692584991455078,2642,2633,0.018017582806782576,0.10539728692901094,0.31235719723099126,0.9994312796208531,1.0,raw frontend map coordinates; no ICP fitted
fast_livo2_lio,fast_livo2_lio,fast_livo2_lio_run3,END_03,ROW_END,1767659774.3542228,455,-0.23502182960510254,458,0.1434798240661621,1531,1286,0.15087977171418235,0.7909286640075291,10.364618913765579,0.7287894923677671,0.8899538516151935,raw frontend map coordinates; no ICP fitted
fast_livo2_lio,fast_livo2_lio,fast_livo2_lio_run3,END_04,ROW_END,1767659951.3542228,837,0.0629727840423584,845,-0.032325029373168945,1949,1879,0.11492357367352528,0.4629788901521298,36.08622737759399,0.8249738766980146,0.9566353187042842,raw frontend map coordinates; no ICP fitted
fast_livo2_lio,fast_livo2_lio,fast_livo2_lio_run3,HEADLAND_01,HEADLAND,1767659549.8542228,54,0.266740083694458,54,0.26949572563171387,2718,2726,0.016229970750777686,0.08378234811432521,0.28930004217741034,0.9994489346069066,1.0,raw frontend map coordinates; no ICP fitted
fast_livo2_lio,fast_livo2_lio,fast_livo2_lio_run3,HEADLAND_02,HEADLAND,1767659586.3542228,115,0.0913693904876709,115,0.06938433647155762,2673,2666,0.003469434447551627,0.009156889133288153,0.28937901716875697,0.9996253980146095,1.0,raw frontend map coordinates; no ICP fitted
fast_livo2_lio,fast_livo2_lio,fast_livo2_lio_run3,HEADLAND_03,HEADLAND,1767659730.3542228,398,0.09006762504577637,399,-0.03131532669067383,2695,2703,0.10890293728301104,0.44155042600240824,5.347974208655031,0.862726935902186,0.9596146721007781,raw frontend map coordinates; no ICP fitted
fast_livo2_lio,fast_livo2_lio,fast_livo2_lio_run3,HEADLAND_04,HEADLAND,1767659981.8542228,906,0.06266355514526367,916,0.06747627258300781,1643,1622,0.01433644435825201,0.1059508348333815,0.2753098509979018,0.9996937212863706,1.0,raw frontend map coordinates; no ICP fitted
fast_livo2_lio,fast_livo2_lio_run2,fast_livo2_lio_run3,ENTRY_01,ROW_ENTRY,1767659518.1242228,2,-0.0800161361694336,2,-0.00030922889709472656,5420,4888,0.12350779253843774,0.5174280272974292,4.050799676202104,0.8085952658129608,0.9459642995731471,raw frontend map coordinates; no ICP fitted
fast_livo2_lio,fast_livo2_lio_run2,fast_livo2_lio_run3,ENTRY_02,ROW_ENTRY,1767659671.3542228,296,-0.035150766372680664,296,-0.030182838439941406,1785,1782,0.0091770792684189,0.06921739435001767,0.26918834650201673,0.999439304737875,1.0,raw frontend map coordinates; no ICP fitted
fast_livo2_lio,fast_livo2_lio_run2,fast_livo2_lio_run3,ENTRY_03,ROW_ENTRY,1767659816.3542228,551,0.16450762748718262,553,0.16827154159545898,2096,2109,0.007818781838014268,0.0678096888613713,0.26950639276462635,0.9995243757431629,1.0,raw frontend map coordinates; no ICP fitted
fast_livo2_lio,fast_livo2_lio_run2,fast_livo2_lio_run3,ENTRY_04,ROW_ENTRY,1767659986.3542228,928,-0.13597941398620605,930,-0.13254332542419434,1913,1918,0.0099590241705553,0.07866659483345559,0.2282352557736915,1.0,1.0,raw frontend map coordinates; no ICP fitted
fast_livo2_lio,fast_livo2_lio_run2,fast_livo2_lio_run3,MIDDLE_01,ROW_MIDDLE,1767659531.3542228,22,-0.18501806259155273,22,-0.23038649559020996,4632,4626,0.0049566247387651564,0.00956991094927355,0.27879527174980634,0.9997839706200043,1.0,raw frontend map coordinates; no ICP fitted
fast_livo2_lio,fast_livo2_lio_run2,fast_livo2_lio_run3,MIDDLE_02,ROW_MIDDLE,1767659601.3542228,146,0.08992648124694824,146,-0.030719518661499023,1666,1547,0.11344244143987962,0.6129173095395706,5.296033092749626,0.8381574852163087,0.937130407718643,raw frontend map coordinates; no ICP fitted
fast_livo2_lio,fast_livo2_lio_run2,fast_livo2_lio_run3,MIDDLE_03,ROW_MIDDLE,1767659756.3542228,425,0.26535916328430176,425,0.2685673236846924,1842,1829,0.010345310438811888,0.08819944027642254,0.3154350443158109,0.9997275946608554,1.0,raw frontend map coordinates; no ICP fitted
fast_livo2_lio,fast_livo2_lio_run2,fast_livo2_lio_run3,MIDDLE_04,ROW_MIDDLE,1767659941.3542228,825,0.2641725540161133,826,-0.23233604431152344,2205,1948,0.19280986222751867,1.0506306488802954,3.2875492837192413,0.5976402600529738,0.8174813387912353,raw frontend map coordinates; no ICP fitted
fast_livo2_lio,fast_livo2_lio_run2,fast_livo2_lio_run3,END_01,ROW_END,1767659546.3542228,46,-0.0850532054901123,46,-0.13043570518493652,3711,3727,0.00858597469881993,0.08010384763101012,0.24579228075949927,1.0,1.0,raw frontend map coordinates; no ICP fitted
fast_livo2_lio,fast_livo2_lio_run2,fast_livo2_lio_run3,END_02,ROW_END,1767659614.3542228,169,0.26488661766052246,169,0.2692584991455078,2641,2633,0.010496698382363766,0.08078632664645964,0.35688788560335777,0.9998103905953736,1.0,raw frontend map coordinates; no ICP fitted
fast_livo2_lio,fast_livo2_lio_run2,fast_livo2_lio_run3,END_03,ROW_END,1767659774.3542228,457,0.2646033763885498,458,0.1434798240661621,1301,1286,0.11073763062412048,0.4780764377153513,51.989167395031515,0.8612292230382682,0.9536142249710089,raw frontend map coordinates; no ICP fitted
fast_livo2_lio,fast_livo2_lio_run2,fast_livo2_lio_run3,END_04,ROW_END,1767659951.3542228,843,-0.03586220741271973,845,-0.032325029373168945,1840,1879,0.019699361210008818,0.11174203263079431,0.27737416631059303,0.9991933315407368,1.0,raw frontend map coordinates; no ICP fitted
fast_livo2_lio,fast_livo2_lio_run2,fast_livo2_lio_run3,HEADLAND_01,HEADLAND,1767659549.8542228,54,0.29020071029663086,54,0.26949572563171387,2720,2726,0.009994015090500425,0.029190251973318163,0.25542851871303224,0.9998163789937569,1.0,raw frontend map coordinates; no ICP fitted
fast_livo2_lio,fast_livo2_lio_run2,fast_livo2_lio_run3,HEADLAND_02,HEADLAND,1767659586.3542228,115,0.06497454643249512,115,0.06938433647155762,2673,2666,0.00324294925908139,0.008944901428850531,0.2892193130095459,0.9996253980146095,1.0,raw frontend map coordinates; no ICP fitted
fast_livo2_lio,fast_livo2_lio_run2,fast_livo2_lio_run3,HEADLAND_03,HEADLAND,1767659730.3542228,399,-0.035299062728881836,399,-0.03131532669067383,2698,2703,0.007008980604786466,0.016952312195589746,0.2973743415166526,0.9998148491020181,1.0,raw frontend map coordinates; no ICP fitted
fast_livo2_lio,fast_livo2_lio_run2,fast_livo2_lio_run3,HEADLAND_04,HEADLAND,1767659981.8542228,914,0.08901309967041016,916,0.06747627258300781,1634,1622,0.012177054401951553,0.09392691253781092,0.27449113473244774,0.9996928746928747,1.0,raw frontend map coordinates; no ICP fitted
