scene_id,scene_type,row_id,keyframe,frames,global_backend_success,global_failure_code,final_strict_success,final_nominal_success,final_loose_success,final_xy_error_m,final_translation_3d_error_m,final_yaw_error_deg,coarse_available,coarse_pose,global_final_pose,coarse_xy_error_m,coarse_translation_3d_error_m,coarse_yaw_error_deg,bbs_score,bbs_elapsed_ms,descriptor_ring_distance,descriptor_similarity,candidate_patch,candidate_keyframe,candidate_row_id,candidate_attempted_count,candidate_valid_count,ambiguity_valid,ambiguity_margin,ambiguity_second_bbs_score,score_margin_normalized,full_descriptor_topk_scores_available,wrong_row_candidate,coarse_seed_gicp_ran,coarse_seed_gicp_backend_success,coarse_seed_gicp_failure_code,coarse_seed_gicp_nominal_success,coarse_seed_gicp_xy_error_m,coarse_seed_gicp_yaw_error_deg,global_wall_ms,backend,query_trajectory_group,candidate_trajectory_group,candidate_nearest_scene_id,candidate_nearest_scene_delta_s,candidate_elapsed_s,cross_trajectory_group_candidate
ENTRY_01,row_entry,,2,1,True,,True,True,True,0.041070826561172766,0.04121001599710126,1.2195883209317373,True,"{""qw"": 0.965456, ""qx"": -0.0230932, ""qy"": 0.257144, ""qz"": 0.0351929, ""x"": 0, ""y"": 0, ""z"": 0}","{""qw"": 0.962234, ""qx"": -0.000713248, ""qy"": 0.2652, ""qz"": 0.0614415, ""x"": 0.445478, ""y"": 0.154826, ""z"": 0.0166753}",0.5040033182389716,0.5041785386784535,2.9504268678563235,0.996771,115.666,0.948554,0.894346,8.pcd,8,,,,,,,,False,,True,True,,True,0.04744403197908968,1.0427607194862856,325.4469910025364,point_lio,trajectory_pass_00,trajectory_pass_00,ENTRY_01,3.9781973361968994,15.748197317123413,False
ENTRY_01,row_entry,,2,3,True,,True,True,True,0.011557607217226562,0.017839924926334384,0.7207049114377694,True,"{""qw"": 0.965456, ""qx"": -0.0230932, ""qy"": 0.257144, ""qz"": 0.0351929, ""x"": 0, ""y"": 0, ""z"": 0}","{""qw"": 0.961718, ""qx"": -0.00332103, ""qy"": 0.267782, ""qz"": 0.0581451, ""x"": 0.476287, ""y"": 0.131975, ""z"": 0.026881}",0.5040033182389716,0.5041785386784535,2.9504268678563235,0.996837,60.5136,1.25474,0.889205,8.pcd,8,,,,,,,,False,,True,True,,True,0.02078062274830425,0.0006829672128174187,228.05566399983945,point_lio,trajectory_pass_00,trajectory_pass_00,ENTRY_01,3.9781973361968994,15.748197317123413,False
ENTRY_01,row_entry,,2,5,True,,True,True,True,0.01111729186548703,0.016902130819486428,0.44667640904312617,True,"{""qw"": 0.965456, ""qx"": -0.0230932, ""qy"": 0.257144, ""qz"": 0.0351929, ""x"": 0, ""y"": 0, ""z"": 0}","{""qw"": 0.962399, ""qx"": -0.00290846, ""qy"": 0.265788, ""qz"": 0.0560068, ""x"": 0.473655, ""y"": 0.136511, ""z"": 0.0260225}",0.5040033182389716,0.5041785386784535,2.9504268678563235,0.996933,72.181,1.40831,0.890302,8.pcd,8,,,,,,,,False,,True,True,,True,0.0165812407860316,0.19304550560206407,240.12008700083243,point_lio,trajectory_pass_00,trajectory_pass_00,ENTRY_01,3.9781973361968994,15.748197317123413,False
ENTRY_02,row_entry,,296,1,False,NO_CONVERGENCE,False,False,False,,,,False,,,,,,,,,,,,,,,,,,,False,,False,,,,,,175.08318899854203,point_lio,trajectory_pass_04,UNKNOWN,,,,False
ENTRY_02,row_entry,,296,3,False,NO_CONVERGENCE,False,False,False,,,,False,,,,,,,,,,,,,,,,,,,False,,False,,,,,,234.62018799909856,point_lio,trajectory_pass_04,UNKNOWN,,,,False
ENTRY_02,row_entry,,296,5,False,NO_CONVERGENCE,False,False,False,,,,False,,,,,,,,,,,,,,,,,,,False,,False,,,,,,266.5344209999603,point_lio,trajectory_pass_04,UNKNOWN,,,,False
ENTRY_03,row_entry,,553,1,False,NO_CONVERGENCE,False,False,False,,,,False,,,,,,,,,,,,,,,,,,,False,,False,,,,,,235.0813709999784,point_lio,trajectory_pass_08,UNKNOWN,,,,False
ENTRY_03,row_entry,,553,3,False,NO_CONVERGENCE,False,False,False,,,,False,,,,,,,,,,,,,,,,,,,False,,False,,,,,,307.53356000059284,point_lio,trajectory_pass_08,UNKNOWN,,,,False
ENTRY_03,row_entry,,553,5,False,NO_CONVERGENCE,False,False,False,,,,False,,,,,,,,,,,,,,,,,,,False,,False,,,,,,421.6184799988696,point_lio,trajectory_pass_08,UNKNOWN,,,,False
ENTRY_04,row_entry,,929,1,False,NO_CONVERGENCE,False,False,False,,,,False,,,,,,,,,,,,,,,,,,,False,,False,,,,,,493.37922699851333,point_lio,trajectory_pass_14,UNKNOWN,,,,False
ENTRY_04,row_entry,,929,3,False,NO_CONVERGENCE,False,False,False,,,,False,,,,,,,,,,,,,,,,,,,False,,False,,,,,,665.0273040031607,point_lio,trajectory_pass_14,UNKNOWN,,,,False
ENTRY_04,row_entry,,929,5,False,NO_CONVERGENCE,False,False,False,,,,False,,,,,,,,,,,,,,,,,,,False,,False,,,,,,409.6088160004001,point_lio,trajectory_pass_14,UNKNOWN,,,,False
MIDDLE_01,row_middle,,23,1,True,FALSE_RELOCALIZATION,False,False,False,15.936680248002466,15.946124414521291,1.225988597163695,True,"{""qw"": 0.961911, ""qx"": 0.00393124, ""qy"": 0.267197, ""qz"": 0.0576, ""x"": 16, ""y"": -11, ""z"": 0.5}","{""qw"": 0.976178, ""qx"": -0.0271509, ""qy"": 0.212491, ""qz"": 0.034452, ""x"": 16.7844, ""y"": -10.3675, ""z"": 0.82228}",16.265378466784416,16.26695475667587,5.273267700221591,0.969772,167.424,0.928799,0.944151,17.pcd,17,,,,,,,,False,,True,False,NO_CONVERGENCE,False,15.914804117492487,3.0290832131507623,327.4104999982228,point_lio,trajectory_pass_00,trajectory_pass_00,MIDDLE_01,-3.554037570953369,21.44596242904663,False
MIDDLE_01,row_middle,,23,3,True,FALSE_RELOCALIZATION,False,False,False,14.475630209500213,14.476333278354272,0.5150067970232759,True,"{""qw"": 0.963424, ""qx"": -0.0090714, ""qy"": 0.267157, ""qz"": 0.0189521, ""x"": 15.5, ""y"": -9.5, ""z"": 0.5}","{""qw"": 0.978554, ""qx"": -0.0400208, ""qy"": 0.200784, ""qz"": 0.0227403, ""x"": 16.2447, ""y"": -9.00978, ""z"": 0.41622}",14.684260420419687,14.68600641708663,0.1708923321067523,0.966639,317.372,1.19688,0.94521,5.pcd,5,,,,,,,,False,,True,False,NO_CONVERGENCE,False,14.301224507995771,4.678592848957886,485.7610830003978,point_lio,trajectory_pass_00,trajectory_pass_00,ENTRY_01,2.0780539512634277,13.848053932189941,False
MIDDLE_01,row_middle,,23,5,True,FALSE_RELOCALIZATION,False,False,False,14.429419428346547,14.430040731648516,0.025075218534524643,True,"{""qw"": 0.963424, ""qx"": -0.0090714, ""qy"": 0.267157, ""qz"": 0.0189521, ""x"": 15.5, ""y"": -10, ""z"": 0.5}","{""qw"": 0.977995, ""qx"": -0.0384932, ""qy"": 0.203327, ""qz"": 0.0265104, ""x"": 16.2531, ""y"": -8.95676, ""z"": 0.407453}",15.16024643522704,15.161937619078232,0.1708923321067523,0.964446,423.37,1.37758,0.940445,5.pcd,5,,,,,,,,False,,True,False,NO_CONVERGENCE,False,14.512181643195467,6.338051469166158,600.0036670011468,point_lio,trajectory_pass_00,trajectory_pass_00,ENTRY_01,2.0780539512634277,13.848053932189941,False
MIDDLE_02,row_middle,,147,1,False,NO_CONVERGENCE,False,False,False,,,,False,,,,,,,,,,,,,,,,,,,False,,False,,,,,,198.51918899803422,point_lio,trajectory_pass_02,UNKNOWN,,,,False
MIDDLE_02,row_middle,,147,3,False,NO_CONVERGENCE,False,False,False,,,,False,,,,,,,,,,,,,,,,,,,False,,False,,,,,,263.42722099798266,point_lio,trajectory_pass_02,UNKNOWN,,,,False
MIDDLE_02,row_middle,,147,5,False,NO_CONVERGENCE,False,False,False,,,,False,,,,,,,,,,,,,,,,,,,False,,False,,,,,,405.9653709991835,point_lio,trajectory_pass_02,UNKNOWN,,,,False
MIDDLE_03,row_middle,,426,1,False,NO_CONVERGENCE,False,False,False,,,,False,,,,,,,,,,,,,,,,,,,False,,False,,,,,,195.4490470016026,point_lio,trajectory_pass_06,UNKNOWN,,,,False
MIDDLE_03,row_middle,,426,3,True,FALSE_RELOCALIZATION,False,False,False,9.643256393640371,9.643805288632274,0.8283007728283271,True,"{""qw"": 0.967588, ""qx"": 0.037701, ""qy"": 0.175589, ""qz"": 0.177538, ""x"": 7.5, ""y"": 0.5, ""z"": 0}","{""qw"": 0.95602, ""qx"": -0.0474807, ""qy"": 0.244163, ""qz"": 0.155419, ""x"": 7.14373, ""y"": 0.132394, ""z"": 0.110069}",9.845517573309605,9.847820483552328,3.131958695024029,0.999428,73.333,0.252666,0.894531,413.pcd,413,,,,,,,,False,,True,True,WRONG_BASIN,False,9.537495151338485,5.671164331451195,226.9731119995413,point_lio,trajectory_pass_06,headland_turn_02,HEADLAND_03,3.547546148300171,227.54754614830017,True
MIDDLE_03,row_middle,,426,5,False,NO_CONVERGENCE,False,False,False,,,,False,,,,,,,,,,,,,,,,,,,False,,False,,,,,,609.809038000094,point_lio,trajectory_pass_06,UNKNOWN,,,,False
MIDDLE_04,row_middle,,828,1,False,NO_CONVERGENCE,False,False,False,,,,False,,,,,,,,,,,,,,,,,,,False,,False,,,,,,197.14086999738356,point_lio,trajectory_pass_12,UNKNOWN,,,,False
MIDDLE_04,row_middle,,828,3,False,NO_CONVERGENCE,False,False,False,,,,False,,,,,,,,,,,,,,,,,,,False,,False,,,,,,479.00981300335843,point_lio,trajectory_pass_12,UNKNOWN,,,,False
MIDDLE_04,row_middle,,828,5,False,NO_CONVERGENCE,False,False,False,,,,False,,,,,,,,,,,,,,,,,,,False,,False,,,,,,496.3090519995603,point_lio,trajectory_pass_12,UNKNOWN,,,,False
END_01,row_end,,47,1,True,FALSE_RELOCALIZATION,False,False,False,9.184129333098658,9.184302346903813,155.70806441881214,True,"{""qw"": -0.305394, ""qx"": -0.288041, ""qy"": -0.088743, ""qz"": 0.903267, ""x"": 22, ""y"": 0, ""z"": 0}","{""qw"": -0.289366, ""qx"": -0.249295, ""qy"": -0.0667804, ""qz"": 0.92177, ""x"": 22.1262, ""y"": -0.0399373, ""z"": 0.496399}",9.152897311537036,9.169573972428362,153.2318607626693,0.96979,68.4465,0.684052,0.920336,183.pcd,183,,,,,,,,False,,True,True,WRONG_BASIN,False,9.046454268531068,155.9088704286669,227.60578299858025,point_lio,trajectory_pass_00,trajectory_pass_02,END_02,4.548025131225586,112.54802513122559,True
END_01,row_end,,47,3,False,NO_CONVERGENCE,False,False,False,,,,False,,,,,,,,,,,,,,,,,,,False,,False,,,,,,292.4083830002928,point_lio,trajectory_pass_00,UNKNOWN,,,,False
END_01,row_end,,47,5,False,NO_CONVERGENCE,False,False,False,,,,False,,,,,,,,,,,,,,,,,,,False,,False,,,,,,688.1216719993972,point_lio,trajectory_pass_00,UNKNOWN,,,,False
END_02,row_end,,169,1,True,FALSE_RELOCALIZATION,False,False,False,5.036245611492141,5.036245912995208,13.135522439271181,True,"{""qw"": 0.968125, ""qx"": 0.0292028, ""qy"": 0.233416, ""qz"": -0.0860134, ""x"": 24, ""y"": 0, ""z"": 0}","{""qw"": 0.984722, ""qx"": -0.00182521, ""qy"": 0.156944, ""qz"": -0.0754137, ""x"": 24.4897, ""y"": 0.0357003, ""z"": 0.572002}",5.060480870003301,5.092901881854268,14.015646528976333,0.980132,42.9775,0.556411,0.912266,29.pcd,29,,,,,,,,False,,True,True,WRONG_BASIN,False,5.036079726825178,10.262456635040605,200.68786599949817,point_lio,trajectory_pass_02,trajectory_pass_00,MIDDLE_01,3.8463494777679443,28.846349477767944,True
END_02,row_end,,169,3,True,FALSE_RELOCALIZATION,False,False,False,4.805157558296647,4.805371378971391,0.5567387604911692,True,"{""qw"": 0.955324, ""qx"": 0.0195466, ""qy"": 0.293779, ""qz"": -0.0258573, ""x"": 24.5, ""y"": 0, ""z"": 0.5}","{""qw"": 0.982673, ""qx"": -0.0314173, ""qy"": 0.177168, ""qz"": 0.0444837, ""x"": 25.8548, ""y"": 0.575033, ""z"": 0.619076}",5.072600552356686,5.0731365682022345,6.745029500027676,0.927831,97.5035,0.61623,0.94354,44.pcd,44,,,,,,,,False,,True,False,NO_CONVERGENCE,False,4.784559784077381,0.6856792472288488,255.57335700068506,point_lio,trajectory_pass_02,trajectory_pass_00,END_01,-1.851874589920044,38.148125410079956,True
END_02,row_end,,169,5,False,NO_CONVERGENCE,False,False,False,,,,False,,,,,,,,,,,,,,,,,,,False,,False,,,,,,294.4285579978896,point_lio,trajectory_pass_02,UNKNOWN,,,,False
END_03,row_end,,460,1,False,NO_CONVERGENCE,False,False,False,,,,False,,,,,,,,,,,,,,,,,,,False,,False,,,,,,196.57761200141977,point_lio,trajectory_pass_06,UNKNOWN,,,,False
END_03,row_end,,460,3,False,NO_CONVERGENCE,False,False,False,,,,False,,,,,,,,,,,,,,,,,,,False,,False,,,,,,278.39754999877186,point_lio,trajectory_pass_06,UNKNOWN,,,,False
END_03,row_end,,460,5,False,NO_CONVERGENCE,False,False,False,,,,False,,,,,,,,,,,,,,,,,,,False,,False,,,,,,280.0424060005753,point_lio,trajectory_pass_06,UNKNOWN,,,,False
END_04,row_end,,847,1,False,NO_CONVERGENCE,False,False,False,,,,False,,,,,,,,,,,,,,,,,,,False,,False,,,,,,304.92245400091633,point_lio,trajectory_pass_12,UNKNOWN,,,,False
END_04,row_end,,847,3,False,NO_CONVERGENCE,False,False,False,,,,False,,,,,,,,,,,,,,,,,,,False,,False,,,,,,341.9895059996634,point_lio,trajectory_pass_12,UNKNOWN,,,,False
END_04,row_end,,847,5,False,NO_CONVERGENCE,False,False,False,,,,False,,,,,,,,,,,,,,,,,,,False,,False,,,,,,517.94588499979,point_lio,trajectory_pass_12,UNKNOWN,,,,False
HEADLAND_01,headland,,55,1,True,FALSE_RELOCALIZATION,False,False,False,26.375292997611925,26.38114719452564,104.61763014317816,True,"{""qw"": 0.872821, ""qx"": -0.144718, ""qy"": 0.260287, ""qz"": 0.386639, ""x"": 3.5, ""y"": -6.5, ""z"": -0.5}","{""qw"": 0.882818, ""qx"": -0.0974766, ""qy"": 0.244702, ""qz"": 0.388911, ""x"": 3.64177, ""y"": -6.07024, ""z"": -0.0137273}",26.738766572499387,26.759062532417968,103.41187376560158,0.991416,74.3178,0.512976,0.881357,1090.pcd,1090,,,,,,,,False,,True,False,NO_CONVERGENCE,False,26.828659356944733,106.77169852220634,231.76017600053456,point_lio,headland_turn_00,trajectory_pass_14,ENTRY_04,88.74774217605591,568.7477421760559,True
HEADLAND_01,headland,,55,3,False,NO_CONVERGENCE,False,False,False,,,,False,,,,,,,,,,,,,,,,,,,False,,False,,,,,,798.7837260006927,point_lio,headland_turn_00,UNKNOWN,,,,False
HEADLAND_01,headland,,55,5,True,FALSE_RELOCALIZATION,False,False,False,4.950124147344875,4.950149415893256,0.7795293318025863,True,"{""qw"": 0.8297, ""qx"": 0.179457, ""qy"": 0.292134, ""qz"": -0.440512, ""x"": 26, ""y"": 3.5, ""z"": 0.5}","{""qw"": 0.844966, ""qx"": 0.161177, ""qy"": 0.216646, ""qz"": -0.461649, ""x"": 26.0586, ""y"": 4.12726, ""z"": 0.557829}",5.562476357388907,5.5626350110706655,1.9075573214384318,0.962943,200.19,0.595177,0.826216,1179.pcd,1179,,,,,,,,False,,True,False,NO_CONVERGENCE,False,4.698779822745352,1.9929145796966354,951.664776999678,point_lio,headland_turn_00,trajectory_pass_14,ENTRY_04,142.54743361473083,622.5474336147308,True
HEADLAND_02,headland,,115,1,False,NO_CONVERGENCE,False,False,False,,,,False,,,,,,,,,,,,,,,,,,,False,,False,,,,,,254.34740799755673,point_lio,headland_turn_01,UNKNOWN,,,,False
HEADLAND_02,headland,,115,3,False,NO_CONVERGENCE,False,False,False,,,,False,,,,,,,,,,,,,,,,,,,False,,False,,,,,,343.55272900211276,point_lio,headland_turn_01,UNKNOWN,,,,False
HEADLAND_02,headland,,115,5,True,FALSE_RELOCALIZATION,False,False,False,10.170828433954934,10.17415373262854,87.45874379363569,True,"{""qw"": 0.919487, ""qx"": 0.1036, ""qy"": 0.315543, ""qz"": -0.210342, ""x"": 11, ""y"": -2, ""z"": 0}","{""qw"": 0.922197, ""qx"": 0.0911418, ""qy"": 0.294419, ""qz"": -0.233588, ""x"": 11.0725, ""y"": -2.217, ""z"": 0.180923}",10.115516284439394,10.115826167088265,90.90212455608875,0.974477,214.165,0.408699,0.889478,16.pcd,16,,,,,,,,False,,True,False,NO_CONVERGENCE,False,9.525586713416265,83.63773408741251,385.37261100282194,point_lio,headland_turn_01,trajectory_pass_00,MIDDLE_01,-4.151981353759766,20.848018646240234,True
HEADLAND_03,headland,,400,1,False,NO_CONVERGENCE,False,False,False,,,,False,,,,,,,,,,,,,,,,,,,False,,False,,,,,,222.73653199954424,point_lio,headland_turn_02,UNKNOWN,,,,False
HEADLAND_03,headland,,400,3,False,NO_CONVERGENCE,False,False,False,,,,False,,,,,,,,,,,,,,,,,,,False,,False,,,,,,406.26176899968414,point_lio,headland_turn_02,UNKNOWN,,,,False
HEADLAND_03,headland,,400,5,False,NO_CONVERGENCE,False,False,False,,,,False,,,,,,,,,,,,,,,,,,,False,,False,,,,,,495.4095899993263,point_lio,headland_turn_02,UNKNOWN,,,,False
HEADLAND_04,headland,,917,1,False,NO_CONVERGENCE,False,False,False,,,,False,,,,,,,,,,,,,,,,,,,False,,False,,,,,,257.972116000019,point_lio,headland_turn_03,UNKNOWN,,,,False
HEADLAND_04,headland,,917,3,False,NO_CONVERGENCE,False,False,False,,,,False,,,,,,,,,,,,,,,,,,,False,,False,,,,,,247.37902500055498,point_lio,headland_turn_03,UNKNOWN,,,,False
HEADLAND_04,headland,,917,5,False,NO_CONVERGENCE,False,False,False,,,,False,,,,,,,,,,,,,,,,,,,False,,False,,,,,,324.5921010020538,point_lio,headland_turn_03,UNKNOWN,,,,False
ENTRY_01,row_entry,,2,1,True,FALSE_RELOCALIZATION,False,False,False,14.421317111902884,14.421733078862097,0.16832220091257116,True,"{""qw"": 0.964221, ""qx"": -0.00915597, ""qy"": 0.264739, ""qz"": 0.0103559, ""x"": 6, ""y"": -13.5, ""z"": 0}","{""qw"": 0.964046, ""qx"": -0.00233351, ""qy"": 0.261023, ""qz"": 0.0497582, ""x"": 5.90573, ""y"": -13.2191, ""z"": 0.122554}",14.71705903990304,14.71706479898119,5.1178542795714295,0.982465,141.39,0.951727,0.924565,5.pcd,5,,,,,,,,False,,True,True,WRONG_BASIN,False,14.37353765259616,0.15265779000908353,290.6457130011404,fast_livo2_lio,trajectory_pass_00,trajectory_pass_00,ENTRY_01,2.0720362663269043,13.842036247253418,False
ENTRY_01,row_entry,,2,3,True,FALSE_RELOCALIZATION,False,False,False,9.621915030626619,9.622172205928159,0.043129875386915165,True,"{""qw"": 0.964221, ""qx"": -0.00915597, ""qy"": 0.264739, ""qz"": 0.0103559, ""x"": 4, ""y"": -9, ""z"": 0}","{""qw"": 0.963899, ""qx"": -0.00162829, ""qy"": 0.261798, ""qz"": 0.048559, ""x"": 4.08275, ""y"": -8.77933, ""z"": 0.0833696}",9.79687106131875,9.796879712720996,5.1178542795714295,0.973835,264.772,1.0871,0.921217,5.pcd,5,,,,,,,,False,,True,True,WRONG_BASIN,False,9.645475997731243,0.04143456475708345,426.0847229998035,fast_livo2_lio,trajectory_pass_00,trajectory_pass_00,ENTRY_01,2.0720362663269043,13.842036247253418,False
ENTRY_01,row_entry,,2,5,True,FALSE_RELOCALIZATION,False,False,False,9.627071903308474,9.627345104032049,0.06716772209691707,True,"{""qw"": 0.964221, ""qx"": -0.00915597, ""qy"": 0.264739, ""qz"": 0.0103559, ""x"": 4, ""y"": -9, ""z"": 0}","{""qw"": 0.963844, ""qx"": -0.0017354, ""qy"": 0.261962, ""qz"": 0.0487682, ""x"": 4.08684, ""y"": -8.78324, ""z"": 0.0855478}",9.79687106131875,9.796879712720996,5.1178542795714295,0.970415,321.927,1.27056,0.910874,5.pcd,5,,,,,,,,False,,True,True,WRONG_BASIN,False,9.638880408797196,0.10608786071692602,489.934290999372,fast_livo2_lio,trajectory_pass_00,trajectory_pass_00,ENTRY_01,2.0720362663269043,13.842036247253418,False
ENTRY_02,row_entry,,294,1,False,NO_CONVERGENCE,False,False,False,,,,False,,,,,,,,,,,,,,,,,,,False,,False,,,,,,203.54927900189068,fast_livo2_lio,trajectory_pass_04,UNKNOWN,,,,False
ENTRY_02,row_entry,,294,3,False,NO_CONVERGENCE,False,False,False,,,,False,,,,,,,,,,,,,,,,,,,False,,False,,,,,,339.66522000264376,fast_livo2_lio,trajectory_pass_04,UNKNOWN,,,,False
ENTRY_02,row_entry,,294,5,True,,True,True,True,0.0032909055221890257,0.004315934826585786,0.489581559042504,True,"{""qw"": 0.950666, ""qx"": -0.0899439, ""qy"": 0.248509, ""qz"": 0.162444, ""x"": 7, ""y"": -6, ""z"": 0}","{""qw"": 0.95567, ""qx"": -0.0318681, ""qy"": 0.250061, ""qz"": 0.15215, ""x"": 7.54217, ""y"": -5.84683, ""z"": 0.198818}",0.5664156393924227,0.599376952260149,1.0604846724481627,0.997328,115.933,0.384597,0.917411,805.pcd,805,,,,,,,,False,,True,True,,True,0.017813524013944513,0.2681118602711294,311.1912900021707,fast_livo2_lio,trajectory_pass_04,trajectory_pass_12,MIDDLE_04,-7.211927652359009,427.788072347641,True
ENTRY_03,row_entry,,549,1,False,NO_CONVERGENCE,False,False,False,,,,False,,,,,,,,,,,,,,,,,,,False,,False,,,,,,259.86189000104787,fast_livo2_lio,trajectory_pass_08,UNKNOWN,,,,False
ENTRY_03,row_entry,,549,3,False,NO_CONVERGENCE,False,False,False,,,,False,,,,,,,,,,,,,,,,,,,False,,False,,,,,,313.6333860020386,fast_livo2_lio,trajectory_pass_08,UNKNOWN,,,,False
ENTRY_03,row_entry,,549,5,True,FALSE_RELOCALIZATION,False,False,False,4.749671341457222,4.7497240571751655,0.5958376691127181,True,"{""qw"": 0.950949, ""qx"": -0.0738354, ""qy"": 0.22086, ""qz"": 0.20363, ""x"": 12, ""y"": -17.5, ""z"": -0.5}","{""qw"": 0.947955, ""qx"": -0.0629319, ""qy"": 0.243426, ""qz"": 0.195358, ""x"": 11.9277, ""y"": -17.2759, ""z"": -0.0293812}",4.9843260579720035,5.008647715020539,0.07148179237163163,0.999686,130.859,0.557247,0.915205,811.pcd,811,,,,,,,,False,,True,True,WRONG_BASIN,False,4.829509989676926,1.9501253564236356,282.13180400052806,fast_livo2_lio,trajectory_pass_08,trajectory_pass_12,MIDDLE_04,-4.136914253234863,430.86308574676514,True
ENTRY_04,row_entry,,920,1,False,NO_CONVERGENCE,False,False,False,,,,False,,,,,,,,,,,,,,,,,,,False,,False,,,,,,845.0602720004099,fast_livo2_lio,trajectory_pass_14,UNKNOWN,,,,False
ENTRY_04,row_entry,,920,3,False,NO_CONVERGENCE,False,False,False,,,,False,,,,,,,,,,,,,,,,,,,False,,False,,,,,,515.9744499978842,fast_livo2_lio,trajectory_pass_14,UNKNOWN,,,,False
ENTRY_04,row_entry,,920,5,True,FALSE_RELOCALIZATION,False,False,False,16.13623338487607,16.136236977650533,148.95326167728052,True,"{""qw"": -0.481049, ""qx"": -0.216283, ""qy"": -0.129876, ""qz"": 0.839611, ""x"": 18, ""y"": -9, ""z"": -0.5}","{""qw"": -0.455802, ""qx"": -0.224261, ""qy"": -0.186664, ""qz"": 0.840897, ""x"": 17.8551, ""y"": -9.28035, ""z"": 0.00362103}",16.449672995082544,16.457713620616296,144.1803298192136,0.978003,311.883,0.359129,0.870614,773.pcd,773,,,,,,,,False,,True,False,NO_CONVERGENCE,False,14.556814354436257,165.49483425472525,467.3791210007039,fast_livo2_lio,trajectory_pass_14,trajectory_pass_12,MIDDLE_04,-20.211705446243286,414.7882945537567,True
MIDDLE_01,row_middle,,22,1,False,NO_CONVERGENCE,False,False,False,,,,False,,,,,,,,,,,,,,,,,,,False,,False,,,,,,667.534545998933,fast_livo2_lio,trajectory_pass_00,UNKNOWN,,,,False
MIDDLE_01,row_middle,,22,3,True,FALSE_RELOCALIZATION,False,False,False,4.746384894707261,4.746417937705708,1.1762033087347574,True,"{""qw"": 0.966053, ""qx"": 0.0677811, ""qy"": 0.248135, ""qz"": 0.0240082, ""x"": 11.5, ""y"": 0, ""z"": 0}","{""qw"": 0.982416, ""qx"": -0.0518883, ""qy"": 0.174788, ""qz"": 0.0402028, ""x"": 12.3306, ""y"": -0.047864, ""z"": 0.327644}",4.470240199129809,4.480971552833963,0.3240257101465135,0.873892,274.577,1.0159,0.946683,25.pcd,25,,,,,,,,False,,True,True,WRONG_BASIN,False,4.678621032220161,2.3446697235813274,436.4171189990884,fast_livo2_lio,trajectory_pass_00,trajectory_pass_00,MIDDLE_01,1.791860580444336,26.791860580444336,False
MIDDLE_01,row_middle,,22,5,True,FALSE_RELOCALIZATION,False,False,False,4.7154717508737285,4.715485077296506,0.8067003563858264,True,"{""qw"": 0.966053, ""qx"": 0.0677811, ""qy"": 0.248135, ""qz"": 0.0240082, ""x"": 11.5, ""y"": 0, ""z"": 0}","{""qw"": 0.982082, ""qx"": -0.0526883, ""qy"": 0.175647, ""qz"": 0.0434497, ""x"": 12.3565, ""y"": -0.00470506, ""z"": 0.321144}",4.470240199129809,4.480971552833963,0.3240257101465135,0.867754,357.095,1.11761,0.956275,25.pcd,25,,,,,,,,False,,True,True,WRONG_BASIN,False,4.689446157253454,1.8508178217216982,535.4223190006451,fast_livo2_lio,trajectory_pass_00,trajectory_pass_00,MIDDLE_01,1.791860580444336,26.791860580444336,False
MIDDLE_02,row_middle,,146,1,True,FALSE_RELOCALIZATION,False,False,False,4.103024869717226,4.104367450695191,0.8296324635425799,True,"{""qw"": 0.953084, ""qx"": -0.0517955, ""qy"": 0.272655, ""qz"": 0.120863, ""x"": 9.5, ""y"": -1, ""z"": 0}","{""qw"": 0.947409, ""qx"": -0.03044, ""qy"": 0.281941, ""qz"": 0.148318, ""x"": 9.13579, ""y"": -0.916754, ""z"": 0.167367}",3.8030692682520204,3.812807929477396,5.333889337266151,1.0,46.7155,0.266492,0.87367,405.pcd,405,,,,,,,,False,,True,True,WRONG_BASIN,False,3.8946742084722668,0.33578090959303336,186.9726320001064,fast_livo2_lio,trajectory_pass_02,headland_turn_02,HEADLAND_03,1.9900479316711426,225.99004793167114,True
MIDDLE_02,row_middle,,146,3,False,NO_CONVERGENCE,False,False,False,,,,False,,,,,,,,,,,,,,,,,,,False,,False,,,,,,312.1790770019288,fast_livo2_lio,trajectory_pass_02,UNKNOWN,,,,False
MIDDLE_02,row_middle,,146,5,True,,True,True,True,0.02458943728725117,0.02525737681845911,0.35088404279815494,True,"{""qw"": 0.950666, ""qx"": -0.0899439, ""qy"": 0.248509, ""qz"": 0.162444, ""x"": 13, ""y"": 0, ""z"": 0}","{""qw"": 0.946441, ""qx"": -0.0324803, ""qy"": 0.282783, ""qz"": 0.152408, ""x"": 12.9261, ""y"": 0.60691, ""z"": 0.278109}",0.6324365667266175,0.6885814831199736,1.3673161885190186,0.990737,235.171,0.464677,0.90165,805.pcd,805,,,,,,,,False,,True,True,,True,0.012309932099010022,0.2565523744594835,383.91775600030087,fast_livo2_lio,trajectory_pass_02,trajectory_pass_12,MIDDLE_04,-7.211927652359009,427.788072347641,True
MIDDLE_03,row_middle,,423,1,True,FALSE_RELOCALIZATION,False,False,False,3.9319876940589977,3.9332084612787153,2.2666495505102593,True,"{""qw"": 0.953084, ""qx"": -0.0517955, ""qy"": 0.272655, ""qz"": 0.120863, ""x"": 7.5, ""y"": -10, ""z"": 0}","{""qw"": 0.954562, ""qx"": -0.0326263, ""qy"": 0.261736, ""qz"": 0.138712, ""x"": 7.472, ""y"": -10.0645, ""z"": 0.0932956}",3.881614988427597,3.8863252808508486,5.176622130900099,1.0,38.6483,0.251133,0.831633,405.pcd,405,,,,,,,,False,,True,True,WRONG_BASIN,False,3.9101882170028515,1.7894268262314723,607.1834160029539,fast_livo2_lio,trajectory_pass_06,headland_turn_02,HEADLAND_03,1.9900479316711426,225.99004793167114,True
MIDDLE_03,row_middle,,423,3,False,NO_CONVERGENCE,False,False,False,,,,False,,,,,,,,,,,,,,,,,,,False,,False,,,,,,373.8724059985543,fast_livo2_lio,trajectory_pass_06,UNKNOWN,,,,False
MIDDLE_03,row_middle,,423,5,False,NO_CONVERGENCE,False,False,False,,,,False,,,,,,,,,,,,,,,,,,,False,,False,,,,,,512.9890099997283,fast_livo2_lio,trajectory_pass_06,UNKNOWN,,,,False
MIDDLE_04,row_middle,,819,1,True,FALSE_RELOCALIZATION,False,False,False,4.366611153008203,4.367477994326824,0.004483087589884341,True,"{""qw"": 0.900808, ""qx"": -0.0595899, ""qy"": 0.279848, ""qz"": 0.326618, ""x"": 16, ""y"": -18.5, ""z"": 0}","{""qw"": 0.929483, ""qx"": -0.0603122, ""qy"": 0.26255, ""qz"": 0.251974, ""x"": 16.5852, ""y"": -18.5861, ""z"": 0.150754}",4.882714420934163,4.888500049688854,10.67318073958538,0.997952,154.637,0.3755,0.922067,815.pcd,815,,,,,,,,False,,True,False,NO_CONVERGENCE,False,4.924705802426265,0.23056553097272658,299.4278949990985,fast_livo2_lio,trajectory_pass_12,trajectory_pass_12,MIDDLE_04,-2.211852788925171,432.78814721107483,False
MIDDLE_04,row_middle,,819,3,True,FALSE_RELOCALIZATION,False,False,False,3.9282514938891526,3.929080026042117,0.1279587206158407,True,"{""qw"": 0.938188, ""qx"": -0.0592836, ""qy"": 0.255229, ""qz"": 0.226158, ""x"": 17, ""y"": -18.5, ""z"": 0}","{""qw"": 0.92994, ""qx"": -0.0593113, ""qy"": 0.262304, ""qz"": 0.250781, ""x"": 16.986, ""y"": -18.4083, ""z"": 0.157081}",3.9515685540299614,3.958715278547819,3.527364032317387,1.0,107.595,0.46229,0.945556,812.pcd,812,,,,,,,,False,,True,True,WRONG_BASIN,False,3.9997957107727857,0.11948030908605968,269.2316619977646,fast_livo2_lio,trajectory_pass_12,trajectory_pass_12,MIDDLE_04,-3.711867332458496,431.2881326675415,False
MIDDLE_04,row_middle,,819,5,False,NO_CONVERGENCE,False,False,False,,,,False,,,,,,,,,,,,,,,,,,,False,,False,,,,,,521.9581249984913,fast_livo2_lio,trajectory_pass_12,UNKNOWN,,,,False
END_01,row_end,,46,1,False,NO_CONVERGENCE,False,False,False,,,,False,,,,,,,,,,,,,,,,,,,False,,False,,,,,,301.50601800050936,fast_livo2_lio,trajectory_pass_00,UNKNOWN,,,,False
END_01,row_end,,46,3,False,NO_CONVERGENCE,False,False,False,,,,False,,,,,,,,,,,,,,,,,,,False,,False,,,,,,353.8351850002073,fast_livo2_lio,trajectory_pass_00,UNKNOWN,,,,False
END_01,row_end,,46,5,False,NO_CONVERGENCE,False,False,False,,,,False,,,,,,,,,,,,,,,,,,,False,,False,,,,,,349.44103700036067,fast_livo2_lio,trajectory_pass_00,UNKNOWN,,,,False
END_02,row_end,,169,1,False,NO_CONVERGENCE,False,False,False,,,,False,,,,,,,,,,,,,,,,,,,False,,False,,,,,,376.8271260014444,fast_livo2_lio,trajectory_pass_02,UNKNOWN,,,,False
END_02,row_end,,169,3,False,NO_CONVERGENCE,False,False,False,,,,False,,,,,,,,,,,,,,,,,,,False,,False,,,,,,700.6406349973986,fast_livo2_lio,trajectory_pass_02,UNKNOWN,,,,False
END_02,row_end,,169,5,False,NO_CONVERGENCE,False,False,False,,,,False,,,,,,,,,,,,,,,,,,,False,,False,,,,,,496.9472019984096,fast_livo2_lio,trajectory_pass_02,UNKNOWN,,,,False
END_03,row_end,,455,1,False,NO_CONVERGENCE,False,False,False,,,,False,,,,,,,,,,,,,,,,,,,False,,False,,,,,,386.6521650015784,fast_livo2_lio,trajectory_pass_06,UNKNOWN,,,,False
END_03,row_end,,455,3,False,NO_CONVERGENCE,False,False,False,,,,False,,,,,,,,,,,,,,,,,,,False,,False,,,,,,269.87494000059087,fast_livo2_lio,trajectory_pass_06,UNKNOWN,,,,False
END_03,row_end,,455,5,False,NO_CONVERGENCE,False,False,False,,,,False,,,,,,,,,,,,,,,,,,,False,,False,,,,,,510.65164099782123,fast_livo2_lio,trajectory_pass_06,UNKNOWN,,,,False
END_04,row_end,,837,1,True,FALSE_RELOCALIZATION,False,False,False,16.54825284713616,16.55037969949178,32.76231409777348,True,"{""qw"": 0.892932, ""qx"": -0.0726841, ""qy"": 0.2516, ""qz"": 0.36618, ""x"": 14, ""y"": -16, ""z"": 0.5}","{""qw"": 0.872474, ""qx"": -0.0457197, ""qy"": 0.317731, ""qz"": 0.368436, ""x"": 13.7185, ""y"": -15.7671, ""z"": 0.344706}",16.309878458398536,16.310249585673233,28.95717782979972,0.979151,210.073,0.321875,0.947084,234.pcd,234,,,,,,,,False,,True,False,NO_CONVERGENCE,False,17.498681879701586,41.220882800686915,359.4340520030528,fast_livo2_lio,trajectory_pass_12,trajectory_pass_04,ENTRY_02,-25.334134578704834,139.66586542129517,True
END_04,row_end,,837,3,False,NO_CONVERGENCE,False,False,False,,,,False,,,,,,,,,,,,,,,,,,,False,,False,,,,,,382.9419889989367,fast_livo2_lio,trajectory_pass_12,UNKNOWN,,,,False
END_04,row_end,,837,5,False,NO_CONVERGENCE,False,False,False,,,,False,,,,,,,,,,,,,,,,,,,False,,False,,,,,,343.3648039972468,fast_livo2_lio,trajectory_pass_12,UNKNOWN,,,,False
HEADLAND_01,headland,,54,1,False,NO_CONVERGENCE,False,False,False,,,,False,,,,,,,,,,,,,,,,,,,False,,False,,,,,,295.18651900070836,fast_livo2_lio,headland_turn_00,UNKNOWN,,,,False
HEADLAND_01,headland,,54,3,True,FALSE_RELOCALIZATION,False,False,False,4.018746946767498,4.020025468128768,0.24777611352331008,True,"{""qw"": 0.860417, ""qx"": 0.0941447, ""qy"": 0.23407, ""qz"": -0.442752, ""x"": 21, ""y"": 7.5, ""z"": 0}","{""qw"": 0.841384, ""qx"": 0.160645, ""qy"": 0.221586, ""qz"": -0.46601, ""x"": 21.5366, ""y"": 7.54827, ""z"": 0.534609}",4.536779322294867,4.581140426804942,1.2725141748635902,0.967998,138.351,0.532611,0.848694,59.pcd,59,,,,,,,,False,,True,True,WRONG_BASIN,False,3.9818468083178304,0.32622260315516355,1021.3124250003602,fast_livo2_lio,headland_turn_00,headland_turn_00,HEADLAND_01,1.8917236328125,45.3917236328125,False
HEADLAND_01,headland,,54,5,True,,True,True,True,0.013823884181560595,0.017876349459859827,0.018014158284809463,True,"{""qw"": 0.822991, ""qx"": 0.0935528, ""qy"": 0.225756, ""qz"": -0.512804, ""x"": 25, ""y"": 8.5, ""z"": 0}","{""qw"": 0.842306, ""qx"": 0.160557, ""qy"": 0.222209, ""qz"": -0.464075, ""x"": 25.2508, ""y"": 9.07141, ""z"": 0.624654}",0.6181627476985896,0.8869082103276343,8.601977112791323,0.96798,165.111,0.605374,0.836051,1138.pcd,1138,,,,,,,,False,,True,True,,True,0.007318788976245265,0.01772502872218789,1119.8152729994035,fast_livo2_lio,headland_turn_00,trajectory_pass_14,ENTRY_04,117.11144495010376,597.1114449501038,True
HEADLAND_02,headland,,115,1,False,NO_CONVERGENCE,False,False,False,,,,False,,,,,,,,,,,,,,,,,,,False,,False,,,,,,253.06015399837634,fast_livo2_lio,headland_turn_01,UNKNOWN,,,,False
HEADLAND_02,headland,,115,3,False,NO_CONVERGENCE,False,False,False,,,,False,,,,,,,,,,,,,,,,,,,False,,False,,,,,,321.1598829984723,fast_livo2_lio,headland_turn_01,UNKNOWN,,,,False
HEADLAND_02,headland,,115,5,False,NO_CONVERGENCE,False,False,False,,,,False,,,,,,,,,,,,,,,,,,,False,,False,,,,,,536.2951389979571,fast_livo2_lio,headland_turn_01,UNKNOWN,,,,False
HEADLAND_03,headland,,398,1,True,FALSE_RELOCALIZATION,False,False,False,17.136992444295476,17.136992555966177,137.29164284538385,True,"{""qw"": 0.947396, ""qx"": -0.0181021, ""qy"": 0.272542, ""qz"": 0.166835, ""x"": 20, ""y"": -11, ""z"": -0.5}","{""qw"": 0.973822, ""qx"": -0.0698029, ""qy"": 0.158716, ""qz"": 0.146995, ""x"": 20.6704, ""y"": -11.0276, ""z"": 0.0816598}",16.46604285134819,16.47624420929496,142.0939467350676,0.944146,170.94,0.477079,0.902169,963.pcd,963,,,,,,,,False,,True,False,NO_CONVERGENCE,False,15.826660833205857,128.63763975819114,321.86546299999463,fast_livo2_lio,headland_turn_02,trajectory_pass_14,ENTRY_04,21.087400913238525,501.0874009132385,True
HEADLAND_03,headland,,398,3,False,NO_CONVERGENCE,False,False,False,,,,False,,,,,,,,,,,,,,,,,,,False,,False,,,,,,297.77347599883797,fast_livo2_lio,headland_turn_02,UNKNOWN,,,,False
HEADLAND_03,headland,,398,5,True,FALSE_RELOCALIZATION,False,False,False,14.708420169960151,14.709796874182713,94.93994744547749,True,"{""qw"": 0.945113, ""qx"": 0.0682633, ""qy"": 0.269225, ""qz"": -0.172101, ""x"": 17, ""y"": -16, ""z"": -0.5}","{""qw"": 0.955201, ""qx"": -0.0410062, ""qy"": 0.21108, ""qz"": -0.20336, ""x"": 16.9596, ""y"": -16.2496, ""z"": 0.28095}",14.644595313061904,14.65606454493312,101.11445394029502,0.920339,450.048,0.285575,0.923281,14.pcd,14,,,,,,,,False,,True,True,WRONG_BASIN,False,15.996354886701422,91.58064884180445,607.6490560008097,fast_livo2_lio,headland_turn_02,trajectory_pass_00,MIDDLE_01,-5.133072376251221,19.86692762374878,True
HEADLAND_04,headland,,906,1,True,FALSE_RELOCALIZATION,False,False,False,19.60167617086795,19.606392585059897,72.99284924237082,True,"{""qw"": -0.0930423, ""qx"": -0.235239, ""qy"": -0.0132673, ""qz"": 0.967383, ""x"": 22.5, ""y"": -9.5, ""z"": -0.5}","{""qw"": -0.104572, ""qx"": -0.202409, ""qy"": 0.0127466, ""qz"": 0.973619, ""x"": 22.4182, ""y"": -9.9647, ""z"": -0.400109}",19.99950015350458,20.00651937110396,74.83700428523714,0.999079,75.4286,0.322742,0.917142,579.pcd,579,,,,,,,,False,,True,False,NO_CONVERGENCE,False,18.461306809238852,89.77366451983801,217.21682399947895,fast_livo2_lio,headland_turn_03,trajectory_pass_08,ENTRY_03,14.264183044433594,324.2641830444336,True
HEADLAND_04,headland,,906,3,True,FALSE_RELOCALIZATION,False,False,False,6.0029140709286954,6.005611584756241,0.6695445911321299,True,"{""qw"": 0.701676, ""qx"": 0.178476, ""qy"": 0.233262, ""qz"": -0.649143, ""x"": 12, ""y"": -19.5, ""z"": 0}","{""qw"": 0.652657, ""qx"": 0.225775, ""qy"": 0.197342, ""qz"": -0.695788, ""x"": 11.0019, ""y"": -18.6414, ""z"": 0.209897}",5.642682581909057,5.642761884629745,7.239698340265863,0.99885,116.999,0.272251,0.932666,789.pcd,789,,,,,,,,False,,True,True,WRONG_BASIN,False,6.092894493920429,0.4701588280444449,260.2122339994821,fast_livo2_lio,headland_turn_03,trajectory_pass_12,MIDDLE_04,-13.33683466911316,421.66316533088684,True
HEADLAND_04,headland,,906,5,True,FALSE_RELOCALIZATION,False,False,False,5.009655384251306,5.011118478589924,0.7750113899317372,True,"{""qw"": 0.666741, ""qx"": 0.19044, ""qy"": 0.223602, ""qz"": -0.684976, ""x"": 9, ""y"": -19.5, ""z"": 0}","{""qw"": 0.652275, ""qx"": 0.228743, ""qy"": 0.198509, ""qz"": -0.694844, ""x"": 9.2943, ""y"": -19.3232, ""z"": 0.151}",4.828918415864972,4.829011082357363,1.2397377658335638,0.997504,161.335,0.241905,0.926843,789.pcd,789,,,,,,,,False,,True,True,WRONG_BASIN,False,5.136952054324953,0.22301633743291208,308.41287200018996,fast_livo2_lio,headland_turn_03,trajectory_pass_12,MIDDLE_04,-13.33683466911316,421.66316533088684,True
