backend,experiment,scene_type,frames_from,frames_to,paired_perturbations,improved,unchanged,degraded,success_rate_from,success_rate_to
point_lio,LOCAL_GICP,ROW_ENTRY,1,3,500,52,440,8,0.296,0.384
point_lio,LOCAL_GICP,ROW_MIDDLE,1,3,500,46,422,32,0.34,0.368
point_lio,LOCAL_GICP,ROW_END,1,3,500,69,406,25,0.44,0.528
point_lio,LOCAL_GICP,HEADLAND,1,3,500,39,400,61,0.606,0.562
point_lio,LOCAL_GICP,ROW_ENTRY,3,5,500,18,450,32,0.384,0.356
point_lio,LOCAL_GICP,ROW_MIDDLE,3,5,500,34,436,30,0.368,0.376
point_lio,LOCAL_GICP,ROW_END,3,5,500,57,417,26,0.528,0.59
point_lio,LOCAL_GICP,HEADLAND,3,5,500,68,363,69,0.562,0.56
point_lio,LOCAL_GICP,ROW_ENTRY,1,5,500,41,448,11,0.296,0.356
point_lio,LOCAL_GICP,ROW_MIDDLE,1,5,500,44,430,26,0.34,0.376
point_lio,LOCAL_GICP,ROW_END,1,5,500,91,393,16,0.44,0.59
point_lio,LOCAL_GICP,HEADLAND,1,5,500,50,377,73,0.606,0.56
fast_livo2_lio,LOCAL_GICP,ROW_ENTRY,1,3,500,85,410,5,0.456,0.616
fast_livo2_lio,LOCAL_GICP,ROW_MIDDLE,1,3,500,79,414,7,0.378,0.522
fast_livo2_lio,LOCAL_GICP,ROW_END,1,3,500,17,480,3,0.796,0.824
fast_livo2_lio,LOCAL_GICP,HEADLAND,1,3,500,8,484,8,0.92,0.92
fast_livo2_lio,LOCAL_GICP,ROW_ENTRY,3,5,500,26,455,19,0.616,0.63
fast_livo2_lio,LOCAL_GICP,ROW_MIDDLE,3,5,500,38,453,9,0.522,0.58
fast_livo2_lio,LOCAL_GICP,ROW_END,3,5,500,15,483,2,0.824,0.85
fast_livo2_lio,LOCAL_GICP,HEADLAND,3,5,500,9,488,3,0.92,0.932
fast_livo2_lio,LOCAL_GICP,ROW_ENTRY,1,5,500,97,393,10,0.456,0.63
fast_livo2_lio,LOCAL_GICP,ROW_MIDDLE,1,5,500,104,393,3,0.378,0.58
fast_livo2_lio,LOCAL_GICP,ROW_END,1,5,500,29,469,2,0.796,0.85
fast_livo2_lio,LOCAL_GICP,HEADLAND,1,5,500,13,480,7,0.92,0.932
