scene_id,scene_type,bag_timestamp,elapsed_from_bag_start_s,physical_row_id,trajectory_row_group,selection_method,selection_confidence,notes
ENTRY_01,ROW_ENTRY,1767659518.1242228,11.77,UNKNOWN,trajectory_pass_00,timestamp-stratified using the same original bag timestamps; manually labelled on full time-coloured XY trajectories; straight-pass/headland phases checked against projected aisle-axis extrema on Point-LIO run 1,low_to_medium,initial straight-pass entry; trajectory-derived group
ENTRY_02,ROW_ENTRY,1767659671.3542228,165.0,UNKNOWN,trajectory_pass_04,timestamp-stratified using the same original bag timestamps; manually labelled on full time-coloured XY trajectories; straight-pass/headland phases checked against projected aisle-axis extrema on Point-LIO run 1,low_to_medium,"after low-u headland, entering next straight pass"
ENTRY_03,ROW_ENTRY,1767659816.3542228,310.0,UNKNOWN,trajectory_pass_08,timestamp-stratified using the same original bag timestamps; manually labelled on full time-coloured XY trajectories; straight-pass/headland phases checked against projected aisle-axis extrema on Point-LIO run 1,low_to_medium,"after low-u headland, entering next straight pass"
ENTRY_04,ROW_ENTRY,1767659986.3542228,480.0,UNKNOWN,trajectory_pass_14,timestamp-stratified using the same original bag timestamps; manually labelled on full time-coloured XY trajectories; straight-pass/headland phases checked against projected aisle-axis extrema on Point-LIO run 1,low_to_medium,"after low-u headland, entering next straight pass"
MIDDLE_01,ROW_MIDDLE,1767659531.3542228,25.0,UNKNOWN,trajectory_pass_00,timestamp-stratified using the same original bag timestamps; manually labelled on full time-coloured XY trajectories; straight-pass/headland phases checked against projected aisle-axis extrema on Point-LIO run 1,medium,middle of initial straight pass
MIDDLE_02,ROW_MIDDLE,1767659601.3542228,95.0,UNKNOWN,trajectory_pass_02,timestamp-stratified using the same original bag timestamps; manually labelled on full time-coloured XY trajectories; straight-pass/headland phases checked against projected aisle-axis extrema on Point-LIO run 1,medium,middle of straight pass after 80 s turn
MIDDLE_03,ROW_MIDDLE,1767659756.3542228,250.0,UNKNOWN,trajectory_pass_06,timestamp-stratified using the same original bag timestamps; manually labelled on full time-coloured XY trajectories; straight-pass/headland phases checked against projected aisle-axis extrema on Point-LIO run 1,medium,middle of straight pass after 224 s turn
MIDDLE_04,ROW_MIDDLE,1767659941.3542228,435.0,UNKNOWN,trajectory_pass_12,timestamp-stratified using the same original bag timestamps; manually labelled on full time-coloured XY trajectories; straight-pass/headland phases checked against projected aisle-axis extrema on Point-LIO run 1,medium,middle of straight pass after 421 s turn
END_01,ROW_END,1767659546.3542228,40.0,UNKNOWN,trajectory_pass_00,timestamp-stratified using the same original bag timestamps; manually labelled on full time-coloured XY trajectories; straight-pass/headland phases checked against projected aisle-axis extrema on Point-LIO run 1,low_to_medium,near high-u end before turn at 43.5 s
END_02,ROW_END,1767659614.3542228,108.0,UNKNOWN,trajectory_pass_02,timestamp-stratified using the same original bag timestamps; manually labelled on full time-coloured XY trajectories; straight-pass/headland phases checked against projected aisle-axis extrema on Point-LIO run 1,low_to_medium,near high-u end before turn at 111 s
END_03,ROW_END,1767659774.3542228,268.0,UNKNOWN,trajectory_pass_06,timestamp-stratified using the same original bag timestamps; manually labelled on full time-coloured XY trajectories; straight-pass/headland phases checked against projected aisle-axis extrema on Point-LIO run 1,low_to_medium,near high-u end before turn at 273.5 s
END_04,ROW_END,1767659951.3542228,445.0,UNKNOWN,trajectory_pass_12,timestamp-stratified using the same original bag timestamps; manually labelled on full time-coloured XY trajectories; straight-pass/headland phases checked against projected aisle-axis extrema on Point-LIO run 1,low_to_medium,near high-u end before turn at 448.5 s
HEADLAND_01,HEADLAND,1767659549.8542228,43.5,UNKNOWN,headland_turn_00,timestamp-stratified using the same original bag timestamps; manually labelled on full time-coloured XY trajectories; straight-pass/headland phases checked against projected aisle-axis extrema on Point-LIO run 1,medium,high-u turn apex following initial pass
HEADLAND_02,HEADLAND,1767659586.3542228,80.0,UNKNOWN,headland_turn_01,timestamp-stratified using the same original bag timestamps; manually labelled on full time-coloured XY trajectories; straight-pass/headland phases checked against projected aisle-axis extrema on Point-LIO run 1,medium,low-u turn apex
HEADLAND_03,HEADLAND,1767659730.3542228,224.0,UNKNOWN,headland_turn_02,timestamp-stratified using the same original bag timestamps; manually labelled on full time-coloured XY trajectories; straight-pass/headland phases checked against projected aisle-axis extrema on Point-LIO run 1,medium,low-u turn apex in lower-middle facility region
HEADLAND_04,HEADLAND,1767659981.8542228,475.5,UNKNOWN,headland_turn_03,timestamp-stratified using the same original bag timestamps; manually labelled on full time-coloured XY trajectories; straight-pass/headland phases checked against projected aisle-axis extrema on Point-LIO run 1,medium,low-u turn apex in lower facility region
