backend,scene_type,frames,scene_count,candidate_available,candidate_available_rate,global_nominal_successes,global_nominal_success_rate,bbs_score_median,normalized_margin_valid_count,normalized_margin_median,coarse_xy_error_m_median,cross_trajectory_group_candidate_count,cross_trajectory_group_candidate_denominator,physical_wrong_row_rate
point_lio,ROW_ENTRY,1,4,1,0.25,1,0.25,0.996771,0,,0.5040033182389716,0,1,NOT_AVAILABLE
point_lio,ROW_ENTRY,3,4,1,0.25,1,0.25,0.996837,0,,0.5040033182389716,0,1,NOT_AVAILABLE
point_lio,ROW_ENTRY,5,4,1,0.25,1,0.25,0.996933,0,,0.5040033182389716,0,1,NOT_AVAILABLE
point_lio,ROW_MIDDLE,1,4,1,0.25,0,0.0,0.969772,0,,16.265378466784416,0,1,NOT_AVAILABLE
point_lio,ROW_MIDDLE,3,4,2,0.5,0,0.0,0.9830335,0,,12.264888996864645,1,2,NOT_AVAILABLE
point_lio,ROW_MIDDLE,5,4,1,0.25,0,0.0,0.964446,0,,15.16024643522704,0,1,NOT_AVAILABLE
point_lio,ROW_END,1,4,2,0.5,0,0.0,0.974961,0,,7.106689090770168,2,2,NOT_AVAILABLE
point_lio,ROW_END,3,4,1,0.25,0,0.0,0.927831,0,,5.072600552356686,1,1,NOT_AVAILABLE
point_lio,ROW_END,5,4,0,0.0,0,0.0,,0,,,0,0,NOT_AVAILABLE
point_lio,HEADLAND,1,4,1,0.25,0,0.0,0.991416,0,,26.738766572499387,1,1,NOT_AVAILABLE
point_lio,HEADLAND,3,4,0,0.0,0,0.0,,0,,,0,0,NOT_AVAILABLE
point_lio,HEADLAND,5,4,2,0.5,0,0.0,0.96871,0,,7.83899632091415,2,2,NOT_AVAILABLE
fast_livo2_lio,ROW_ENTRY,1,4,1,0.25,0,0.0,0.982465,0,,14.71705903990304,0,1,NOT_AVAILABLE
fast_livo2_lio,ROW_ENTRY,3,4,1,0.25,0,0.0,0.973835,0,,9.79687106131875,0,1,NOT_AVAILABLE
fast_livo2_lio,ROW_ENTRY,5,4,4,1.0,1,0.25,0.9876655,0,,7.390598559645377,3,4,NOT_AVAILABLE
fast_livo2_lio,ROW_MIDDLE,1,4,3,0.75,0,0.0,1.0,0,,3.881614988427597,2,3,NOT_AVAILABLE
fast_livo2_lio,ROW_MIDDLE,3,4,2,0.5,0,0.0,0.9369460000000001,0,,4.210904376579885,0,2,NOT_AVAILABLE
fast_livo2_lio,ROW_MIDDLE,5,4,2,0.5,1,0.25,0.9292455,0,,2.5513383829282135,1,2,NOT_AVAILABLE
fast_livo2_lio,ROW_END,1,4,1,0.25,0,0.0,0.979151,0,,16.309878458398536,1,1,NOT_AVAILABLE
fast_livo2_lio,ROW_END,3,4,0,0.0,0,0.0,,0,,,0,0,NOT_AVAILABLE
fast_livo2_lio,ROW_END,5,4,0,0.0,0,0.0,,0,,,0,0,NOT_AVAILABLE
fast_livo2_lio,HEADLAND,1,4,2,0.5,0,0.0,0.9716125,0,,18.232771502426385,2,2,NOT_AVAILABLE
fast_livo2_lio,HEADLAND,3,4,2,0.5,0,0.0,0.9834240000000001,0,,5.089730952101962,1,2,NOT_AVAILABLE
fast_livo2_lio,HEADLAND,5,4,3,0.75,1,0.25,0.96798,0,,4.828918415864972,3,3,NOT_AVAILABLE
